request_id,first_team,final_team,transfers,resolved_at
SR500000,Product Advice,Product Advice,0,2025-04-01 11:04
SR500001,Billing,Billing,0,2025-03-31 22:41
SR500002,Billing,Warranty Claims,1,2025-04-01 13:26
SR500003,Consumables,Consumables,0,2025-04-01 11:07
SR500004,Repairs,Repairs,1,2025-04-01 09:18
SR500005,Consumables,Consumables,0,2025-04-01 12:46
SR500006,Installations,Installations,0,2025-04-01 16:43
SR500007,Billing,Billing,0,2025-04-01 07:06
SR500008,Billing,Warranty Claims,1,2025-04-01 16:38
SR500009,Consumables,Consumables,0,2025-04-02 06:52
SR500010,Returns & Replacement,Returns & Replacement,0,2025-04-01 11:28
SR500011,Product Advice,Product Advice,0,2025-04-01 11:38
SR500012,Repairs,Product Advice,1,2025-04-02 04:26
SR500013,Returns & Replacement,Returns & Replacement,0,2025-04-02 04:11
SR500014,Product Advice,Product Advice,0,2025-04-01 10:47
SR500015,Consumables,Consumables,0,2025-04-01 12:31
SR500016,Installations,Installations,0,2025-04-03 05:00
SR500017,Warranty Claims,Warranty Claims,0,2025-04-02 01:20
SR500018,Installations,Installations,0,2025-04-01 19:07
SR500019,Product Advice,Product Advice,0,2025-04-01 14:44
SR500020,Repairs,Repairs,0,2025-04-01 15:01
SR500021,Billing,Billing,1,2025-04-02 07:21
SR500022,Returns & Replacement,Returns & Replacement,0,2025-04-01 22:00
SR500023,Billing,Repairs,2,2025-04-03 12:54
SR500024,Repairs,Repairs,0,2025-04-02 00:28
SR500025,Repairs,Repairs,0,2025-04-02 17:21
SR500026,Returns & Replacement,Returns & Replacement,0,2025-04-02 08:36
SR500027,Installations,Installations,0,2025-04-02 21:21
SR500028,Returns & Replacement,Returns & Replacement,0,2025-04-02 12:54
SR500029,Returns & Replacement,Returns & Replacement,0,2025-04-02 01:42
SR500030,Warranty Claims,Warranty Claims,0,2025-04-03 01:41
SR500031,Repairs,Product Advice,2,2025-04-02 16:26
SR500032,Consumables,Consumables,0,2025-04-02 14:50
SR500033,Warranty Claims,Installations,1,2025-04-02 10:05
SR500034,Repairs,Repairs,0,2025-04-02 16:29
SR500035,Installations,Installations,0,2025-04-02 10:31
SR500036,Repairs,Repairs,0,2025-04-02 20:08
SR500037,Consumables,Consumables,0,2025-04-02 18:21
SR500038,Installations,Installations,0,2025-04-02 16:30
SR500039,Consumables,Consumables,0,2025-04-02 12:58
SR500040,Repairs,Repairs,0,2025-04-02 13:24
SR500041,Consumables,Warranty Claims,1,2025-04-04 06:27
SR500042,Warranty Claims,Warranty Claims,1,2025-04-02 18:04
SR500043,Billing,Billing,0,2025-04-04 15:47
SR500044,Repairs,Repairs,0,2025-04-02 18:52
SR500045,Installations,Installations,0,2025-04-05 02:19
SR500046,Returns & Replacement,Returns & Replacement,0,2025-04-02 22:25
SR500047,Repairs,Repairs,0,2025-04-03 00:10
SR500048,Repairs,Billing,2,2025-04-04 11:20
SR500049,Repairs,Repairs,0,2025-04-03 13:50
SR500050,Returns & Replacement,Returns & Replacement,0,2025-04-03 08:46
SR500051,Consumables,Repairs,1,2025-04-03 04:26
SR500052,Repairs,Warranty Claims,1,2025-04-03 15:44
SR500053,Warranty Claims,Warranty Claims,0,2025-04-03 08:12
SR500054,Repairs,Warranty Claims,1,2025-04-03 13:03
SR500055,Billing,Repairs,2,2025-04-03 22:33
SR500056,Billing,Installations,1,2025-04-03 13:05
SR500057,Warranty Claims,Warranty Claims,0,2025-04-04 04:02
SR500058,Product Advice,Product Advice,0,2025-04-03 17:16
SR500059,Returns & Replacement,Returns & Replacement,0,2025-04-04 16:01
SR500060,Billing,Billing,0,2025-04-03 07:23
SR500061,Warranty Claims,Warranty Claims,0,2025-04-04 03:47
SR500062,Billing,Installations,1,2025-04-03 13:11
SR500063,Installations,Installations,0,2025-04-04 02:22
SR500064,Billing,Billing,0,2025-04-04 05:17
SR500065,Warranty Claims,Warranty Claims,0,2025-04-04 02:57
SR500066,Billing,Billing,0,2025-04-04 02:21
SR500067,Installations,Installations,0,2025-04-04 03:52
SR500068,Billing,Repairs,2,2025-04-04 15:04
SR500069,Returns & Replacement,Returns & Replacement,0,2025-04-04 04:41
SR500070,Repairs,Repairs,0,2025-04-03 21:54
SR500071,Warranty Claims,Warranty Claims,1,2025-04-04 07:08
SR500072,Product Advice,Product Advice,0,2025-04-04 04:34
SR500073,Repairs,Product Advice,2,2025-04-07 20:02
SR500074,Product Advice,Product Advice,0,2025-04-03 23:03
SR500075,Repairs,Repairs,0,2025-04-04 10:36
SR500076,Warranty Claims,Warranty Claims,0,2025-04-04 10:14
SR500077,Product Advice,Product Advice,0,2025-04-04 15:46
SR500078,Warranty Claims,Warranty Claims,0,2025-04-04 08:51
SR500079,Installations,Installations,0,2025-04-05 07:38
SR500080,Repairs,Repairs,0,2025-04-04 14:33
SR500081,Warranty Claims,Warranty Claims,0,2025-04-04 08:45
SR500082,Billing,Billing,0,2025-04-05 03:21
SR500083,Warranty Claims,Warranty Claims,0,2025-04-05 14:17
SR500084,Billing,Billing,0,2025-04-04 13:25
SR500085,Consumables,Product Advice,2,2025-04-04 21:44
SR500086,Installations,Installations,0,2025-04-05 01:43
SR500087,Billing,Repairs,1,2025-04-04 18:24
SR500088,Consumables,Consumables,0,2025-04-04 23:04
SR500089,Returns & Replacement,Returns & Replacement,0,2025-04-05 09:07
SR500090,Repairs,Repairs,0,2025-04-04 23:37
SR500091,Product Advice,Product Advice,0,2025-04-04 23:28
SR500092,Product Advice,Product Advice,0,2025-04-05 01:38
SR500093,Consumables,Returns & Replacement,1,2025-04-05 07:34
SR500094,Installations,Installations,0,2025-04-04 23:41
SR500095,Repairs,Warranty Claims,2,2025-04-05 21:11
SR500096,Product Advice,Product Advice,0,2025-04-05 08:06
SR500097,Billing,Billing,0,2025-04-05 03:25
SR500098,Installations,Repairs,2,2025-04-07 13:44
SR500099,Warranty Claims,Warranty Claims,0,2025-04-05 06:15
SR500100,Product Advice,Product Advice,0,2025-04-05 09:25
SR500101,Installations,Installations,0,2025-04-05 08:29
SR500102,Returns & Replacement,Returns & Replacement,0,2025-04-05 12:08
SR500103,Billing,Billing,0,2025-04-05 12:28
SR500104,Billing,Returns & Replacement,2,2025-04-06 07:22
SR500105,Repairs,Billing,2,2025-04-05 18:36
SR500106,Billing,Billing,0,2025-04-06 02:09
SR500107,Repairs,Repairs,0,2025-04-05 20:21
SR500108,Repairs,Installations,2,2025-04-06 17:08
SR500109,Installations,Installations,0,2025-04-05 22:10
SR500110,Repairs,Repairs,0,2025-04-05 16:38
SR500111,Repairs,Repairs,0,2025-04-05 22:39
SR500112,Consumables,Consumables,0,2025-04-06 15:22
SR500113,Installations,Installations,0,2025-04-06 05:16
SR500114,Repairs,Returns & Replacement,2,2025-04-06 20:31
SR500115,Billing,Billing,0,2025-04-06 07:07
SR500116,Repairs,Returns & Replacement,1,2025-04-07 03:49
SR500117,Consumables,Consumables,0,2025-04-06 04:26
SR500118,Warranty Claims,Warranty Claims,0,2025-04-06 01:24
SR500119,Consumables,Repairs,1,2025-04-07 21:16
SR500120,Repairs,Repairs,0,2025-04-06 09:39
SR500121,Installations,Installations,0,2025-04-07 02:52
SR500122,Billing,Installations,1,2025-04-06 10:31
SR500123,Warranty Claims,Warranty Claims,0,2025-04-06 09:47
SR500124,Returns & Replacement,Returns & Replacement,0,2025-04-06 07:14
SR500125,Consumables,Consumables,1,2025-04-06 10:17
SR500126,Product Advice,Product Advice,0,2025-04-06 17:18
SR500127,Product Advice,Product Advice,0,2025-04-07 08:21
SR500128,Installations,Installations,0,2025-04-06 10:31
SR500129,Repairs,Warranty Claims,2,2025-04-06 13:47
SR500130,Repairs,Repairs,0,2025-04-06 15:45
SR500131,Warranty Claims,Warranty Claims,0,2025-04-06 14:20
SR500132,Repairs,Repairs,0,2025-04-06 14:58
SR500133,Repairs,Repairs,0,2025-04-07 11:00
SR500134,Warranty Claims,Warranty Claims,0,2025-04-06 22:04
SR500135,Consumables,Consumables,1,2025-04-06 22:05
SR500136,Warranty Claims,Repairs,0,2025-04-06 18:00
SR500137,Warranty Claims,Consumables,2,2025-04-07 05:34
SR500138,Warranty Claims,Warranty Claims,0,2025-04-06 18:08
SR500139,Returns & Replacement,Returns & Replacement,0,2025-04-08 17:54
SR500140,Repairs,Repairs,0,2025-04-06 21:01
SR500141,Installations,Installations,0,2025-04-06 23:20
SR500142,Billing,Billing,0,2025-04-06 20:10
SR500143,Product Advice,Product Advice,0,2025-04-07 12:16
SR500144,Repairs,Repairs,0,2025-04-06 20:45
SR500145,Repairs,Installations,1,2025-04-07 00:07
SR500146,Warranty Claims,Warranty Claims,0,2025-04-07 09:51
SR500147,Returns & Replacement,Returns & Replacement,0,2025-04-06 22:43
SR500148,Returns & Replacement,Returns & Replacement,0,2025-04-07 09:39
SR500149,Product Advice,Product Advice,0,2025-04-07 06:42
SR500150,Warranty Claims,Warranty Claims,0,2025-04-07 06:57
SR500151,Repairs,Consumables,1,2025-04-07 07:11
SR500152,Billing,Repairs,2,2025-04-08 07:03
SR500153,Billing,Returns & Replacement,1,2025-04-10 15:12
SR500154,Repairs,Repairs,0,2025-04-10 05:06
SR500155,Repairs,Repairs,0,2025-04-07 10:12
SR500156,Repairs,Repairs,0,2025-04-07 14:50
SR500157,Warranty Claims,Warranty Claims,0,2025-04-07 15:29
SR500158,Returns & Replacement,Returns & Replacement,0,2025-04-07 16:01
SR500159,Returns & Replacement,Returns & Replacement,0,2025-04-07 12:58
SR500160,Consumables,Repairs,2,2025-04-07 19:51
SR500161,Consumables,Repairs,2,2025-04-08 08:42
SR500162,Consumables,Consumables,0,2025-04-08 00:21
SR500163,Returns & Replacement,Returns & Replacement,0,2025-04-07 18:36
SR500164,Product Advice,Product Advice,0,2025-04-08 04:20
SR500165,Returns & Replacement,Returns & Replacement,0,2025-04-08 17:33
SR500166,Installations,Installations,0,2025-04-08 00:47
SR500167,Consumables,Product Advice,1,2025-04-08 10:08
SR500168,Returns & Replacement,Returns & Replacement,0,2025-04-08 08:15
SR500169,Consumables,Consumables,0,2025-04-08 00:03
SR500170,Billing,Billing,0,2025-04-08 00:07
SR500171,Consumables,Warranty Claims,1,2025-04-07 22:26
SR500172,Repairs,Repairs,0,2025-04-08 00:22
SR500173,Consumables,Consumables,0,2025-04-07 23:48
SR500174,Billing,Billing,0,2025-04-08 12:09
SR500175,Repairs,Product Advice,2,2025-04-08 09:56
SR500176,Repairs,Repairs,0,2025-04-08 05:59
SR500177,Warranty Claims,Warranty Claims,0,2025-04-08 17:29
SR500178,Installations,Installations,0,2025-04-08 03:52
SR500179,Consumables,Consumables,0,2025-04-08 12:40
SR500180,Repairs,Repairs,0,2025-04-08 01:57
SR500181,Returns & Replacement,Returns & Replacement,0,2025-04-08 19:53
SR500182,Billing,Billing,0,2025-04-09 01:34
SR500183,Product Advice,Product Advice,0,2025-04-08 09:50
SR500184,Repairs,Returns & Replacement,1,2025-04-09 05:28
SR500185,Billing,Returns & Replacement,1,2025-04-08 09:24
SR500186,Repairs,Billing,2,2025-04-09 14:18
SR500187,Returns & Replacement,Returns & Replacement,0,2025-04-08 21:24
SR500188,Consumables,Consumables,0,2025-04-08 16:08
SR500189,Consumables,Consumables,0,2025-04-08 20:04
SR500190,Returns & Replacement,Returns & Replacement,0,2025-04-08 17:54
SR500191,Consumables,Consumables,0,2025-04-08 20:47
SR500192,Product Advice,Product Advice,1,2025-04-09 07:12
SR500193,Repairs,Warranty Claims,2,2025-04-09 01:58
SR500194,Repairs,Repairs,0,2025-04-08 16:03
SR500195,Warranty Claims,Warranty Claims,0,2025-04-08 18:50
SR500196,Consumables,Consumables,0,2025-04-08 23:16
SR500197,Returns & Replacement,Returns & Replacement,0,2025-04-10 03:40
SR500198,Repairs,Returns & Replacement,2,2025-04-09 11:31
SR500199,Consumables,Consumables,0,2025-04-09 01:08
SR500200,Product Advice,Product Advice,0,2025-04-11 04:55
SR500201,Consumables,Repairs,2,2025-04-09 15:19
SR500202,Billing,Billing,0,2025-04-09 15:53
SR500203,Installations,Installations,0,2025-04-09 03:58
SR500204,Product Advice,Product Advice,0,2025-04-09 09:06
SR500205,Returns & Replacement,Returns & Replacement,0,2025-04-09 03:37
SR500206,Consumables,Consumables,0,2025-04-09 09:37
SR500207,Repairs,Consumables,2,2025-04-10 01:14
SR500208,Warranty Claims,Warranty Claims,0,2025-04-09 20:42
SR500209,Product Advice,Product Advice,0,2025-04-09 11:52
SR500210,Repairs,Installations,2,2025-04-10 02:28
SR500211,Billing,Billing,0,2025-04-09 15:31
SR500212,Consumables,Installations,2,2025-04-09 15:13
SR500213,Consumables,Consumables,0,2025-04-09 13:44
SR500214,Product Advice,Product Advice,0,2025-04-09 17:33
SR500215,Warranty Claims,Warranty Claims,0,2025-04-09 14:58
SR500216,Installations,Installations,0,2025-04-09 14:49
SR500217,Consumables,Consumables,0,2025-04-09 16:07
SR500218,Product Advice,Product Advice,0,2025-04-09 14:27
SR500219,Repairs,Installations,2,2025-04-16 16:38
SR500220,Billing,Billing,0,2025-04-09 22:19
SR500221,Consumables,Repairs,2,2025-04-11 03:18
SR500222,Returns & Replacement,Returns & Replacement,0,2025-04-09 22:57
SR500223,Billing,Billing,0,2025-04-09 23:38
SR500224,Repairs,Installations,1,2025-04-09 22:34
SR500225,Installations,Installations,0,2025-04-11 23:37
SR500226,Repairs,Returns & Replacement,1,2025-04-10 04:07
SR500227,Warranty Claims,Warranty Claims,0,2025-04-10 02:21
SR500228,Installations,Installations,0,2025-04-10 04:04
SR500229,Consumables,Repairs,2,2025-04-11 17:48
SR500230,Returns & Replacement,Returns & Replacement,1,2025-04-12 04:44
SR500231,Product Advice,Product Advice,0,2025-04-10 01:01
SR500232,Repairs,Repairs,0,2025-04-10 04:06
SR500233,Repairs,Warranty Claims,2,2025-04-10 16:55
SR500234,Warranty Claims,Warranty Claims,0,2025-04-10 10:06
SR500235,Billing,Installations,2,2025-04-10 23:46
SR500236,Consumables,Consumables,1,2025-04-10 06:19
SR500237,Consumables,Repairs,1,2025-04-10 17:55
SR500238,Warranty Claims,Warranty Claims,0,2025-04-10 08:08
SR500239,Consumables,Consumables,0,2025-04-10 12:20
SR500240,Consumables,Consumables,0,2025-04-10 17:34
SR500241,Installations,Installations,0,2025-04-10 13:42
SR500242,Returns & Replacement,Returns & Replacement,0,2025-04-10 20:19
SR500243,Installations,Installations,0,2025-04-11 09:33
SR500244,Returns & Replacement,Returns & Replacement,0,2025-04-10 18:20
SR500245,Warranty Claims,Warranty Claims,1,2025-04-11 00:00
SR500246,Repairs,Repairs,0,2025-04-11 01:35
SR500247,Installations,Installations,0,2025-04-10 23:35
SR500248,Installations,Installations,0,2025-04-10 18:06
SR500249,Consumables,Consumables,0,2025-04-10 12:29
SR500250,Installations,Installations,0,2025-04-11 04:12
SR500251,Repairs,Consumables,2,2025-04-12 10:00
SR500252,Installations,Installations,0,2025-04-10 18:51
SR500253,Installations,Installations,1,2025-04-11 02:50
SR500254,Installations,Installations,0,2025-04-10 16:21
SR500255,Billing,Billing,0,2025-04-11 09:18
SR500256,Warranty Claims,Warranty Claims,0,2025-04-11 00:15
SR500257,Repairs,Repairs,0,2025-04-11 07:27
SR500258,Product Advice,Product Advice,1,2025-04-11 09:14
SR500259,Product Advice,Product Advice,1,2025-04-11 12:07
SR500260,Billing,Billing,0,2025-04-10 22:45
SR500261,Warranty Claims,Warranty Claims,0,2025-04-11 04:10
SR500262,Installations,Installations,0,2025-04-11 15:08
SR500263,Installations,Installations,0,2025-04-11 11:03
SR500264,Billing,Billing,0,2025-04-11 07:26
SR500265,Repairs,Repairs,0,2025-04-11 09:47
SR500266,Billing,Billing,0,2025-04-11 09:29
SR500267,Product Advice,Product Advice,1,2025-04-11 20:30
SR500268,Billing,Warranty Claims,2,2025-04-11 21:03
SR500269,Consumables,Consumables,1,2025-04-11 08:03
SR500270,Repairs,Repairs,0,2025-04-11 14:08
SR500271,Repairs,Repairs,0,2025-04-11 17:16
SR500272,Product Advice,Product Advice,0,2025-04-11 12:51
SR500273,Repairs,Installations,2,2025-04-13 23:58
SR500274,Consumables,Consumables,0,2025-04-11 18:03
SR500275,Billing,Billing,0,2025-04-12 00:04
SR500276,Warranty Claims,Warranty Claims,0,2025-04-12 00:38
SR500277,Installations,Installations,0,2025-04-11 19:02
SR500278,Billing,Billing,0,2025-04-11 20:24
SR500279,Installations,Installations,0,2025-04-12 01:13
SR500280,Billing,Installations,1,2025-04-12 12:20
SR500281,Billing,Billing,0,2025-04-11 19:23
SR500282,Billing,Billing,0,2025-04-11 20:53
SR500283,Repairs,Repairs,0,2025-04-12 03:24
SR500284,Repairs,Installations,1,2025-04-12 10:38
SR500285,Product Advice,Product Advice,0,2025-04-11 21:32
SR500286,Product Advice,Product Advice,0,2025-04-12 06:43
SR500287,Returns & Replacement,Returns & Replacement,0,2025-04-12 02:08
SR500288,Billing,Billing,0,2025-04-12 17:21
SR500289,Billing,Repairs,2,2025-04-12 14:37
SR500290,Product Advice,Product Advice,0,2025-04-11 23:24
SR500291,Repairs,Repairs,0,2025-04-12 06:45
SR500292,Repairs,Product Advice,2,2025-04-15 02:07
SR500293,Repairs,Billing,1,2025-04-12 06:26
SR500294,Repairs,Installations,2,2025-04-14 12:33
SR500295,Installations,Installations,0,2025-04-12 09:20
SR500296,Consumables,Repairs,1,2025-04-12 09:32
SR500297,Warranty Claims,Warranty Claims,0,2025-04-12 06:55
SR500298,Product Advice,Product Advice,0,2025-04-12 06:54
SR500299,Repairs,Repairs,0,2025-04-12 16:14
SR500300,Billing,Installations,1,2025-04-12 14:07
SR500301,Product Advice,Product Advice,0,2025-04-13 07:01
SR500302,Product Advice,Product Advice,0,2025-04-13 01:19
SR500303,Warranty Claims,Warranty Claims,0,2025-04-12 18:05
SR500304,Billing,Billing,0,2025-04-13 02:18
SR500305,Warranty Claims,Warranty Claims,0,2025-04-13 12:19
SR500306,Returns & Replacement,Returns & Replacement,0,2025-04-13 00:00
SR500307,Installations,Installations,0,2025-04-12 18:41
SR500308,Billing,Billing,0,2025-04-13 05:07
SR500309,Repairs,Billing,1,2025-04-13 02:28
SR500310,Returns & Replacement,Returns & Replacement,0,2025-04-12 21:36
SR500311,Repairs,Installations,1,2025-04-12 23:12
SR500312,Product Advice,Product Advice,0,2025-04-13 01:09
SR500313,Repairs,Repairs,0,2025-04-13 02:11
SR500314,Warranty Claims,Warranty Claims,0,2025-04-13 22:36
SR500315,Consumables,Consumables,0,2025-04-13 06:30
SR500316,Repairs,Repairs,0,2025-04-13 07:00
SR500317,Repairs,Repairs,0,2025-04-13 06:42
SR500318,Installations,Installations,0,2025-04-13 08:31
SR500319,Repairs,Repairs,0,2025-04-13 17:32
SR500320,Repairs,Installations,1,2025-04-13 10:32
SR500321,Repairs,Repairs,0,2025-04-13 09:29
SR500322,Repairs,Installations,1,2025-04-14 00:04
SR500323,Product Advice,Warranty Claims,0,2025-04-13 12:52
SR500324,Repairs,Consumables,2,2025-04-14 18:48
SR500325,Repairs,Repairs,0,2025-04-13 08:20
SR500326,Warranty Claims,Warranty Claims,0,2025-04-13 15:04
SR500327,Consumables,Billing,1,2025-04-13 13:59
SR500328,Warranty Claims,Warranty Claims,0,2025-04-13 16:58
SR500329,Product Advice,Product Advice,0,2025-04-14 22:38
SR500330,Billing,Warranty Claims,1,2025-04-13 16:43
SR500331,Returns & Replacement,Returns & Replacement,0,2025-04-13 17:24
SR500332,Consumables,Consumables,0,2025-04-13 17:03
SR500333,Warranty Claims,Warranty Claims,0,2025-04-14 01:08
SR500334,Consumables,Consumables,0,2025-04-14 02:33
SR500335,Consumables,Repairs,2,2025-04-14 19:04
SR500336,Billing,Billing,0,2025-04-13 22:36
SR500337,Installations,Installations,0,2025-04-14 06:12
SR500338,Billing,Billing,0,2025-04-14 10:41
SR500339,Billing,Repairs,1,2025-04-14 14:32
SR500340,Returns & Replacement,Returns & Replacement,0,2025-04-14 14:25
SR500341,Warranty Claims,Warranty Claims,0,2025-04-14 03:16
SR500342,Repairs,Repairs,0,2025-04-14 09:28
SR500343,Repairs,Warranty Claims,2,2025-04-14 17:54
SR500344,Repairs,Repairs,0,2025-04-14 05:47
SR500345,Warranty Claims,Warranty Claims,0,2025-04-14 10:00
SR500346,Returns & Replacement,Returns & Replacement,0,2025-04-14 10:02
SR500347,Repairs,Consumables,2,2025-04-14 19:15
SR500348,Product Advice,Product Advice,1,2025-04-15 17:11
SR500349,Billing,Billing,0,2025-04-14 11:46
SR500350,Repairs,Product Advice,0,2025-04-15 19:40
SR500351,Product Advice,Product Advice,0,2025-04-15 00:25
SR500352,Warranty Claims,Warranty Claims,0,2025-04-14 19:38
SR500353,Repairs,Repairs,0,2025-04-15 09:16
SR500354,Returns & Replacement,Returns & Replacement,0,2025-04-14 17:38
SR500355,Warranty Claims,Warranty Claims,0,2025-04-14 14:46
SR500356,Repairs,Repairs,0,2025-04-16 11:13
SR500357,Repairs,Repairs,0,2025-04-15 01:06
SR500358,Repairs,Warranty Claims,2,2025-04-15 02:41
SR500359,Warranty Claims,Warranty Claims,0,2025-04-14 15:31
SR500360,Repairs,Repairs,0,2025-04-14 21:22
SR500361,Repairs,Warranty Claims,2,2025-04-15 00:57
SR500362,Product Advice,Product Advice,0,2025-04-14 17:04
SR500363,Warranty Claims,Warranty Claims,0,2025-04-15 05:44
SR500364,Installations,Repairs,0,2025-04-14 22:59
SR500365,Warranty Claims,Warranty Claims,0,2025-04-15 07:08
SR500366,Repairs,Returns & Replacement,2,2025-04-15 08:34
SR500367,Billing,Returns & Replacement,2,2025-04-15 20:50
SR500368,Billing,Billing,0,2025-04-14 22:54
SR500369,Returns & Replacement,Returns & Replacement,0,2025-04-14 23:23
SR500370,Warranty Claims,Warranty Claims,0,2025-04-15 06:05
SR500371,Installations,Installations,0,2025-04-15 16:30
SR500372,Returns & Replacement,Returns & Replacement,0,2025-04-15 13:59
SR500373,Repairs,Repairs,0,2025-04-15 09:10
SR500374,Returns & Replacement,Returns & Replacement,0,2025-04-15 10:16
SR500375,Returns & Replacement,Returns & Replacement,0,2025-04-15 08:18
SR500376,Repairs,Repairs,0,2025-04-15 12:29
SR500377,Product Advice,Product Advice,0,2025-04-15 09:15
SR500378,Product Advice,Product Advice,0,2025-04-16 04:16
SR500379,Product Advice,Product Advice,0,2025-04-15 12:29
SR500380,Returns & Replacement,Returns & Replacement,0,2025-04-15 20:47
SR500381,Product Advice,Product Advice,0,2025-04-15 12:20
SR500382,Installations,Consumables,1,2025-04-15 13:20
SR500383,Warranty Claims,Warranty Claims,0,2025-04-15 20:31
SR500384,Billing,Billing,0,2025-04-16 06:20
SR500385,Product Advice,Product Advice,0,2025-04-15 22:13
SR500386,Warranty Claims,Warranty Claims,1,2025-04-16 15:04
SR500387,Returns & Replacement,Returns & Replacement,0,2025-04-16 02:11
SR500388,Repairs,Repairs,0,2025-04-16 06:24
SR500389,Warranty Claims,Warranty Claims,0,2025-04-16 03:30
SR500390,Product Advice,Repairs,2,2025-04-16 17:31
SR500391,Repairs,Warranty Claims,2,2025-04-18 09:19
SR500392,Product Advice,Product Advice,0,2025-04-16 13:43
SR500393,Consumables,Consumables,0,2025-04-17 02:56
SR500394,Warranty Claims,Warranty Claims,1,2025-04-16 11:13
SR500395,Repairs,Repairs,0,2025-04-16 11:35
SR500396,Repairs,Repairs,0,2025-04-16 08:43
SR500397,Product Advice,Product Advice,0,2025-04-17 06:02
SR500398,Repairs,Repairs,0,2025-04-16 08:43
SR500399,Returns & Replacement,Returns & Replacement,0,2025-04-16 14:13
SR500400,Product Advice,Product Advice,0,2025-04-16 21:41
SR500401,Billing,Billing,0,2025-04-16 16:31
SR500402,Product Advice,Product Advice,0,2025-04-16 22:44
SR500403,Billing,Billing,0,2025-04-16 17:18
SR500404,Repairs,Repairs,0,2025-04-16 09:15
SR500405,Repairs,Repairs,0,2025-04-16 11:36
SR500406,Consumables,Consumables,0,2025-04-16 12:00
SR500407,Installations,Installations,1,2025-04-17 15:03
SR500408,Repairs,Billing,2,2025-04-17 09:35
SR500409,Consumables,Consumables,0,2025-04-17 05:56
SR500410,Installations,Installations,0,2025-04-17 01:07
SR500411,Billing,Billing,0,2025-04-16 23:54
SR500412,Billing,Billing,1,2025-04-17 00:20
SR500413,Product Advice,Product Advice,0,2025-04-16 20:36
SR500414,Repairs,Repairs,0,2025-04-17 10:06
SR500415,Returns & Replacement,Returns & Replacement,0,2025-04-16 22:23
SR500416,Warranty Claims,Warranty Claims,0,2025-04-17 04:35
SR500417,Consumables,Consumables,0,2025-04-17 04:00
SR500418,Product Advice,Product Advice,1,2025-04-19 03:59
SR500419,Billing,Billing,0,2025-04-17 16:39
SR500420,Product Advice,Product Advice,0,2025-04-18 08:12
SR500421,Billing,Repairs,2,2025-04-18 17:20
SR500422,Consumables,Consumables,1,2025-04-17 10:21
SR500423,Repairs,Repairs,0,2025-04-17 09:01
SR500424,Product Advice,Product Advice,0,2025-04-17 11:51
SR500425,Consumables,Consumables,0,2025-04-18 10:38
SR500426,Consumables,Consumables,0,2025-04-17 13:31
SR500427,Installations,Installations,0,2025-04-17 10:31
SR500428,Billing,Billing,0,2025-04-17 21:38
SR500429,Warranty Claims,Warranty Claims,0,2025-04-17 13:30
SR500430,Consumables,Repairs,2,2025-04-17 13:40
SR500431,Consumables,Consumables,0,2025-04-17 23:46
SR500432,Returns & Replacement,Returns & Replacement,0,2025-04-18 02:30
SR500433,Repairs,Returns & Replacement,2,2025-04-19 02:45
SR500434,Billing,Billing,0,2025-04-17 21:26
SR500435,Billing,Billing,0,2025-04-17 18:19
SR500436,Repairs,Repairs,1,2025-04-18 02:14
SR500437,Warranty Claims,Warranty Claims,0,2025-04-18 03:35
SR500438,Repairs,Repairs,1,2025-04-17 18:10
SR500439,Warranty Claims,Warranty Claims,0,2025-04-17 18:51
SR500440,Returns & Replacement,Returns & Replacement,0,2025-04-18 03:39
SR500441,Returns & Replacement,Returns & Replacement,0,2025-04-18 09:10
SR500442,Consumables,Consumables,0,2025-04-18 01:44
SR500443,Billing,Billing,1,2025-04-18 10:11
SR500444,Product Advice,Product Advice,0,2025-04-19 02:01
SR500445,Installations,Installations,0,2025-04-19 01:48
SR500446,Consumables,Consumables,0,2025-04-18 10:51
SR500447,Installations,Installations,0,2025-04-18 06:18
SR500448,Returns & Replacement,Returns & Replacement,0,2025-04-18 21:43
SR500449,Billing,Billing,0,2025-04-18 15:16
SR500450,Repairs,Repairs,0,2025-04-18 09:27
SR500451,Consumables,Repairs,1,2025-04-18 11:45
SR500452,Product Advice,Product Advice,0,2025-04-19 00:47
SR500453,Installations,Installations,0,2025-04-18 11:29
SR500454,Returns & Replacement,Returns & Replacement,0,2025-04-19 11:35
SR500455,Consumables,Billing,1,2025-04-18 19:12
SR500456,Consumables,Consumables,0,2025-04-18 14:17
SR500457,Product Advice,Product Advice,0,2025-04-18 17:58
SR500458,Billing,Billing,0,2025-04-18 22:43
SR500459,Installations,Installations,0,2025-04-18 19:46
SR500460,Billing,Repairs,1,2025-04-18 22:03
SR500461,Consumables,Consumables,0,2025-04-18 23:00
SR500462,Warranty Claims,Warranty Claims,0,2025-04-18 22:19
SR500463,Product Advice,Product Advice,0,2025-04-18 20:52
SR500464,Returns & Replacement,Returns & Replacement,0,2025-04-18 23:12
SR500465,Repairs,Product Advice,2,2025-04-19 11:45
SR500466,Returns & Replacement,Returns & Replacement,0,2025-04-18 22:01
SR500467,Billing,Warranty Claims,2,2025-04-19 23:07
SR500468,Repairs,Warranty Claims,2,2025-04-19 07:05
SR500469,Warranty Claims,Warranty Claims,0,2025-04-19 11:53
SR500470,Installations,Installations,0,2025-04-19 10:54
SR500471,Returns & Replacement,Returns & Replacement,0,2025-04-19 02:45
SR500472,Repairs,Repairs,0,2025-04-19 10:36
SR500473,Warranty Claims,Warranty Claims,0,2025-04-19 03:19
SR500474,Returns & Replacement,Returns & Replacement,0,2025-04-19 12:36
SR500475,Repairs,Repairs,0,2025-04-19 08:28
SR500476,Returns & Replacement,Returns & Replacement,0,2025-04-19 11:16
SR500477,Billing,Billing,0,2025-04-20 01:01
SR500478,Repairs,Repairs,0,2025-04-19 05:41
SR500479,Warranty Claims,Warranty Claims,1,2025-04-19 13:06
SR500480,Repairs,Returns & Replacement,1,2025-04-20 05:18
SR500481,Consumables,Installations,1,2025-04-20 11:45
SR500482,Billing,Billing,0,2025-04-19 10:03
SR500483,Consumables,Consumables,0,2025-04-22 05:30
SR500484,Installations,Product Advice,2,2025-04-19 19:36
SR500485,Billing,Repairs,1,2025-04-20 21:33
SR500486,Warranty Claims,Warranty Claims,0,2025-04-19 15:35
SR500487,Product Advice,Product Advice,1,2025-04-19 18:39
SR500488,Consumables,Consumables,1,2025-04-20 00:16
SR500489,Installations,Installations,1,2025-04-20 16:52
SR500490,Repairs,Repairs,0,2025-04-19 18:13
SR500491,Installations,Installations,0,2025-04-20 02:56
SR500492,Returns & Replacement,Returns & Replacement,0,2025-04-20 00:25
SR500493,Consumables,Returns & Replacement,1,2025-04-21 01:31
SR500494,Repairs,Repairs,0,2025-04-20 03:53
SR500495,Warranty Claims,Warranty Claims,0,2025-04-20 09:06
SR500496,Warranty Claims,Repairs,0,2025-04-20 15:04
SR500497,Repairs,Repairs,0,2025-04-20 19:23
SR500498,Billing,Repairs,1,2025-04-20 02:38
SR500499,Repairs,Consumables,2,2025-04-20 21:54
SR500500,Repairs,Repairs,0,2025-04-20 00:46
SR500501,Consumables,Consumables,0,2025-04-21 06:03
SR500502,Returns & Replacement,Warranty Claims,0,2025-04-20 17:46
SR500503,Billing,Repairs,1,2025-04-20 20:10
SR500504,Consumables,Repairs,2,2025-04-20 19:24
SR500505,Installations,Installations,0,2025-04-20 09:29
SR500506,Repairs,Repairs,0,2025-04-20 04:50
SR500507,Installations,Installations,0,2025-04-21 07:41
SR500508,Repairs,Repairs,0,2025-04-20 19:11
SR500509,Repairs,Repairs,0,2025-04-22 07:16
SR500510,Installations,Installations,0,2025-04-20 20:03
SR500511,Warranty Claims,Warranty Claims,0,2025-04-20 16:59
SR500512,Installations,Installations,1,2025-04-21 05:33
SR500513,Consumables,Consumables,0,2025-04-21 09:11
SR500514,Returns & Replacement,Returns & Replacement,0,2025-04-21 06:39
SR500515,Repairs,Repairs,0,2025-04-21 06:50
SR500516,Installations,Installations,0,2025-04-21 03:25
SR500517,Warranty Claims,Warranty Claims,0,2025-04-21 08:26
SR500518,Returns & Replacement,Returns & Replacement,0,2025-04-21 07:32
SR500519,Billing,Billing,0,2025-04-21 07:44
SR500520,Installations,Installations,0,2025-04-21 23:18
SR500521,Billing,Warranty Claims,2,2025-04-22 03:34
SR500522,Product Advice,Product Advice,0,2025-04-21 15:04
SR500523,Repairs,Repairs,0,2025-04-21 14:30
SR500524,Consumables,Consumables,0,2025-04-21 14:04
SR500525,Billing,Billing,0,2025-04-21 12:44
SR500526,Returns & Replacement,Returns & Replacement,0,2025-04-21 14:22
SR500527,Product Advice,Product Advice,0,2025-04-21 18:37
SR500528,Warranty Claims,Warranty Claims,0,2025-04-21 11:58
SR500529,Billing,Warranty Claims,2,2025-04-23 10:32
SR500530,Product Advice,Product Advice,0,2025-04-22 09:47
SR500531,Consumables,Consumables,0,2025-04-21 22:57
SR500532,Repairs,Repairs,0,2025-04-22 02:22
SR500533,Consumables,Consumables,0,2025-04-21 21:18
SR500534,Installations,Installations,0,2025-04-21 21:25
SR500535,Consumables,Installations,1,2025-04-22 05:37
SR500536,Warranty Claims,Warranty Claims,0,2025-04-23 04:12
SR500537,Repairs,Repairs,0,2025-04-22 10:04
SR500538,Installations,Installations,0,2025-04-22 03:50
SR500539,Product Advice,Product Advice,0,2025-04-23 05:34
SR500540,Warranty Claims,Warranty Claims,0,2025-04-23 22:52
SR500541,Billing,Billing,0,2025-04-22 04:52
SR500542,Billing,Billing,0,2025-04-22 14:16
SR500543,Repairs,Repairs,0,2025-04-22 07:00
SR500544,Installations,Installations,0,2025-04-22 15:09
SR500545,Billing,Billing,0,2025-04-22 07:52
SR500546,Installations,Installations,0,2025-04-22 11:17
SR500547,Repairs,Repairs,0,2025-04-22 09:37
SR500548,Repairs,Returns & Replacement,1,2025-04-23 00:06
SR500549,Returns & Replacement,Returns & Replacement,0,2025-04-22 20:06
SR500550,Billing,Billing,0,2025-04-23 01:08
SR500551,Product Advice,Product Advice,1,2025-04-25 20:06
SR500552,Installations,Installations,0,2025-04-22 14:47
SR500553,Repairs,Repairs,0,2025-04-22 14:32
SR500554,Billing,Repairs,2,2025-04-23 16:24
SR500555,Repairs,Consumables,2,2025-04-23 17:02
SR500556,Consumables,Consumables,0,2025-04-22 16:57
SR500557,Consumables,Consumables,0,2025-04-22 22:15
SR500558,Billing,Billing,0,2025-04-22 22:44
SR500559,Returns & Replacement,Returns & Replacement,0,2025-04-24 07:32
SR500560,Warranty Claims,Warranty Claims,0,2025-04-23 04:14
SR500561,Repairs,Repairs,0,2025-04-23 08:20
SR500562,Product Advice,Product Advice,0,2025-04-23 08:18
SR500563,Product Advice,Product Advice,0,2025-04-23 09:37
SR500564,Consumables,Billing,2,2025-04-24 02:10
SR500565,Product Advice,Product Advice,0,2025-04-23 03:35
SR500566,Repairs,Repairs,0,2025-04-23 07:19
SR500567,Product Advice,Product Advice,0,2025-04-23 13:39
SR500568,Repairs,Repairs,0,2025-04-23 18:29
SR500569,Consumables,Consumables,0,2025-04-23 17:48
SR500570,Product Advice,Product Advice,1,2025-04-23 14:22
SR500571,Repairs,Returns & Replacement,0,2025-04-23 17:04
SR500572,Consumables,Consumables,0,2025-04-23 14:34
SR500573,Consumables,Consumables,0,2025-04-23 19:34
SR500574,Returns & Replacement,Returns & Replacement,0,2025-04-24 09:57
SR500575,Returns & Replacement,Returns & Replacement,0,2025-04-26 00:01
SR500576,Installations,Installations,0,2025-04-23 20:16
SR500577,Billing,Billing,0,2025-04-23 18:45
SR500578,Billing,Billing,0,2025-04-23 23:02
SR500579,Product Advice,Product Advice,0,2025-04-24 04:11
SR500580,Repairs,Repairs,0,2025-04-24 10:42
SR500581,Returns & Replacement,Returns & Replacement,0,2025-04-24 06:03
SR500582,Product Advice,Product Advice,0,2025-04-23 22:56
SR500583,Returns & Replacement,Returns & Replacement,0,2025-04-24 12:37
SR500584,Consumables,Warranty Claims,1,2025-04-24 23:50
SR500585,Billing,Billing,1,2025-04-25 06:38
SR500586,Billing,Returns & Replacement,2,2025-04-26 12:26
SR500587,Product Advice,Product Advice,0,2025-04-24 06:53
SR500588,Billing,Billing,0,2025-04-24 22:22
SR500589,Returns & Replacement,Returns & Replacement,0,2025-04-24 12:04
SR500590,Warranty Claims,Warranty Claims,0,2025-04-25 05:17
SR500591,Billing,Billing,0,2025-04-24 15:33
SR500592,Repairs,Repairs,0,2025-04-24 17:48
SR500593,Consumables,Consumables,0,2025-04-24 16:05
SR500594,Repairs,Repairs,0,2025-04-26 09:48
SR500595,Billing,Billing,0,2025-04-25 15:32
SR500596,Product Advice,Product Advice,0,2025-04-25 00:44
SR500597,Returns & Replacement,Returns & Replacement,0,2025-04-25 00:04
SR500598,Repairs,Returns & Replacement,2,2025-04-24 22:49
SR500599,Consumables,Consumables,0,2025-04-25 07:52
SR500600,Billing,Billing,0,2025-04-25 00:39
SR500601,Installations,Installations,0,2025-04-25 00:36
SR500602,Repairs,Repairs,0,2025-04-25 15:48
SR500603,Warranty Claims,Warranty Claims,0,2025-04-25 20:07
SR500604,Product Advice,Product Advice,0,2025-04-25 06:07
SR500605,Returns & Replacement,Returns & Replacement,0,2025-04-26 04:27
SR500606,Warranty Claims,Warranty Claims,0,2025-04-25 05:59
SR500607,Billing,Billing,0,2025-04-25 05:56
SR500608,Repairs,Repairs,0,2025-04-25 14:06
SR500609,Repairs,Installations,1,2025-04-27 21:02
SR500610,Consumables,Installations,1,2025-04-28 05:32
SR500611,Repairs,Repairs,0,2025-04-25 13:49
SR500612,Product Advice,Product Advice,0,2025-04-25 17:10
SR500613,Repairs,Returns & Replacement,1,2025-04-26 07:00
SR500614,Installations,Installations,0,2025-04-25 13:17
SR500615,Billing,Billing,0,2025-04-25 17:43
SR500616,Installations,Installations,0,2025-04-26 10:58
SR500617,Repairs,Warranty Claims,2,2025-04-26 22:10
SR500618,Repairs,Repairs,0,2025-04-25 17:56
SR500619,Repairs,Repairs,0,2025-04-25 15:21
SR500620,Repairs,Consumables,1,2025-04-25 22:45
SR500621,Installations,Installations,0,2025-04-25 19:02
SR500622,Repairs,Repairs,0,2025-04-25 18:44
SR500623,Consumables,Consumables,0,2025-04-25 17:49
SR500624,Returns & Replacement,Returns & Replacement,0,2025-04-25 23:30
SR500625,Repairs,Repairs,0,2025-04-25 23:50
SR500626,Product Advice,Product Advice,0,2025-04-26 04:07
SR500627,Returns & Replacement,Returns & Replacement,0,2025-04-26 00:34
SR500628,Repairs,Billing,2,2025-04-27 10:52
SR500629,Warranty Claims,Warranty Claims,0,2025-04-26 20:37
SR500630,Warranty Claims,Warranty Claims,0,2025-04-26 03:39
SR500631,Returns & Replacement,Returns & Replacement,0,2025-04-26 07:15
SR500632,Repairs,Product Advice,0,2025-04-26 12:00
SR500633,Consumables,Repairs,1,2025-04-26 16:38
SR500634,Product Advice,Warranty Claims,0,2025-04-26 17:45
SR500635,Installations,Installations,0,2025-04-26 11:19
SR500636,Repairs,Repairs,0,2025-04-26 20:40
SR500637,Installations,Installations,0,2025-04-26 15:14
SR500638,Repairs,Repairs,0,2025-04-26 22:25
SR500639,Warranty Claims,Warranty Claims,0,2025-04-28 07:49
SR500640,Installations,Installations,0,2025-04-26 15:32
SR500641,Warranty Claims,Warranty Claims,0,2025-04-28 04:51
SR500642,Repairs,Repairs,0,2025-04-27 01:06
SR500643,Repairs,Repairs,0,2025-04-27 07:50
SR500644,Repairs,Product Advice,1,2025-04-28 10:01
SR500645,Repairs,Billing,1,2025-04-27 17:04
SR500646,Billing,Repairs,2,2025-04-30 05:08
SR500647,Repairs,Repairs,0,2025-04-26 17:05
SR500648,Warranty Claims,Warranty Claims,0,2025-04-27 05:23
SR500649,Repairs,Installations,1,2025-04-27 13:08
SR500650,Product Advice,Product Advice,0,2025-04-28 05:51
SR500651,Repairs,Repairs,0,2025-04-27 05:38
SR500652,Repairs,Repairs,0,2025-04-27 02:44
SR500653,Billing,Billing,0,2025-04-27 05:21
SR500654,Consumables,Consumables,0,2025-04-27 11:48
SR500655,Warranty Claims,Warranty Claims,1,2025-04-30 04:58
SR500656,Consumables,Consumables,0,2025-04-27 14:28
SR500657,Repairs,Repairs,0,2025-04-27 10:40
SR500658,Product Advice,Product Advice,0,2025-04-27 08:47
SR500659,Repairs,Product Advice,2,2025-04-28 13:48
SR500660,Warranty Claims,Warranty Claims,0,2025-04-27 15:02
SR500661,Installations,Installations,0,2025-04-27 11:16
SR500662,Repairs,Product Advice,2,2025-04-30 04:35
SR500663,Returns & Replacement,Returns & Replacement,0,2025-04-27 15:35
SR500664,Installations,Installations,0,2025-04-27 17:02
SR500665,Repairs,Repairs,0,2025-04-27 19:16
SR500666,Consumables,Consumables,0,2025-04-28 01:35
SR500667,Product Advice,Product Advice,0,2025-04-27 20:36
SR500668,Repairs,Repairs,0,2025-04-28 04:22
SR500669,Installations,Installations,0,2025-04-27 17:43
SR500670,Repairs,Returns & Replacement,1,2025-04-27 17:45
SR500671,Returns & Replacement,Returns & Replacement,0,2025-04-28 05:23
SR500672,Repairs,Repairs,0,2025-04-29 13:16
SR500673,Billing,Billing,0,2025-04-28 15:57
SR500674,Consumables,Consumables,0,2025-04-28 01:45
SR500675,Returns & Replacement,Returns & Replacement,0,2025-04-28 18:21
SR500676,Billing,Billing,0,2025-04-28 07:38
SR500677,Repairs,Product Advice,2,2025-04-29 00:51
SR500678,Repairs,Repairs,0,2025-04-28 09:30
SR500679,Warranty Claims,Warranty Claims,0,2025-04-28 02:15
SR500680,Billing,Billing,0,2025-04-28 04:09
SR500681,Returns & Replacement,Returns & Replacement,0,2025-04-28 06:50
SR500682,Consumables,Repairs,1,2025-04-28 18:28
SR500683,Repairs,Repairs,0,2025-04-29 21:35
SR500684,Repairs,Repairs,0,2025-04-28 06:11
SR500685,Warranty Claims,Warranty Claims,0,2025-04-28 08:18
SR500686,Repairs,Repairs,0,2025-04-28 14:04
SR500687,Repairs,Billing,1,2025-04-28 17:58
SR500688,Repairs,Repairs,0,2025-04-29 06:16
SR500689,Repairs,Warranty Claims,2,2025-04-29 20:18
SR500690,Billing,Warranty Claims,1,2025-04-29 07:38
SR500691,Billing,Billing,0,2025-04-28 22:47
SR500692,Repairs,Repairs,0,2025-04-28 19:19
SR500693,Repairs,Repairs,0,2025-04-28 21:31
SR500694,Repairs,Repairs,0,2025-04-28 19:22
SR500695,Billing,Repairs,2,2025-05-01 15:32
SR500696,Returns & Replacement,Returns & Replacement,0,2025-04-29 01:34
SR500697,Consumables,Repairs,2,2025-04-30 17:54
SR500698,Warranty Claims,Warranty Claims,0,2025-04-29 08:32
SR500699,Billing,Billing,0,2025-04-29 05:49
SR500700,Consumables,Consumables,0,2025-04-29 05:19
SR500701,Billing,Billing,0,2025-04-29 09:51
SR500702,Returns & Replacement,Installations,0,2025-04-29 08:54
SR500703,Product Advice,Product Advice,0,2025-04-29 21:17
SR500704,Product Advice,Product Advice,0,2025-04-29 17:41
SR500705,Repairs,Repairs,0,2025-04-29 15:24
SR500706,Repairs,Repairs,0,2025-05-01 01:56
SR500707,Consumables,Warranty Claims,1,2025-04-29 17:42
SR500708,Returns & Replacement,Returns & Replacement,0,2025-04-29 20:29
SR500709,Returns & Replacement,Returns & Replacement,0,2025-04-29 19:43
SR500710,Repairs,Repairs,0,2025-04-29 18:45
SR500711,Installations,Installations,1,2025-04-30 03:35
SR500712,Consumables,Repairs,2,2025-04-30 00:43
SR500713,Consumables,Consumables,0,2025-04-30 00:39
SR500714,Returns & Replacement,Returns & Replacement,0,2025-04-29 15:43
SR500715,Repairs,Repairs,0,2025-04-29 21:48
SR500716,Consumables,Installations,1,2025-04-30 15:15
SR500717,Warranty Claims,Warranty Claims,0,2025-04-30 00:13
SR500718,Warranty Claims,Warranty Claims,0,2025-04-30 07:19
SR500719,Repairs,Product Advice,2,2025-04-30 18:35
SR500720,Product Advice,Product Advice,0,2025-04-30 09:57
SR500721,Repairs,Billing,1,2025-05-02 00:32
SR500722,Returns & Replacement,Returns & Replacement,0,2025-04-30 16:03
SR500723,Billing,Billing,0,2025-04-30 17:56
SR500724,Repairs,Product Advice,2,2025-05-01 02:39
SR500725,Product Advice,Product Advice,1,2025-05-01 01:06
SR500726,Product Advice,Product Advice,0,2025-05-01 16:58
SR500727,Product Advice,Product Advice,0,2025-04-30 16:13
SR500728,Warranty Claims,Warranty Claims,0,2025-05-02 03:30
SR500729,Returns & Replacement,Returns & Replacement,0,2025-04-30 19:17
SR500730,Installations,Installations,0,2025-05-01 04:06
SR500731,Repairs,Repairs,0,2025-04-30 21:31
SR500732,Repairs,Repairs,0,2025-05-01 06:57
SR500733,Repairs,Returns & Replacement,2,2025-05-02 01:11
SR500734,Repairs,Billing,1,2025-05-01 21:22
SR500735,Warranty Claims,Warranty Claims,0,2025-05-01 00:07
SR500736,Consumables,Consumables,0,2025-05-01 02:16
SR500737,Repairs,Repairs,0,2025-05-01 00:00
SR500738,Billing,Billing,0,2025-05-01 12:11
SR500739,Returns & Replacement,Returns & Replacement,0,2025-05-01 04:31
SR500740,Repairs,Installations,1,2025-05-02 00:14
SR500741,Repairs,Repairs,0,2025-05-01 10:38
SR500742,Billing,Repairs,1,2025-05-01 13:09
SR500743,Returns & Replacement,Returns & Replacement,0,2025-05-01 23:14
SR500744,Repairs,Consumables,2,2025-05-02 14:31
SR500745,Billing,Billing,0,2025-05-01 09:30
SR500746,Repairs,Repairs,0,2025-05-04 23:13
SR500747,Product Advice,Product Advice,0,2025-05-01 12:06
SR500748,Repairs,Repairs,0,2025-05-01 12:00
SR500749,Returns & Replacement,Returns & Replacement,0,2025-05-01 18:30
SR500750,Installations,Installations,0,2025-05-01 17:14
SR500751,Product Advice,Product Advice,0,2025-05-01 21:30
SR500752,Consumables,Repairs,1,2025-05-01 14:18
SR500753,Product Advice,Product Advice,0,2025-05-02 08:37
SR500754,Consumables,Consumables,0,2025-05-03 07:42
SR500755,Returns & Replacement,Returns & Replacement,0,2025-05-02 09:34
SR500756,Warranty Claims,Warranty Claims,0,2025-05-02 06:13
SR500757,Installations,Installations,0,2025-05-01 20:01
SR500758,Repairs,Repairs,0,2025-05-02 07:48
SR500759,Repairs,Repairs,0,2025-05-02 07:04
SR500760,Consumables,Repairs,2,2025-05-02 21:32
SR500761,Repairs,Repairs,0,2025-05-02 09:43
SR500762,Repairs,Repairs,0,2025-05-02 08:43
SR500763,Repairs,Repairs,0,2025-05-02 17:38
SR500764,Repairs,Repairs,0,2025-05-02 17:05
SR500765,Product Advice,Product Advice,0,2025-05-03 02:24
SR500766,Repairs,Repairs,0,2025-05-02 13:47
SR500767,Repairs,Billing,0,2025-05-03 08:40
SR500768,Repairs,Repairs,0,2025-05-02 17:23
SR500769,Billing,Billing,0,2025-05-02 15:21
SR500770,Consumables,Repairs,1,2025-05-03 05:35
SR500771,Consumables,Warranty Claims,1,2025-05-03 03:59
SR500772,Product Advice,Product Advice,0,2025-05-03 02:08
SR500773,Repairs,Consumables,1,2025-05-03 09:31
SR500774,Consumables,Consumables,0,2025-05-03 07:08
SR500775,Repairs,Installations,1,2025-05-02 22:06
SR500776,Repairs,Product Advice,1,2025-05-02 21:04
SR500777,Returns & Replacement,Returns & Replacement,0,2025-05-02 16:16
SR500778,Consumables,Warranty Claims,2,2025-05-02 19:59
SR500779,Repairs,Returns & Replacement,2,2025-05-03 20:13
SR500780,Returns & Replacement,Returns & Replacement,0,2025-05-03 06:23
SR500781,Repairs,Installations,1,2025-05-03 12:16
SR500782,Consumables,Consumables,0,2025-05-02 18:05
SR500783,Warranty Claims,Warranty Claims,0,2025-05-03 13:37
SR500784,Billing,Repairs,2,2025-05-04 07:20
SR500785,Consumables,Consumables,0,2025-05-02 23:59
SR500786,Product Advice,Product Advice,0,2025-05-03 09:50
SR500787,Repairs,Repairs,0,2025-05-02 23:34
SR500788,Repairs,Installations,1,2025-05-03 17:36
SR500789,Installations,Installations,0,2025-05-03 05:35
SR500790,Installations,Installations,0,2025-05-03 06:25
SR500791,Repairs,Repairs,0,2025-05-03 13:53
SR500792,Repairs,Product Advice,2,2025-05-03 20:57
SR500793,Warranty Claims,Warranty Claims,0,2025-05-03 12:01
SR500794,Product Advice,Product Advice,0,2025-05-03 06:40
SR500795,Returns & Replacement,Returns & Replacement,0,2025-05-03 20:53
SR500796,Consumables,Installations,1,2025-05-03 15:33
SR500797,Repairs,Repairs,0,2025-05-03 13:31
SR500798,Warranty Claims,Warranty Claims,0,2025-05-03 12:39
SR500799,Warranty Claims,Warranty Claims,0,2025-05-03 19:43
SR500800,Consumables,Repairs,1,2025-05-04 05:14
SR500801,Billing,Billing,0,2025-05-03 12:35
SR500802,Repairs,Installations,2,2025-05-04 12:46
SR500803,Installations,Installations,1,2025-05-03 20:29
SR500804,Repairs,Warranty Claims,2,2025-05-03 19:01
SR500805,Installations,Installations,0,2025-05-04 01:32
SR500806,Product Advice,Product Advice,0,2025-05-03 21:45
SR500807,Repairs,Repairs,0,2025-05-04 05:26
SR500808,Installations,Installations,0,2025-05-04 08:24
SR500809,Repairs,Repairs,0,2025-05-04 19:50
SR500810,Repairs,Repairs,1,2025-05-04 13:21
SR500811,Repairs,Repairs,0,2025-05-04 19:01
SR500812,Installations,Installations,1,2025-05-04 06:30
SR500813,Consumables,Repairs,1,2025-05-05 01:37
SR500814,Consumables,Consumables,0,2025-05-04 12:48
SR500815,Repairs,Repairs,0,2025-05-04 13:22
SR500816,Returns & Replacement,Returns & Replacement,0,2025-05-04 10:53
SR500817,Installations,Installations,0,2025-05-04 14:51
SR500818,Product Advice,Product Advice,0,2025-05-04 06:37
SR500819,Repairs,Repairs,0,2025-05-04 14:29
SR500820,Warranty Claims,Warranty Claims,0,2025-05-04 11:39
SR500821,Repairs,Repairs,0,2025-05-04 21:46
SR500822,Repairs,Repairs,0,2025-05-04 16:32
SR500823,Consumables,Consumables,0,2025-05-04 16:25
SR500824,Product Advice,Product Advice,0,2025-05-05 00:21
SR500825,Billing,Billing,0,2025-05-04 19:08
SR500826,Returns & Replacement,Returns & Replacement,0,2025-05-05 04:48
SR500827,Installations,Installations,0,2025-05-05 01:09
SR500828,Returns & Replacement,Returns & Replacement,0,2025-05-05 03:44
SR500829,Installations,Installations,0,2025-05-04 22:12
SR500830,Repairs,Installations,2,2025-05-06 06:52
SR500831,Product Advice,Product Advice,0,2025-05-04 19:44
SR500832,Installations,Installations,0,2025-05-04 20:27
SR500833,Installations,Installations,0,2025-05-06 00:02
SR500834,Product Advice,Product Advice,0,2025-05-05 02:54
SR500835,Returns & Replacement,Returns & Replacement,0,2025-05-05 14:37
SR500836,Consumables,Consumables,0,2025-05-05 03:18
SR500837,Consumables,Repairs,1,2025-05-06 07:26
SR500838,Billing,Repairs,2,2025-05-10 01:44
SR500839,Repairs,Repairs,1,2025-05-05 09:26
SR500840,Billing,Warranty Claims,1,2025-05-05 09:54
SR500841,Consumables,Returns & Replacement,2,2025-05-06 12:34
SR500842,Installations,Installations,0,2025-05-05 09:44
SR500843,Product Advice,Product Advice,0,2025-05-05 08:37
SR500844,Repairs,Repairs,0,2025-05-06 04:39
SR500845,Billing,Returns & Replacement,1,2025-05-05 21:14
SR500846,Repairs,Warranty Claims,2,2025-05-06 16:49
SR500847,Repairs,Repairs,0,2025-05-05 11:59
SR500848,Billing,Billing,0,2025-05-05 18:22
SR500849,Repairs,Repairs,0,2025-05-06 00:31
SR500850,Consumables,Consumables,0,2025-05-05 16:29
SR500851,Repairs,Warranty Claims,1,2025-05-06 02:55
SR500852,Consumables,Returns & Replacement,1,2025-05-06 03:20
SR500853,Consumables,Consumables,0,2025-05-06 14:14
SR500854,Billing,Billing,0,2025-05-06 05:55
SR500855,Returns & Replacement,Returns & Replacement,0,2025-05-06 03:55
SR500856,Product Advice,Product Advice,0,2025-05-05 21:47
SR500857,Billing,Billing,0,2025-05-05 22:45
SR500858,Installations,Installations,0,2025-05-06 05:56
SR500859,Product Advice,Product Advice,0,2025-05-06 07:55
SR500860,Returns & Replacement,Returns & Replacement,0,2025-05-06 00:34
SR500861,Repairs,Warranty Claims,1,2025-05-06 13:02
SR500862,Returns & Replacement,Returns & Replacement,0,2025-05-06 03:27
SR500863,Returns & Replacement,Returns & Replacement,0,2025-05-06 03:09
SR500864,Consumables,Consumables,0,2025-05-06 01:53
SR500865,Billing,Billing,0,2025-05-07 00:54
SR500866,Installations,Installations,0,2025-05-06 06:14
SR500867,Returns & Replacement,Returns & Replacement,0,2025-05-06 09:19
SR500868,Repairs,Repairs,0,2025-05-06 11:46
SR500869,Repairs,Repairs,0,2025-05-06 09:05
SR500870,Repairs,Repairs,0,2025-05-07 19:42
SR500871,Repairs,Repairs,0,2025-05-06 13:46
SR500872,Repairs,Repairs,0,2025-05-08 07:05
SR500873,Repairs,Repairs,0,2025-05-06 13:00
SR500874,Repairs,Repairs,0,2025-05-06 23:49
SR500875,Billing,Returns & Replacement,2,2025-05-08 22:37
SR500876,Repairs,Repairs,0,2025-05-06 21:27
SR500877,Installations,Installations,0,2025-05-06 19:06
SR500878,Product Advice,Product Advice,0,2025-05-06 21:53
SR500879,Repairs,Repairs,0,2025-05-06 21:14
SR500880,Consumables,Repairs,1,2025-05-07 07:24
SR500881,Repairs,Installations,2,2025-05-07 04:27
SR500882,Repairs,Product Advice,1,2025-05-08 01:30
SR500883,Consumables,Billing,1,2025-05-09 12:33
SR500884,Product Advice,Product Advice,0,2025-05-07 04:20
SR500885,Repairs,Repairs,0,2025-05-08 03:13
SR500886,Billing,Warranty Claims,2,2025-05-08 10:01
SR500887,Repairs,Warranty Claims,1,2025-05-07 13:31
SR500888,Warranty Claims,Warranty Claims,0,2025-05-07 05:22
SR500889,Billing,Billing,0,2025-05-07 11:42
SR500890,Consumables,Consumables,0,2025-05-07 08:12
SR500891,Consumables,Consumables,0,2025-05-07 07:22
SR500892,Repairs,Repairs,0,2025-05-07 18:37
SR500893,Repairs,Repairs,0,2025-05-07 06:07
SR500894,Consumables,Repairs,2,2025-05-07 13:13
SR500895,Repairs,Repairs,0,2025-05-07 14:46
SR500896,Billing,Returns & Replacement,2,2025-05-08 19:27
SR500897,Consumables,Repairs,1,2025-05-07 13:42
SR500898,Consumables,Consumables,0,2025-05-07 13:53
SR500899,Warranty Claims,Warranty Claims,0,2025-05-08 15:04
SR500900,Repairs,Repairs,0,2025-05-07 10:20
SR500901,Repairs,Warranty Claims,1,2025-05-07 18:52
SR500902,Consumables,Consumables,0,2025-05-07 23:08
SR500903,Consumables,Consumables,0,2025-05-08 03:18
SR500904,Returns & Replacement,Returns & Replacement,0,2025-05-07 18:39
SR500905,Repairs,Repairs,0,2025-05-07 19:40
SR500906,Installations,Installations,0,2025-05-07 23:51
SR500907,Billing,Billing,0,2025-05-08 01:38
SR500908,Repairs,Consumables,1,2025-05-08 03:16
SR500909,Warranty Claims,Warranty Claims,0,2025-05-08 01:42
SR500910,Repairs,Repairs,0,2025-05-08 00:32
SR500911,Repairs,Repairs,0,2025-05-07 23:28
SR500912,Repairs,Product Advice,1,2025-05-08 06:38
SR500913,Repairs,Product Advice,1,2025-05-08 16:25
SR500914,Billing,Repairs,2,2025-05-08 12:28
SR500915,Product Advice,Product Advice,0,2025-05-08 07:42
SR500916,Returns & Replacement,Returns & Replacement,0,2025-05-09 02:51
SR500917,Consumables,Consumables,0,2025-05-08 05:56
SR500918,Repairs,Repairs,0,2025-05-09 03:01
SR500919,Installations,Installations,0,2025-05-08 10:26
SR500920,Repairs,Returns & Replacement,1,2025-05-08 22:44
SR500921,Warranty Claims,Warranty Claims,0,2025-05-08 17:58
SR500922,Warranty Claims,Warranty Claims,0,2025-05-08 10:35
SR500923,Consumables,Consumables,0,2025-05-08 19:53
SR500924,Warranty Claims,Warranty Claims,0,2025-05-08 21:22
SR500925,Repairs,Repairs,0,2025-05-08 20:08
SR500926,Returns & Replacement,Returns & Replacement,0,2025-05-09 03:29
SR500927,Returns & Replacement,Returns & Replacement,0,2025-05-09 01:56
SR500928,Consumables,Billing,1,2025-05-09 07:34
SR500929,Warranty Claims,Warranty Claims,0,2025-05-09 14:43
SR500930,Repairs,Installations,1,2025-05-09 08:47
SR500931,Returns & Replacement,Returns & Replacement,1,2025-05-09 19:00
SR500932,Repairs,Repairs,0,2025-05-09 05:05
SR500933,Returns & Replacement,Returns & Replacement,0,2025-05-09 05:56
SR500934,Returns & Replacement,Returns & Replacement,0,2025-05-09 04:57
SR500935,Consumables,Consumables,0,2025-05-09 13:47
SR500936,Repairs,Repairs,0,2025-05-09 17:12
SR500937,Product Advice,Product Advice,0,2025-05-09 12:08
SR500938,Billing,Billing,0,2025-05-09 09:42
SR500939,Warranty Claims,Warranty Claims,0,2025-05-09 15:55
SR500940,Repairs,Repairs,0,2025-05-10 01:44
SR500941,Returns & Replacement,Returns & Replacement,0,2025-05-09 15:36
SR500942,Product Advice,Product Advice,0,2025-05-10 01:19
SR500943,Repairs,Repairs,0,2025-05-09 16:04
SR500944,Installations,Installations,0,2025-05-09 21:47
SR500945,Repairs,Warranty Claims,2,2025-05-10 00:23
SR500946,Billing,Billing,0,2025-05-10 00:29
SR500947,Product Advice,Product Advice,0,2025-05-10 08:55
SR500948,Repairs,Repairs,0,2025-05-09 22:37
SR500949,Consumables,Consumables,0,2025-05-10 05:22
SR500950,Repairs,Repairs,0,2025-05-10 19:17
SR500951,Repairs,Repairs,0,2025-05-10 03:25
SR500952,Repairs,Repairs,0,2025-05-10 09:46
SR500953,Warranty Claims,Warranty Claims,0,2025-05-10 03:08
SR500954,Product Advice,Product Advice,0,2025-05-10 11:09
SR500955,Consumables,Billing,2,2025-05-10 08:52
SR500956,Warranty Claims,Warranty Claims,0,2025-05-10 02:50
SR500957,Product Advice,Product Advice,0,2025-05-10 05:54
SR500958,Repairs,Repairs,0,2025-05-11 10:27
SR500959,Warranty Claims,Warranty Claims,0,2025-05-10 14:19
SR500960,Repairs,Product Advice,2,2025-05-13 18:51
SR500961,Consumables,Consumables,0,2025-05-10 19:00
SR500962,Billing,Billing,0,2025-05-11 05:26
SR500963,Installations,Installations,0,2025-05-10 04:42
SR500964,Repairs,Repairs,0,2025-05-10 08:42
SR500965,Returns & Replacement,Returns & Replacement,0,2025-05-10 14:46
SR500966,Repairs,Billing,0,2025-05-10 09:34
SR500967,Consumables,Repairs,2,2025-05-10 15:22
SR500968,Repairs,Billing,2,2025-05-12 11:52
SR500969,Repairs,Repairs,0,2025-05-10 19:28
SR500970,Repairs,Repairs,0,2025-05-10 19:20
SR500971,Returns & Replacement,Returns & Replacement,0,2025-05-10 20:38
SR500972,Repairs,Repairs,0,2025-05-10 15:49
SR500973,Installations,Installations,0,2025-05-12 09:48
SR500974,Billing,Billing,0,2025-05-11 05:05
SR500975,Consumables,Consumables,0,2025-05-11 00:01
SR500976,Installations,Installations,0,2025-05-11 09:01
SR500977,Consumables,Consumables,0,2025-05-12 02:45
SR500978,Billing,Repairs,1,2025-05-11 10:23
SR500979,Repairs,Repairs,0,2025-05-11 00:06
SR500980,Repairs,Returns & Replacement,1,2025-05-11 16:30
SR500981,Installations,Installations,0,2025-05-11 03:40
SR500982,Billing,Billing,0,2025-05-11 04:51
SR500983,Product Advice,Product Advice,0,2025-05-11 04:12
SR500984,Returns & Replacement,Returns & Replacement,0,2025-05-11 21:12
SR500985,Repairs,Repairs,0,2025-05-11 03:03
SR500986,Installations,Installations,0,2025-05-11 15:17
SR500987,Installations,Installations,0,2025-05-11 15:18
SR500988,Returns & Replacement,Returns & Replacement,0,2025-05-11 04:24
SR500989,Repairs,Repairs,0,2025-05-11 07:54
SR500990,Installations,Installations,0,2025-05-11 06:58
SR500991,Installations,Installations,0,2025-05-11 08:41
SR500992,Installations,Installations,0,2025-05-11 15:32
SR500993,Repairs,Repairs,0,2025-05-11 09:25
SR500994,Repairs,Product Advice,2,2025-05-14 04:21
SR500995,Returns & Replacement,Returns & Replacement,0,2025-05-11 14:04
SR500996,Returns & Replacement,Returns & Replacement,0,2025-05-11 06:50
SR500997,Billing,Returns & Replacement,1,2025-05-11 14:15
SR500998,Installations,Installations,0,2025-05-14 21:47
SR500999,Consumables,Consumables,0,2025-05-11 18:34
SR501000,Consumables,Consumables,0,2025-05-11 16:28
SR501001,Warranty Claims,Warranty Claims,0,2025-05-11 16:06
SR501002,Product Advice,Product Advice,0,2025-05-11 14:01
SR501003,Product Advice,Product Advice,0,2025-05-12 08:36
SR501004,Product Advice,Product Advice,0,2025-05-12 04:59
SR501005,Repairs,Product Advice,2,2025-05-12 16:39
SR501006,Repairs,Repairs,0,2025-05-11 18:34
SR501007,Consumables,Repairs,2,2025-05-12 08:23
SR501008,Repairs,Installations,1,2025-05-11 17:57
SR501009,Product Advice,Product Advice,0,2025-05-11 18:26
SR501010,Product Advice,Product Advice,0,2025-05-12 10:21
SR501011,Installations,Installations,0,2025-05-12 19:34
SR501012,Repairs,Repairs,0,2025-05-12 18:08
SR501013,Product Advice,Product Advice,0,2025-05-13 07:46
SR501014,Consumables,Repairs,1,2025-05-12 20:58
SR501015,Consumables,Consumables,0,2025-05-12 07:11
SR501016,Billing,Billing,0,2025-05-12 00:22
SR501017,Installations,Installations,0,2025-05-12 01:34
SR501018,Consumables,Repairs,1,2025-05-13 21:59
SR501019,Repairs,Repairs,0,2025-05-13 00:12
SR501020,Repairs,Repairs,0,2025-05-12 07:27
SR501021,Consumables,Consumables,0,2025-05-12 05:50
SR501022,Product Advice,Product Advice,0,2025-05-12 04:33
SR501023,Consumables,Consumables,0,2025-05-12 22:26
SR501024,Returns & Replacement,Returns & Replacement,0,2025-05-12 10:39
SR501025,Billing,Billing,0,2025-05-12 10:10
SR501026,Repairs,Repairs,0,2025-05-12 09:27
SR501027,Returns & Replacement,Returns & Replacement,0,2025-05-13 03:47
SR501028,Product Advice,Product Advice,1,2025-05-12 23:37
SR501029,Billing,Billing,0,2025-05-12 14:44
SR501030,Warranty Claims,Warranty Claims,0,2025-05-12 10:44
SR501031,Product Advice,Product Advice,0,2025-05-12 19:18
SR501032,Repairs,Repairs,0,2025-05-12 11:41
SR501033,Product Advice,Product Advice,0,2025-05-12 15:31
SR501034,Warranty Claims,Warranty Claims,0,2025-05-12 16:16
SR501035,Repairs,Repairs,1,2025-05-12 14:52
SR501036,Repairs,Billing,2,2025-05-13 14:22
SR501037,Product Advice,Product Advice,1,2025-05-13 18:40
SR501038,Installations,Installations,0,2025-05-12 19:37
SR501039,Repairs,Warranty Claims,1,2025-05-13 08:36
SR501040,Returns & Replacement,Returns & Replacement,0,2025-05-13 06:09
SR501041,Billing,Billing,0,2025-05-12 21:45
SR501042,Billing,Installations,2,2025-05-14 12:28
SR501043,Consumables,Repairs,2,2025-05-13 01:47
SR501044,Product Advice,Product Advice,0,2025-05-13 12:17
SR501045,Warranty Claims,Warranty Claims,0,2025-05-14 00:04
SR501046,Product Advice,Product Advice,0,2025-05-13 05:36
SR501047,Repairs,Repairs,0,2025-05-13 09:10
SR501048,Installations,Installations,0,2025-05-14 07:44
SR501049,Warranty Claims,Warranty Claims,0,2025-05-13 22:08
SR501050,Billing,Billing,0,2025-05-13 07:11
SR501051,Consumables,Consumables,1,2025-05-14 07:06
SR501052,Installations,Installations,0,2025-05-13 14:51
SR501053,Billing,Repairs,2,2025-05-13 19:04
SR501054,Billing,Billing,0,2025-05-13 19:25
SR501055,Product Advice,Product Advice,0,2025-05-13 15:59
SR501056,Consumables,Warranty Claims,2,2025-05-17 05:48
SR501057,Consumables,Consumables,0,2025-05-15 11:20
SR501058,Repairs,Repairs,0,2025-05-13 20:11
SR501059,Consumables,Warranty Claims,1,2025-05-13 19:25
SR501060,Consumables,Consumables,0,2025-05-14 05:07
SR501061,Repairs,Repairs,0,2025-05-13 17:35
SR501062,Billing,Billing,0,2025-05-13 19:35
SR501063,Installations,Installations,0,2025-05-13 21:05
SR501064,Consumables,Repairs,1,2025-05-14 05:44
SR501065,Billing,Billing,0,2025-05-15 12:14
SR501066,Billing,Installations,2,2025-05-15 02:56
SR501067,Product Advice,Repairs,0,2025-05-14 01:27
SR501068,Repairs,Repairs,0,2025-05-15 05:28
SR501069,Repairs,Consumables,2,2025-05-15 01:03
SR501070,Installations,Installations,0,2025-05-14 13:05
SR501071,Consumables,Consumables,0,2025-05-14 21:53
SR501072,Repairs,Repairs,0,2025-05-14 08:24
SR501073,Warranty Claims,Warranty Claims,0,2025-05-14 06:03
SR501074,Repairs,Repairs,0,2025-05-14 08:28
SR501075,Product Advice,Product Advice,0,2025-05-14 18:01
SR501076,Repairs,Repairs,0,2025-05-17 21:57
SR501077,Billing,Warranty Claims,1,2025-05-15 10:31
SR501078,Consumables,Consumables,0,2025-05-14 20:53
SR501079,Product Advice,Product Advice,0,2025-05-14 14:25
SR501080,Repairs,Repairs,0,2025-05-15 02:23
SR501081,Installations,Installations,0,2025-05-15 14:10
SR501082,Billing,Billing,0,2025-05-16 00:43
SR501083,Warranty Claims,Warranty Claims,0,2025-05-14 16:56
SR501084,Returns & Replacement,Returns & Replacement,0,2025-05-14 19:42
SR501085,Installations,Installations,0,2025-05-14 20:20
SR501086,Returns & Replacement,Returns & Replacement,0,2025-05-14 22:43
SR501087,Repairs,Repairs,0,2025-05-15 04:46
SR501088,Consumables,Consumables,0,2025-05-14 21:31
SR501089,Repairs,Installations,2,2025-05-15 19:16
SR501090,Product Advice,Product Advice,0,2025-05-15 00:34
SR501091,Product Advice,Product Advice,0,2025-05-15 23:32
SR501092,Installations,Installations,0,2025-05-15 13:43
SR501093,Repairs,Installations,1,2025-05-16 03:12
SR501094,Returns & Replacement,Returns & Replacement,0,2025-05-15 07:49
SR501095,Consumables,Consumables,0,2025-05-15 08:50
SR501096,Consumables,Repairs,2,2025-05-16 16:41
SR501097,Repairs,Repairs,0,2025-05-15 10:24
SR501098,Consumables,Repairs,2,2025-05-16 12:17
SR501099,Consumables,Consumables,0,2025-05-15 21:53
SR501100,Billing,Returns & Replacement,1,2025-05-16 21:01
SR501101,Installations,Installations,0,2025-05-15 17:49
SR501102,Consumables,Consumables,0,2025-05-15 13:06
SR501103,Repairs,Repairs,0,2025-05-16 17:59
SR501104,Warranty Claims,Warranty Claims,0,2025-05-15 22:55
SR501105,Installations,Installations,0,2025-05-16 04:05
SR501106,Consumables,Installations,1,2025-05-16 12:04
SR501107,Product Advice,Product Advice,0,2025-05-15 20:51
SR501108,Warranty Claims,Warranty Claims,0,2025-05-16 03:05
SR501109,Repairs,Repairs,0,2025-05-16 04:14
SR501110,Repairs,Warranty Claims,1,2025-05-15 18:00
SR501111,Returns & Replacement,Returns & Replacement,0,2025-05-16 05:09
SR501112,Repairs,Billing,2,2025-05-16 20:53
SR501113,Billing,Billing,0,2025-05-16 06:55
SR501114,Consumables,Repairs,1,2025-05-16 15:07
SR501115,Repairs,Consumables,2,2025-05-16 07:58
SR501116,Warranty Claims,Warranty Claims,0,2025-05-16 08:25
SR501117,Warranty Claims,Warranty Claims,0,2025-05-16 17:29
SR501118,Repairs,Installations,1,2025-05-17 02:31
SR501119,Consumables,Repairs,1,2025-05-16 15:46
SR501120,Repairs,Installations,2,2025-05-17 14:38
SR501121,Repairs,Repairs,0,2025-05-16 15:42
SR501122,Billing,Billing,0,2025-05-16 14:54
SR501123,Billing,Repairs,2,2025-05-16 17:36
SR501124,Warranty Claims,Warranty Claims,0,2025-05-16 14:43
SR501125,Repairs,Warranty Claims,2,2025-05-16 16:29
SR501126,Warranty Claims,Warranty Claims,0,2025-05-17 07:46
SR501127,Billing,Warranty Claims,2,2025-05-18 08:28
SR501128,Product Advice,Repairs,1,2025-05-18 03:45
SR501129,Consumables,Consumables,1,2025-05-17 16:48
SR501130,Consumables,Consumables,0,2025-05-17 03:48
SR501131,Warranty Claims,Warranty Claims,0,2025-05-17 02:47
SR501132,Warranty Claims,Warranty Claims,0,2025-05-17 07:31
SR501133,Repairs,Consumables,1,2025-05-17 07:42
SR501134,Installations,Installations,0,2025-05-17 06:49
SR501135,Repairs,Repairs,0,2025-05-17 08:33
SR501136,Repairs,Product Advice,2,2025-05-18 08:51
SR501137,Product Advice,Billing,0,2025-05-17 10:02
SR501138,Installations,Installations,0,2025-05-17 10:31
SR501139,Installations,Installations,0,2025-05-17 19:02
SR501140,Product Advice,Product Advice,0,2025-05-17 07:59
SR501141,Product Advice,Product Advice,0,2025-05-18 02:26
SR501142,Returns & Replacement,Returns & Replacement,0,2025-05-17 14:02
SR501143,Repairs,Repairs,0,2025-05-19 08:31
SR501144,Repairs,Repairs,0,2025-05-17 15:02
SR501145,Warranty Claims,Warranty Claims,1,2025-05-17 10:41
SR501146,Returns & Replacement,Returns & Replacement,0,2025-05-17 14:38
SR501147,Repairs,Repairs,0,2025-05-17 21:53
SR501148,Billing,Installations,2,2025-05-18 01:55
SR501149,Repairs,Repairs,0,2025-05-17 19:48
SR501150,Product Advice,Product Advice,0,2025-05-17 18:58
SR501151,Billing,Billing,0,2025-05-17 16:10
SR501152,Product Advice,Product Advice,0,2025-05-18 04:27
SR501153,Warranty Claims,Warranty Claims,0,2025-05-17 15:48
SR501154,Billing,Billing,0,2025-05-17 23:24
SR501155,Billing,Billing,0,2025-05-17 19:10
SR501156,Billing,Billing,0,2025-05-17 21:59
SR501157,Warranty Claims,Warranty Claims,0,2025-05-18 10:01
SR501158,Warranty Claims,Warranty Claims,0,2025-05-18 01:55
SR501159,Returns & Replacement,Returns & Replacement,0,2025-05-18 04:31
SR501160,Consumables,Consumables,0,2025-05-18 06:19
SR501161,Product Advice,Product Advice,0,2025-05-18 12:35
SR501162,Repairs,Repairs,0,2025-05-18 03:21
SR501163,Installations,Installations,0,2025-05-18 16:44
SR501164,Repairs,Repairs,1,2025-05-19 23:09
SR501165,Repairs,Billing,2,2025-05-18 09:52
SR501166,Repairs,Warranty Claims,2,2025-05-18 13:07
SR501167,Warranty Claims,Warranty Claims,0,2025-05-18 08:17
SR501168,Product Advice,Product Advice,0,2025-05-18 21:11
SR501169,Repairs,Repairs,0,2025-05-18 10:20
SR501170,Warranty Claims,Warranty Claims,0,2025-05-18 09:41
SR501171,Repairs,Repairs,0,2025-05-18 13:55
SR501172,Returns & Replacement,Returns & Replacement,0,2025-05-18 18:31
SR501173,Consumables,Consumables,0,2025-05-18 11:05
SR501174,Repairs,Repairs,0,2025-05-19 06:52
SR501175,Repairs,Repairs,0,2025-05-18 20:31
SR501176,Consumables,Repairs,2,2025-05-19 08:06
SR501177,Returns & Replacement,Returns & Replacement,0,2025-05-18 13:10
SR501178,Consumables,Billing,2,2025-05-19 06:18
SR501179,Consumables,Consumables,1,2025-05-18 16:29
SR501180,Warranty Claims,Warranty Claims,0,2025-05-19 03:15
SR501181,Consumables,Repairs,1,2025-05-18 15:40
SR501182,Returns & Replacement,Returns & Replacement,0,2025-05-18 23:23
SR501183,Repairs,Returns & Replacement,1,2025-05-19 17:05
SR501184,Installations,Installations,0,2025-05-18 19:55
SR501185,Returns & Replacement,Returns & Replacement,0,2025-05-18 23:39
SR501186,Warranty Claims,Warranty Claims,0,2025-05-19 15:40
SR501187,Billing,Installations,2,2025-05-20 00:41
SR501188,Repairs,Consumables,2,2025-05-20 00:34
SR501189,Warranty Claims,Warranty Claims,0,2025-05-19 14:44
SR501190,Returns & Replacement,Returns & Replacement,0,2025-05-19 04:13
SR501191,Billing,Billing,0,2025-05-19 06:32
SR501192,Repairs,Repairs,0,2025-05-19 03:57
SR501193,Installations,Product Advice,1,2025-05-20 00:40
SR501194,Product Advice,Product Advice,0,2025-05-19 05:27
SR501195,Repairs,Installations,1,2025-05-20 04:23
SR501196,Billing,Warranty Claims,1,2025-05-21 02:31
SR501197,Returns & Replacement,Billing,1,2025-05-20 23:54
SR501198,Warranty Claims,Warranty Claims,0,2025-05-19 14:00
SR501199,Installations,Installations,0,2025-05-19 23:58
SR501200,Returns & Replacement,Returns & Replacement,0,2025-05-19 08:21
SR501201,Consumables,Consumables,0,2025-05-21 05:03
SR501202,Billing,Returns & Replacement,2,2025-05-20 02:56
SR501203,Repairs,Repairs,0,2025-05-22 01:45
SR501204,Consumables,Returns & Replacement,1,2025-05-20 17:15
SR501205,Returns & Replacement,Returns & Replacement,0,2025-05-19 13:14
SR501206,Installations,Installations,0,2025-05-19 18:56
SR501207,Installations,Installations,0,2025-05-19 19:23
SR501208,Warranty Claims,Warranty Claims,0,2025-05-19 21:03
SR501209,Installations,Installations,0,2025-05-19 20:30
SR501210,Repairs,Repairs,0,2025-05-19 23:58
SR501211,Repairs,Repairs,0,2025-05-20 11:00
SR501212,Repairs,Product Advice,1,2025-05-20 05:13
SR501213,Installations,Installations,0,2025-05-20 00:57
SR501214,Installations,Installations,0,2025-05-20 00:43
SR501215,Repairs,Repairs,0,2025-05-20 03:05
SR501216,Returns & Replacement,Returns & Replacement,0,2025-05-20 10:05
SR501217,Repairs,Product Advice,2,2025-05-20 10:31
SR501218,Billing,Billing,0,2025-05-20 17:25
SR501219,Repairs,Repairs,0,2025-05-20 14:01
SR501220,Returns & Replacement,Returns & Replacement,0,2025-05-20 14:22
SR501221,Product Advice,Product Advice,0,2025-05-21 01:52
SR501222,Warranty Claims,Warranty Claims,0,2025-05-20 21:27
SR501223,Repairs,Repairs,0,2025-05-22 01:42
SR501224,Returns & Replacement,Returns & Replacement,0,2025-05-21 01:16
SR501225,Product Advice,Product Advice,0,2025-05-20 11:45
SR501226,Repairs,Repairs,0,2025-05-20 22:22
SR501227,Consumables,Consumables,0,2025-05-20 14:56
SR501228,Product Advice,Product Advice,0,2025-05-20 20:45
SR501229,Repairs,Repairs,0,2025-05-20 15:44
SR501230,Installations,Installations,0,2025-05-21 04:23
SR501231,Billing,Warranty Claims,2,2025-05-21 07:08
SR501232,Consumables,Repairs,2,2025-05-21 23:06
SR501233,Product Advice,Product Advice,0,2025-05-20 21:53
SR501234,Returns & Replacement,Returns & Replacement,0,2025-05-20 19:27
SR501235,Warranty Claims,Warranty Claims,0,2025-05-20 19:21
SR501236,Repairs,Repairs,0,2025-05-21 02:00
SR501237,Consumables,Repairs,2,2025-05-23 03:17
SR501238,Returns & Replacement,Returns & Replacement,0,2025-05-21 07:37
SR501239,Installations,Billing,2,2025-05-21 00:39
SR501240,Warranty Claims,Warranty Claims,0,2025-05-21 05:38
SR501241,Consumables,Consumables,0,2025-05-21 10:55
SR501242,Billing,Repairs,2,2025-05-22 18:39
SR501243,Returns & Replacement,Returns & Replacement,0,2025-05-21 06:20
SR501244,Warranty Claims,Warranty Claims,0,2025-05-21 09:13
SR501245,Repairs,Repairs,0,2025-05-21 09:36
SR501246,Repairs,Repairs,1,2025-05-21 11:17
SR501247,Repairs,Repairs,0,2025-05-21 12:25
SR501248,Product Advice,Product Advice,0,2025-05-21 19:57
SR501249,Consumables,Billing,1,2025-05-21 13:04
SR501250,Returns & Replacement,Returns & Replacement,0,2025-05-22 16:53
SR501251,Returns & Replacement,Returns & Replacement,1,2025-05-22 12:18
SR501252,Warranty Claims,Warranty Claims,0,2025-05-21 15:54
SR501253,Consumables,Consumables,0,2025-05-21 15:54
SR501254,Consumables,Installations,2,2025-05-22 05:22
SR501255,Repairs,Repairs,0,2025-05-21 12:56
SR501256,Billing,Returns & Replacement,2,2025-05-27 06:24
SR501257,Returns & Replacement,Returns & Replacement,0,2025-05-21 18:37
SR501258,Product Advice,Product Advice,0,2025-05-21 21:49
SR501259,Repairs,Billing,1,2025-05-24 10:04
SR501260,Repairs,Repairs,0,2025-05-22 00:53
SR501261,Repairs,Repairs,0,2025-05-22 09:46
SR501262,Returns & Replacement,Returns & Replacement,0,2025-05-21 21:47
SR501263,Returns & Replacement,Returns & Replacement,0,2025-05-22 15:41
SR501264,Repairs,Repairs,1,2025-05-24 09:37
SR501265,Repairs,Repairs,0,2025-05-22 10:09
SR501266,Product Advice,Product Advice,0,2025-05-22 12:07
SR501267,Billing,Billing,0,2025-05-22 11:03
SR501268,Returns & Replacement,Returns & Replacement,0,2025-05-22 18:05
SR501269,Product Advice,Product Advice,0,2025-05-22 18:19
SR501270,Billing,Billing,0,2025-05-23 02:25
SR501271,Repairs,Returns & Replacement,2,2025-05-23 02:05
SR501272,Returns & Replacement,Returns & Replacement,0,2025-05-22 12:52
SR501273,Warranty Claims,Warranty Claims,0,2025-05-22 14:40
SR501274,Consumables,Repairs,2,2025-05-23 17:14
SR501275,Returns & Replacement,Returns & Replacement,0,2025-05-23 13:16
SR501276,Repairs,Consumables,2,2025-05-24 05:31
SR501277,Repairs,Repairs,0,2025-05-23 02:37
SR501278,Repairs,Repairs,0,2025-05-23 00:09
SR501279,Billing,Warranty Claims,1,2025-05-22 23:33
SR501280,Consumables,Consumables,0,2025-05-23 03:55
SR501281,Installations,Installations,0,2025-05-22 22:04
SR501282,Repairs,Installations,2,2025-05-23 07:15
SR501283,Consumables,Consumables,0,2025-05-23 02:42
SR501284,Returns & Replacement,Returns & Replacement,0,2025-05-23 03:47
SR501285,Installations,Installations,0,2025-05-25 06:25
SR501286,Repairs,Repairs,0,2025-05-24 11:37
SR501287,Billing,Billing,0,2025-05-23 01:15
SR501288,Consumables,Consumables,0,2025-05-23 01:43
SR501289,Repairs,Repairs,0,2025-05-23 02:30
SR501290,Consumables,Consumables,0,2025-05-23 22:42
SR501291,Consumables,Consumables,0,2025-05-23 09:54
SR501292,Repairs,Repairs,0,2025-05-23 06:43
SR501293,Product Advice,Product Advice,0,2025-05-23 05:49
SR501294,Product Advice,Product Advice,0,2025-05-23 05:03
SR501295,Product Advice,Product Advice,0,2025-05-23 16:09
SR501296,Repairs,Product Advice,1,2025-05-24 20:48
SR501297,Installations,Installations,0,2025-05-24 02:09
SR501298,Returns & Replacement,Returns & Replacement,0,2025-05-24 07:47
SR501299,Billing,Billing,0,2025-05-23 16:41
SR501300,Returns & Replacement,Returns & Replacement,0,2025-05-23 17:57
SR501301,Repairs,Warranty Claims,1,2025-05-23 18:15
SR501302,Repairs,Repairs,0,2025-05-23 15:47
SR501303,Repairs,Repairs,0,2025-05-24 03:56
SR501304,Product Advice,Product Advice,0,2025-05-23 22:39
SR501305,Product Advice,Product Advice,0,2025-05-24 04:09
SR501306,Billing,Returns & Replacement,1,2025-05-24 02:52
SR501307,Repairs,Returns & Replacement,2,2025-05-24 16:28
SR501308,Repairs,Repairs,0,2025-05-24 01:46
SR501309,Consumables,Warranty Claims,1,2025-05-24 22:05
SR501310,Returns & Replacement,Returns & Replacement,0,2025-05-24 13:23
SR501311,Product Advice,Product Advice,0,2025-05-24 12:33
SR501312,Repairs,Warranty Claims,1,2025-05-24 17:23
SR501313,Billing,Repairs,0,2025-05-24 04:40
SR501314,Repairs,Repairs,0,2025-05-24 16:23
SR501315,Consumables,Consumables,0,2025-05-24 09:24
SR501316,Billing,Billing,0,2025-05-24 12:43
SR501317,Repairs,Repairs,0,2025-05-25 00:05
SR501318,Warranty Claims,Warranty Claims,0,2025-05-24 13:21
SR501319,Billing,Billing,0,2025-05-24 14:30
SR501320,Repairs,Product Advice,2,2025-05-24 12:00
SR501321,Consumables,Returns & Replacement,1,2025-05-24 20:28
SR501322,Installations,Installations,0,2025-05-24 14:54
SR501323,Installations,Installations,0,2025-05-25 12:43
SR501324,Repairs,Product Advice,1,2025-05-26 04:21
SR501325,Warranty Claims,Warranty Claims,0,2025-05-25 10:12
SR501326,Warranty Claims,Warranty Claims,0,2025-05-24 23:54
SR501327,Product Advice,Product Advice,0,2025-05-25 22:19
SR501328,Warranty Claims,Warranty Claims,0,2025-05-25 03:55
SR501329,Billing,Billing,0,2025-05-25 04:28
SR501330,Returns & Replacement,Returns & Replacement,0,2025-05-25 11:56
SR501331,Warranty Claims,Warranty Claims,0,2025-05-25 03:52
SR501332,Consumables,Consumables,0,2025-05-25 10:21
SR501333,Billing,Billing,0,2025-05-26 16:05
SR501334,Repairs,Returns & Replacement,1,2025-05-27 16:27
SR501335,Billing,Warranty Claims,2,2025-05-27 12:51
SR501336,Consumables,Consumables,0,2025-05-26 11:47
SR501337,Product Advice,Product Advice,0,2025-05-25 14:40
SR501338,Returns & Replacement,Returns & Replacement,0,2025-05-26 23:59
SR501339,Returns & Replacement,Returns & Replacement,0,2025-05-25 14:12
SR501340,Repairs,Repairs,0,2025-05-25 15:10
SR501341,Installations,Installations,0,2025-05-25 20:57
SR501342,Billing,Returns & Replacement,2,2025-05-26 02:34
SR501343,Repairs,Billing,2,2025-05-26 18:29
SR501344,Billing,Repairs,1,2025-05-26 00:39
SR501345,Warranty Claims,Warranty Claims,0,2025-05-26 10:50
SR501346,Product Advice,Product Advice,0,2025-05-26 00:57
SR501347,Repairs,Repairs,0,2025-05-26 00:25
SR501348,Billing,Billing,0,2025-05-26 06:40
SR501349,Repairs,Repairs,0,2025-05-26 11:46
SR501350,Warranty Claims,Warranty Claims,0,2025-05-26 12:30
SR501351,Warranty Claims,Warranty Claims,0,2025-05-26 03:53
SR501352,Billing,Billing,0,2025-05-26 09:44
SR501353,Repairs,Installations,2,2025-05-26 09:38
SR501354,Returns & Replacement,Returns & Replacement,0,2025-05-26 06:04
SR501355,Consumables,Consumables,0,2025-05-26 08:41
SR501356,Warranty Claims,Warranty Claims,0,2025-05-27 00:21
SR501357,Installations,Installations,0,2025-05-26 22:36
SR501358,Repairs,Repairs,0,2025-05-27 07:04
SR501359,Billing,Billing,0,2025-05-26 16:44
SR501360,Repairs,Repairs,0,2025-05-26 22:16
SR501361,Product Advice,Product Advice,0,2025-05-26 17:31
SR501362,Product Advice,Product Advice,0,2025-05-26 17:10
SR501363,Billing,Returns & Replacement,1,2025-05-27 03:13
SR501364,Installations,Installations,0,2025-05-27 11:58
SR501365,Billing,Billing,0,2025-05-26 18:30
SR501366,Product Advice,Product Advice,0,2025-05-26 20:29
SR501367,Billing,Returns & Replacement,1,2025-05-27 04:42
SR501368,Returns & Replacement,Returns & Replacement,0,2025-05-27 18:28
SR501369,Consumables,Consumables,0,2025-05-27 19:36
SR501370,Warranty Claims,Warranty Claims,0,2025-05-27 04:36
SR501371,Billing,Installations,2,2025-05-29 16:57
SR501372,Consumables,Consumables,0,2025-05-27 06:43
SR501373,Repairs,Product Advice,2,2025-05-27 05:03
SR501374,Product Advice,Product Advice,0,2025-05-27 19:52
SR501375,Repairs,Repairs,1,2025-05-27 16:08
SR501376,Consumables,Consumables,0,2025-05-27 21:43
SR501377,Product Advice,Product Advice,0,2025-05-28 00:03
SR501378,Returns & Replacement,Returns & Replacement,0,2025-05-27 16:09
SR501379,Repairs,Repairs,0,2025-05-27 23:15
SR501380,Installations,Installations,0,2025-05-29 16:02
SR501381,Consumables,Repairs,1,2025-05-27 19:23
SR501382,Returns & Replacement,Returns & Replacement,0,2025-05-28 03:31
SR501383,Warranty Claims,Warranty Claims,0,2025-05-28 03:43
SR501384,Product Advice,Product Advice,0,2025-05-27 19:54
SR501385,Installations,Installations,0,2025-05-28 02:39
SR501386,Consumables,Consumables,0,2025-05-29 06:02
SR501387,Installations,Installations,0,2025-05-28 02:39
SR501388,Warranty Claims,Warranty Claims,0,2025-05-28 15:14
SR501389,Repairs,Repairs,0,2025-05-28 04:59
SR501390,Repairs,Repairs,0,2025-05-28 06:24
SR501391,Repairs,Product Advice,2,2025-05-30 14:16
SR501392,Repairs,Repairs,0,2025-05-28 04:05
SR501393,Consumables,Consumables,0,2025-05-28 11:01
SR501394,Product Advice,Product Advice,0,2025-05-30 02:43
SR501395,Returns & Replacement,Returns & Replacement,0,2025-05-28 09:10
SR501396,Product Advice,Product Advice,0,2025-05-29 01:17
SR501397,Repairs,Repairs,1,2025-05-28 13:25
SR501398,Installations,Installations,0,2025-05-28 11:36
SR501399,Installations,Installations,0,2025-05-28 17:14
SR501400,Billing,Billing,0,2025-05-28 16:13
SR501401,Repairs,Repairs,0,2025-05-28 21:05
SR501402,Repairs,Repairs,0,2025-05-29 03:19
SR501403,Repairs,Repairs,0,2025-05-28 18:17
SR501404,Billing,Repairs,1,2025-05-29 18:23
SR501405,Consumables,Consumables,0,2025-05-29 10:32
SR501406,Repairs,Product Advice,1,2025-05-28 18:35
SR501407,Warranty Claims,Warranty Claims,0,2025-05-28 16:59
SR501408,Repairs,Warranty Claims,1,2025-05-29 02:17
SR501409,Repairs,Warranty Claims,2,2025-05-29 09:54
SR501410,Repairs,Billing,1,2025-05-29 16:24
SR501411,Installations,Installations,0,2025-05-28 22:36
SR501412,Repairs,Installations,2,2025-05-29 01:17
SR501413,Warranty Claims,Warranty Claims,0,2025-05-29 05:44
SR501414,Returns & Replacement,Product Advice,0,2025-05-29 07:09
SR501415,Billing,Installations,2,2025-05-29 15:45
SR501416,Installations,Installations,0,2025-05-29 12:43
SR501417,Repairs,Repairs,0,2025-05-29 11:14
SR501418,Consumables,Consumables,0,2025-05-29 07:38
SR501419,Installations,Installations,0,2025-05-29 18:23
SR501420,Warranty Claims,Consumables,1,2025-05-29 14:19
SR501421,Warranty Claims,Warranty Claims,0,2025-05-30 11:03
SR501422,Product Advice,Product Advice,0,2025-05-29 14:12
SR501423,Billing,Billing,0,2025-05-29 15:56
SR501424,Returns & Replacement,Returns & Replacement,0,2025-05-30 10:46
SR501425,Warranty Claims,Warranty Claims,0,2025-05-29 14:17
SR501426,Repairs,Repairs,0,2025-05-29 18:35
SR501427,Returns & Replacement,Returns & Replacement,0,2025-05-30 03:11
SR501428,Repairs,Installations,2,2025-06-04 10:45
SR501429,Warranty Claims,Billing,0,2025-05-31 23:13
SR501430,Repairs,Billing,2,2025-05-30 13:34
SR501431,Repairs,Installations,2,2025-05-31 01:55
SR501432,Warranty Claims,Warranty Claims,0,2025-05-29 16:52
SR501433,Repairs,Repairs,0,2025-05-30 12:36
SR501434,Consumables,Consumables,0,2025-05-30 06:44
SR501435,Billing,Billing,0,2025-05-29 23:38
SR501436,Billing,Returns & Replacement,1,2025-05-29 23:31
SR501437,Returns & Replacement,Returns & Replacement,0,2025-05-30 00:45
SR501438,Consumables,Repairs,1,2025-05-30 17:42
SR501439,Repairs,Repairs,0,2025-05-30 23:38
SR501440,Billing,Warranty Claims,2,2025-05-31 16:45
SR501441,Billing,Billing,0,2025-05-30 04:44
SR501442,Billing,Billing,0,2025-05-30 11:37
SR501443,Billing,Billing,0,2025-05-30 02:02
SR501444,Repairs,Warranty Claims,1,2025-05-30 05:27
SR501445,Installations,Installations,0,2025-05-30 09:27
SR501446,Repairs,Repairs,0,2025-05-30 21:10
SR501447,Installations,Installations,0,2025-05-30 23:40
SR501448,Consumables,Consumables,0,2025-05-30 20:37
SR501449,Billing,Returns & Replacement,1,2025-05-30 09:07
SR501450,Product Advice,Product Advice,0,2025-05-31 03:32
SR501451,Repairs,Billing,2,2025-05-30 16:22
SR501452,Installations,Installations,0,2025-05-30 08:24
SR501453,Repairs,Repairs,0,2025-05-30 09:47
SR501454,Warranty Claims,Warranty Claims,0,2025-05-30 16:42
SR501455,Repairs,Returns & Replacement,2,2025-06-01 04:55
SR501456,Installations,Installations,0,2025-05-30 22:09
SR501457,Consumables,Consumables,0,2025-05-30 14:25
SR501458,Consumables,Consumables,0,2025-05-31 02:38
SR501459,Billing,Billing,0,2025-05-30 18:51
SR501460,Repairs,Repairs,0,2025-05-30 23:16
SR501461,Returns & Replacement,Returns & Replacement,1,2025-06-01 04:26
SR501462,Returns & Replacement,Returns & Replacement,0,2025-05-31 01:18
SR501463,Repairs,Repairs,0,2025-05-31 08:57
SR501464,Product Advice,Product Advice,0,2025-05-31 01:41
SR501465,Billing,Billing,0,2025-05-31 21:36
SR501466,Billing,Repairs,2,2025-05-31 12:52
SR501467,Product Advice,Product Advice,0,2025-05-31 04:21
SR501468,Billing,Billing,0,2025-05-31 04:02
SR501469,Repairs,Repairs,0,2025-05-31 14:57
SR501470,Consumables,Repairs,2,2025-05-31 19:30
SR501471,Installations,Installations,0,2025-05-31 22:32
SR501472,Repairs,Repairs,0,2025-05-31 14:16
SR501473,Repairs,Repairs,0,2025-05-31 08:48
SR501474,Billing,Repairs,2,2025-05-31 12:33
SR501475,Consumables,Consumables,0,2025-05-31 19:46
SR501476,Installations,Installations,0,2025-06-01 04:06
SR501477,Consumables,Repairs,2,2025-06-02 02:50
SR501478,Returns & Replacement,Returns & Replacement,0,2025-05-31 18:21
SR501479,Repairs,Repairs,0,2025-06-01 16:06
SR501480,Returns & Replacement,Returns & Replacement,0,2025-05-31 23:09
SR501481,Returns & Replacement,Returns & Replacement,0,2025-05-31 23:16
SR501482,Returns & Replacement,Returns & Replacement,0,2025-06-01 05:03
SR501483,Billing,Billing,0,2025-06-01 03:57
SR501484,Repairs,Product Advice,2,2025-06-01 12:31
SR501485,Installations,Installations,0,2025-06-01 01:22
SR501486,Repairs,Repairs,0,2025-06-01 07:47
SR501487,Billing,Billing,0,2025-06-01 04:58
SR501488,Returns & Replacement,Returns & Replacement,0,2025-06-01 07:43
SR501489,Billing,Billing,0,2025-06-02 21:16
SR501490,Consumables,Consumables,0,2025-06-01 10:44
SR501491,Repairs,Repairs,0,2025-06-01 13:47
SR501492,Installations,Billing,0,2025-06-01 17:17
SR501493,Warranty Claims,Warranty Claims,0,2025-06-01 10:26
SR501494,Returns & Replacement,Returns & Replacement,0,2025-06-01 17:41
SR501495,Product Advice,Product Advice,0,2025-06-01 12:27
SR501496,Returns & Replacement,Returns & Replacement,0,2025-06-01 20:40
SR501497,Warranty Claims,Warranty Claims,0,2025-06-02 19:18
SR501498,Consumables,Consumables,0,2025-06-02 11:22
SR501499,Returns & Replacement,Returns & Replacement,0,2025-06-01 22:34
SR501500,Billing,Billing,0,2025-06-01 22:15
SR501501,Product Advice,Product Advice,0,2025-06-02 03:23
SR501502,Consumables,Repairs,0,2025-06-02 05:47
SR501503,Returns & Replacement,Returns & Replacement,0,2025-06-02 12:31
SR501504,Installations,Installations,0,2025-06-02 04:19
SR501505,Returns & Replacement,Returns & Replacement,0,2025-06-02 06:40
SR501506,Consumables,Consumables,0,2025-06-02 07:21
SR501507,Warranty Claims,Warranty Claims,0,2025-06-02 18:08
SR501508,Repairs,Repairs,0,2025-06-02 13:18
SR501509,Product Advice,Product Advice,0,2025-06-02 05:13
SR501510,Billing,Billing,0,2025-06-02 06:05
SR501511,Repairs,Repairs,0,2025-06-02 11:44
SR501512,Returns & Replacement,Returns & Replacement,0,2025-06-02 15:06
SR501513,Repairs,Repairs,0,2025-06-02 18:57
SR501514,Repairs,Repairs,0,2025-06-04 11:24
SR501515,Consumables,Consumables,0,2025-06-02 15:43
SR501516,Repairs,Repairs,0,2025-06-02 17:54
SR501517,Installations,Installations,0,2025-06-02 12:10
SR501518,Product Advice,Product Advice,0,2025-06-02 18:22
SR501519,Repairs,Repairs,0,2025-06-02 17:34
SR501520,Installations,Installations,0,2025-06-02 21:27
SR501521,Installations,Installations,0,2025-06-02 17:02
SR501522,Returns & Replacement,Consumables,1,2025-06-02 15:07
SR501523,Billing,Installations,2,2025-06-03 06:28
SR501524,Consumables,Repairs,2,2025-06-02 23:04
SR501525,Product Advice,Product Advice,0,2025-06-03 02:23
SR501526,Consumables,Consumables,0,2025-06-02 19:06
SR501527,Billing,Billing,0,2025-06-02 20:21
SR501528,Consumables,Consumables,0,2025-06-02 23:00
SR501529,Consumables,Consumables,0,2025-06-02 22:31
SR501530,Product Advice,Billing,2,2025-06-04 04:08
SR501531,Warranty Claims,Warranty Claims,0,2025-06-03 01:59
SR501532,Repairs,Repairs,0,2025-06-02 23:04
SR501533,Repairs,Product Advice,1,2025-06-03 05:57
SR501534,Consumables,Consumables,0,2025-06-03 08:53
SR501535,Consumables,Consumables,0,2025-06-03 06:01
SR501536,Warranty Claims,Warranty Claims,1,2025-06-03 16:33
SR501537,Installations,Installations,0,2025-06-03 07:10
SR501538,Returns & Replacement,Returns & Replacement,0,2025-06-03 23:37
SR501539,Repairs,Repairs,0,2025-06-03 07:48
SR501540,Installations,Installations,0,2025-06-03 11:40
SR501541,Repairs,Repairs,0,2025-06-03 10:10
SR501542,Returns & Replacement,Returns & Replacement,0,2025-06-03 23:22
SR501543,Billing,Billing,0,2025-06-03 12:18
SR501544,Repairs,Repairs,0,2025-06-04 02:11
SR501545,Billing,Billing,0,2025-06-03 14:23
SR501546,Consumables,Repairs,2,2025-06-04 00:23
SR501547,Warranty Claims,Warranty Claims,0,2025-06-03 10:55
SR501548,Repairs,Repairs,0,2025-06-03 16:48
SR501549,Repairs,Repairs,0,2025-06-03 14:33
SR501550,Consumables,Repairs,1,2025-06-03 18:29
SR501551,Warranty Claims,Warranty Claims,0,2025-06-04 03:39
SR501552,Returns & Replacement,Returns & Replacement,0,2025-06-03 22:41
SR501553,Warranty Claims,Warranty Claims,0,2025-06-04 01:16
SR501554,Returns & Replacement,Returns & Replacement,0,2025-06-04 05:10
SR501555,Installations,Installations,1,2025-06-04 18:29
SR501556,Installations,Installations,0,2025-06-04 02:55
SR501557,Product Advice,Product Advice,0,2025-06-04 11:44
SR501558,Warranty Claims,Warranty Claims,0,2025-06-04 06:24
SR501559,Billing,Billing,0,2025-06-05 01:04
SR501560,Repairs,Repairs,0,2025-06-04 09:16
SR501561,Warranty Claims,Warranty Claims,0,2025-06-05 08:52
SR501562,Repairs,Repairs,0,2025-06-05 03:43
SR501563,Consumables,Consumables,0,2025-06-04 15:24
SR501564,Returns & Replacement,Returns & Replacement,0,2025-06-04 17:21
SR501565,Billing,Billing,0,2025-06-04 23:09
SR501566,Product Advice,Product Advice,0,2025-06-04 17:21
SR501567,Repairs,Repairs,0,2025-06-05 03:38
SR501568,Returns & Replacement,Returns & Replacement,0,2025-06-05 13:06
SR501569,Warranty Claims,Warranty Claims,0,2025-06-05 06:41
SR501570,Product Advice,Product Advice,0,2025-06-04 22:21
SR501571,Repairs,Returns & Replacement,2,2025-06-05 02:32
SR501572,Installations,Installations,0,2025-06-05 07:13
SR501573,Warranty Claims,Warranty Claims,0,2025-06-05 01:16
SR501574,Warranty Claims,Warranty Claims,0,2025-06-05 06:43
SR501575,Repairs,Repairs,0,2025-06-04 22:30
SR501576,Warranty Claims,Warranty Claims,1,2025-06-05 01:47
SR501577,Product Advice,Product Advice,0,2025-06-05 04:13
SR501578,Consumables,Warranty Claims,2,2025-06-05 17:01
SR501579,Repairs,Repairs,0,2025-06-05 11:34
SR501580,Repairs,Repairs,0,2025-06-05 12:51
SR501581,Billing,Billing,0,2025-06-06 03:59
SR501582,Consumables,Repairs,1,2025-06-06 08:53
SR501583,Warranty Claims,Warranty Claims,0,2025-06-05 11:16
SR501584,Returns & Replacement,Returns & Replacement,0,2025-06-05 13:08
SR501585,Returns & Replacement,Returns & Replacement,0,2025-06-05 17:26
SR501586,Warranty Claims,Warranty Claims,0,2025-06-05 16:09
SR501587,Consumables,Repairs,1,2025-06-05 23:45
SR501588,Warranty Claims,Warranty Claims,0,2025-06-06 07:42
SR501589,Returns & Replacement,Returns & Replacement,0,2025-06-05 22:39
SR501590,Warranty Claims,Warranty Claims,0,2025-06-05 23:18
SR501591,Repairs,Returns & Replacement,1,2025-06-07 00:02
SR501592,Repairs,Repairs,0,2025-06-05 19:47
SR501593,Consumables,Billing,2,2025-06-08 03:15
SR501594,Repairs,Repairs,0,2025-06-06 06:43
SR501595,Product Advice,Product Advice,0,2025-06-06 02:50
SR501596,Warranty Claims,Warranty Claims,0,2025-06-06 11:07
SR501597,Product Advice,Product Advice,0,2025-06-06 04:32
SR501598,Repairs,Warranty Claims,2,2025-06-06 21:10
SR501599,Installations,Installations,1,2025-06-06 09:27
SR501600,Repairs,Repairs,0,2025-06-07 18:11
SR501601,Product Advice,Product Advice,0,2025-06-06 16:35
SR501602,Consumables,Repairs,1,2025-06-06 20:27
SR501603,Repairs,Warranty Claims,1,2025-06-07 00:51
SR501604,Repairs,Installations,2,2025-06-06 23:13
SR501605,Repairs,Repairs,0,2025-06-07 10:38
SR501606,Repairs,Product Advice,2,2025-06-07 05:22
SR501607,Repairs,Repairs,0,2025-06-09 10:15
SR501608,Billing,Billing,0,2025-06-06 20:12
SR501609,Warranty Claims,Warranty Claims,0,2025-06-06 19:07
SR501610,Returns & Replacement,Returns & Replacement,0,2025-06-08 13:31
SR501611,Installations,Installations,0,2025-06-07 04:34
SR501612,Warranty Claims,Warranty Claims,0,2025-06-08 21:58
SR501613,Billing,Billing,0,2025-06-06 17:06
SR501614,Installations,Installations,0,2025-06-06 17:12
SR501615,Repairs,Installations,2,2025-06-07 20:09
SR501616,Returns & Replacement,Returns & Replacement,0,2025-06-07 14:14
SR501617,Warranty Claims,Warranty Claims,1,2025-06-07 15:34
SR501618,Returns & Replacement,Returns & Replacement,0,2025-06-07 00:12
SR501619,Repairs,Repairs,0,2025-06-06 18:25
SR501620,Repairs,Repairs,0,2025-06-06 19:10
SR501621,Consumables,Consumables,0,2025-06-06 20:44
SR501622,Installations,Installations,0,2025-06-07 03:34
SR501623,Repairs,Repairs,0,2025-06-06 23:30
SR501624,Installations,Installations,0,2025-06-07 00:56
SR501625,Product Advice,Product Advice,0,2025-06-07 06:01
SR501626,Product Advice,Product Advice,0,2025-06-07 08:53
SR501627,Warranty Claims,Warranty Claims,0,2025-06-07 09:07
SR501628,Repairs,Warranty Claims,1,2025-06-08 06:41
SR501629,Consumables,Consumables,0,2025-06-07 03:46
SR501630,Repairs,Installations,1,2025-06-09 01:59
SR501631,Billing,Billing,0,2025-06-07 07:16
SR501632,Consumables,Repairs,2,2025-06-07 16:45
SR501633,Warranty Claims,Warranty Claims,0,2025-06-07 17:05
SR501634,Warranty Claims,Warranty Claims,0,2025-06-07 07:38
SR501635,Repairs,Repairs,1,2025-06-08 02:48
SR501636,Repairs,Repairs,0,2025-06-07 22:49
SR501637,Repairs,Repairs,0,2025-06-07 23:28
SR501638,Consumables,Consumables,0,2025-06-08 00:33
SR501639,Installations,Installations,0,2025-06-07 20:44
SR501640,Installations,Installations,1,2025-06-08 13:08
SR501641,Repairs,Repairs,1,2025-06-08 02:52
SR501642,Installations,Installations,0,2025-06-08 04:12
SR501643,Repairs,Repairs,0,2025-06-08 00:47
SR501644,Repairs,Repairs,0,2025-06-08 03:22
SR501645,Billing,Installations,2,2025-06-08 19:33
SR501646,Repairs,Consumables,1,2025-06-08 05:51
SR501647,Warranty Claims,Warranty Claims,0,2025-06-08 09:14
SR501648,Product Advice,Product Advice,0,2025-06-08 06:11
SR501649,Installations,Installations,0,2025-06-08 09:57
SR501650,Repairs,Repairs,0,2025-06-08 01:37
SR501651,Installations,Installations,0,2025-06-08 05:50
SR501652,Repairs,Repairs,0,2025-06-08 08:58
SR501653,Product Advice,Product Advice,0,2025-06-08 14:14
SR501654,Repairs,Repairs,0,2025-06-08 11:10
SR501655,Billing,Billing,0,2025-06-08 17:13
SR501656,Installations,Installations,0,2025-06-08 10:00
SR501657,Product Advice,Product Advice,0,2025-06-08 14:19
SR501658,Product Advice,Product Advice,0,2025-06-09 10:48
SR501659,Repairs,Repairs,0,2025-06-11 22:23
SR501660,Billing,Returns & Replacement,2,2025-06-09 06:07
SR501661,Repairs,Repairs,0,2025-06-08 18:42
SR501662,Warranty Claims,Warranty Claims,0,2025-06-08 23:04
SR501663,Billing,Returns & Replacement,2,2025-06-09 05:57
SR501664,Repairs,Repairs,0,2025-06-09 01:36
SR501665,Billing,Billing,0,2025-06-09 14:39
SR501666,Billing,Billing,0,2025-06-08 16:08
SR501667,Repairs,Repairs,0,2025-06-08 23:20
SR501668,Product Advice,Product Advice,0,2025-06-09 17:10
SR501669,Product Advice,Product Advice,0,2025-06-08 21:23
SR501670,Installations,Installations,0,2025-06-09 12:12
SR501671,Installations,Installations,0,2025-06-10 17:19
SR501672,Returns & Replacement,Returns & Replacement,0,2025-06-09 09:16
SR501673,Repairs,Returns & Replacement,0,2025-06-09 14:31
SR501674,Repairs,Installations,1,2025-06-09 07:29
SR501675,Repairs,Returns & Replacement,1,2025-06-09 13:30
SR501676,Repairs,Repairs,0,2025-06-09 17:51
SR501677,Consumables,Repairs,2,2025-06-09 17:57
SR501678,Consumables,Consumables,0,2025-06-09 12:04
SR501679,Billing,Billing,0,2025-06-09 19:38
SR501680,Repairs,Installations,1,2025-06-09 16:06
SR501681,Product Advice,Product Advice,0,2025-06-10 01:35
SR501682,Warranty Claims,Warranty Claims,0,2025-06-09 15:08
SR501683,Product Advice,Product Advice,0,2025-06-10 07:05
SR501684,Product Advice,Product Advice,0,2025-06-09 22:09
SR501685,Product Advice,Product Advice,0,2025-06-09 17:08
SR501686,Product Advice,Product Advice,0,2025-06-09 12:29
SR501687,Installations,Installations,0,2025-06-10 05:05
SR501688,Billing,Billing,0,2025-06-09 15:15
SR501689,Installations,Installations,0,2025-06-09 21:10
SR501690,Consumables,Consumables,0,2025-06-09 23:15
SR501691,Warranty Claims,Warranty Claims,0,2025-06-09 20:57
SR501692,Consumables,Consumables,0,2025-06-13 14:34
SR501693,Billing,Billing,0,2025-06-10 01:39
SR501694,Product Advice,Product Advice,0,2025-06-10 01:17
SR501695,Repairs,Billing,2,2025-06-18 17:42
SR501696,Consumables,Consumables,0,2025-06-10 07:24
SR501697,Repairs,Billing,2,2025-06-11 05:57
SR501698,Consumables,Repairs,2,2025-06-10 23:47
SR501699,Installations,Installations,0,2025-06-10 06:28
SR501700,Consumables,Consumables,0,2025-06-10 10:25
SR501701,Consumables,Installations,2,2025-06-11 01:32
SR501702,Repairs,Consumables,1,2025-06-12 19:49
SR501703,Warranty Claims,Warranty Claims,0,2025-06-11 00:21
SR501704,Billing,Billing,0,2025-06-10 13:45
SR501705,Consumables,Billing,2,2025-06-11 09:49
SR501706,Returns & Replacement,Returns & Replacement,0,2025-06-10 19:56
SR501707,Product Advice,Product Advice,0,2025-06-10 22:53
SR501708,Warranty Claims,Warranty Claims,0,2025-06-10 22:38
SR501709,Consumables,Installations,1,2025-06-11 03:06
SR501710,Returns & Replacement,Returns & Replacement,0,2025-06-10 23:13
SR501711,Product Advice,Product Advice,0,2025-06-11 02:28
SR501712,Repairs,Repairs,0,2025-06-10 20:48
SR501713,Consumables,Consumables,0,2025-06-10 22:41
SR501714,Installations,Installations,0,2025-06-10 22:24
SR501715,Consumables,Product Advice,2,2025-06-11 11:26
SR501716,Repairs,Repairs,1,2025-06-11 13:26
SR501717,Repairs,Consumables,1,2025-06-11 15:10
SR501718,Repairs,Warranty Claims,2,2025-06-11 11:41
SR501719,Consumables,Billing,1,2025-06-16 00:15
SR501720,Repairs,Repairs,0,2025-06-11 04:09
SR501721,Returns & Replacement,Returns & Replacement,0,2025-06-11 08:58
SR501722,Consumables,Consumables,1,2025-06-11 20:25
SR501723,Product Advice,Product Advice,0,2025-06-14 03:16
SR501724,Consumables,Consumables,0,2025-06-11 23:40
SR501725,Billing,Returns & Replacement,1,2025-06-11 19:26
SR501726,Consumables,Repairs,1,2025-06-11 11:08
SR501727,Returns & Replacement,Returns & Replacement,0,2025-06-12 04:01
SR501728,Product Advice,Product Advice,0,2025-06-12 06:23
SR501729,Warranty Claims,Warranty Claims,0,2025-06-11 20:10
SR501730,Repairs,Repairs,0,2025-06-12 09:24
SR501731,Repairs,Returns & Replacement,1,2025-06-12 06:50
SR501732,Returns & Replacement,Returns & Replacement,0,2025-06-11 21:56
SR501733,Repairs,Returns & Replacement,1,2025-06-12 04:44
SR501734,Billing,Billing,0,2025-06-12 13:08
SR501735,Billing,Billing,0,2025-06-11 21:17
SR501736,Repairs,Repairs,0,2025-06-11 19:50
SR501737,Product Advice,Product Advice,0,2025-06-14 14:51
SR501738,Installations,Installations,0,2025-06-12 08:13
SR501739,Repairs,Repairs,0,2025-06-12 12:35
SR501740,Repairs,Warranty Claims,1,2025-06-12 02:11
SR501741,Installations,Installations,0,2025-06-13 07:02
SR501742,Warranty Claims,Warranty Claims,0,2025-06-11 23:08
SR501743,Repairs,Repairs,0,2025-06-12 12:05
SR501744,Repairs,Repairs,0,2025-06-12 07:03
SR501745,Product Advice,Product Advice,0,2025-06-12 10:04
SR501746,Product Advice,Product Advice,0,2025-06-12 07:29
SR501747,Warranty Claims,Warranty Claims,0,2025-06-12 21:25
SR501748,Consumables,Consumables,0,2025-06-12 07:49
SR501749,Returns & Replacement,Returns & Replacement,0,2025-06-12 15:57
SR501750,Billing,Repairs,2,2025-06-14 21:40
SR501751,Warranty Claims,Warranty Claims,0,2025-06-13 08:19
SR501752,Consumables,Consumables,0,2025-06-13 14:31
SR501753,Repairs,Repairs,0,2025-06-12 16:31
SR501754,Billing,Billing,0,2025-06-12 12:11
SR501755,Repairs,Repairs,0,2025-06-13 02:55
SR501756,Repairs,Repairs,0,2025-06-13 04:16
SR501757,Warranty Claims,Warranty Claims,0,2025-06-12 15:52
SR501758,Repairs,Repairs,1,2025-06-13 01:10
SR501759,Billing,Billing,0,2025-06-13 12:20
SR501760,Repairs,Billing,1,2025-06-13 09:30
SR501761,Repairs,Billing,2,2025-06-13 05:30
SR501762,Repairs,Repairs,0,2025-06-13 08:23
SR501763,Billing,Billing,0,2025-06-13 14:47
SR501764,Billing,Billing,0,2025-06-13 22:41
SR501765,Consumables,Repairs,2,2025-06-14 02:58
SR501766,Consumables,Consumables,0,2025-06-13 20:09
SR501767,Repairs,Repairs,0,2025-06-13 17:09
SR501768,Consumables,Consumables,0,2025-06-13 20:40
SR501769,Billing,Repairs,1,2025-06-14 03:34
SR501770,Billing,Billing,0,2025-06-13 22:58
SR501771,Billing,Billing,0,2025-06-14 13:01
SR501772,Repairs,Warranty Claims,1,2025-06-14 00:17
SR501773,Billing,Billing,0,2025-06-13 23:58
SR501774,Installations,Installations,0,2025-06-14 09:01
SR501775,Returns & Replacement,Returns & Replacement,0,2025-06-14 17:25
SR501776,Installations,Installations,0,2025-06-14 08:59
SR501777,Product Advice,Product Advice,0,2025-06-14 13:38
SR501778,Repairs,Repairs,0,2025-06-14 06:17
SR501779,Repairs,Repairs,0,2025-06-14 23:15
SR501780,Billing,Billing,0,2025-06-14 09:03
SR501781,Repairs,Repairs,0,2025-06-14 07:42
SR501782,Repairs,Product Advice,2,2025-06-17 01:50
SR501783,Returns & Replacement,Returns & Replacement,0,2025-06-14 08:50
SR501784,Billing,Billing,0,2025-06-14 12:01
SR501785,Repairs,Repairs,0,2025-06-15 03:08
SR501786,Consumables,Consumables,0,2025-06-14 19:11
SR501787,Warranty Claims,Warranty Claims,0,2025-06-14 12:01
SR501788,Consumables,Repairs,1,2025-06-16 08:15
SR501789,Repairs,Repairs,0,2025-06-14 21:23
SR501790,Returns & Replacement,Returns & Replacement,0,2025-06-17 00:32
SR501791,Installations,Installations,0,2025-06-15 05:55
SR501792,Repairs,Consumables,1,2025-06-15 02:29
SR501793,Returns & Replacement,Returns & Replacement,0,2025-06-14 23:54
SR501794,Returns & Replacement,Returns & Replacement,0,2025-06-15 03:21
SR501795,Billing,Billing,0,2025-06-15 08:52
SR501796,Repairs,Consumables,2,2025-06-15 20:44
SR501797,Repairs,Consumables,2,2025-06-16 10:26
SR501798,Repairs,Repairs,0,2025-06-15 05:10
SR501799,Repairs,Repairs,1,2025-06-15 06:48
SR501800,Repairs,Warranty Claims,2,2025-06-15 17:44
SR501801,Installations,Installations,0,2025-06-15 21:15
SR501802,Repairs,Repairs,0,2025-06-15 07:07
SR501803,Warranty Claims,Warranty Claims,0,2025-06-16 04:49
SR501804,Warranty Claims,Warranty Claims,0,2025-06-15 16:14
SR501805,Warranty Claims,Product Advice,0,2025-06-15 13:54
SR501806,Warranty Claims,Warranty Claims,0,2025-06-15 21:38
SR501807,Consumables,Repairs,2,2025-06-16 06:33
SR501808,Billing,Billing,0,2025-06-17 07:43
SR501809,Consumables,Product Advice,2,2025-06-17 06:13
SR501810,Billing,Billing,0,2025-06-16 02:33
SR501811,Repairs,Consumables,2,2025-06-15 23:02
SR501812,Consumables,Returns & Replacement,1,2025-06-15 19:33
SR501813,Repairs,Product Advice,2,2025-06-16 19:48
SR501814,Repairs,Repairs,0,2025-06-15 23:17
SR501815,Billing,Billing,0,2025-06-15 23:11
SR501816,Returns & Replacement,Returns & Replacement,0,2025-06-16 05:39
SR501817,Billing,Billing,0,2025-06-16 03:37
SR501818,Warranty Claims,Warranty Claims,0,2025-06-15 23:10
SR501819,Warranty Claims,Warranty Claims,0,2025-06-16 11:18
SR501820,Billing,Billing,0,2025-06-15 23:14
SR501821,Repairs,Repairs,0,2025-06-16 05:39
SR501822,Repairs,Repairs,0,2025-06-16 00:32
SR501823,Repairs,Repairs,0,2025-06-16 02:20
SR501824,Consumables,Consumables,0,2025-06-16 09:55
SR501825,Consumables,Repairs,1,2025-06-16 17:12
SR501826,Repairs,Repairs,1,2025-06-16 09:59
SR501827,Installations,Installations,0,2025-06-17 05:59
SR501828,Billing,Billing,0,2025-06-17 01:31
SR501829,Returns & Replacement,Returns & Replacement,0,2025-06-16 04:54
SR501830,Repairs,Returns & Replacement,2,2025-06-16 19:05
SR501831,Returns & Replacement,Returns & Replacement,0,2025-06-17 15:12
SR501832,Warranty Claims,Warranty Claims,0,2025-06-16 11:52
SR501833,Repairs,Returns & Replacement,2,2025-06-16 18:34
SR501834,Returns & Replacement,Returns & Replacement,0,2025-06-17 11:53
SR501835,Installations,Installations,0,2025-06-16 20:45
SR501836,Repairs,Repairs,0,2025-06-17 04:20
SR501837,Repairs,Product Advice,2,2025-06-17 15:48
SR501838,Billing,Billing,0,2025-06-16 11:35
SR501839,Installations,Installations,0,2025-06-17 17:29
SR501840,Warranty Claims,Warranty Claims,0,2025-06-17 19:12
SR501841,Consumables,Warranty Claims,1,2025-06-16 18:54
SR501842,Repairs,Installations,1,2025-06-16 16:52
SR501843,Returns & Replacement,Returns & Replacement,0,2025-06-18 02:42
SR501844,Billing,Billing,0,2025-06-16 19:59
SR501845,Consumables,Consumables,0,2025-06-17 03:47
SR501846,Consumables,Returns & Replacement,2,2025-06-17 08:49
SR501847,Repairs,Repairs,0,2025-06-17 00:34
SR501848,Repairs,Repairs,0,2025-06-16 21:29
SR501849,Repairs,Billing,0,2025-06-17 06:51
SR501850,Returns & Replacement,Returns & Replacement,0,2025-06-17 09:04
SR501851,Installations,Installations,0,2025-06-17 04:10
SR501852,Installations,Product Advice,1,2025-06-17 21:06
SR501853,Product Advice,Product Advice,0,2025-06-17 13:51
SR501854,Returns & Replacement,Returns & Replacement,0,2025-06-17 08:45
SR501855,Warranty Claims,Warranty Claims,0,2025-06-17 14:48
SR501856,Product Advice,Product Advice,0,2025-06-17 19:56
SR501857,Repairs,Consumables,1,2025-06-17 11:17
SR501858,Billing,Warranty Claims,2,2025-06-18 06:02
SR501859,Billing,Billing,0,2025-06-17 18:29
SR501860,Warranty Claims,Warranty Claims,0,2025-06-17 10:59
SR501861,Returns & Replacement,Returns & Replacement,0,2025-06-17 12:00
SR501862,Repairs,Repairs,0,2025-06-17 14:38
SR501863,Installations,Installations,0,2025-06-18 07:59
SR501864,Product Advice,Product Advice,0,2025-06-17 17:35
SR501865,Billing,Billing,0,2025-06-18 04:10
SR501866,Repairs,Repairs,0,2025-06-18 14:15
SR501867,Warranty Claims,Warranty Claims,0,2025-06-17 23:30
SR501868,Consumables,Consumables,0,2025-06-18 10:31
SR501869,Product Advice,Product Advice,0,2025-06-19 17:14
SR501870,Repairs,Warranty Claims,2,2025-06-19 13:50
SR501871,Repairs,Repairs,0,2025-06-18 07:56
SR501872,Billing,Billing,0,2025-06-18 09:51
SR501873,Billing,Billing,0,2025-06-18 19:39
SR501874,Product Advice,Product Advice,0,2025-06-18 23:02
SR501875,Repairs,Repairs,0,2025-06-19 07:18
SR501876,Returns & Replacement,Returns & Replacement,0,2025-06-18 14:06
SR501877,Repairs,Repairs,1,2025-06-18 17:09
SR501878,Repairs,Repairs,0,2025-06-19 02:33
SR501879,Returns & Replacement,Returns & Replacement,0,2025-06-19 01:56
SR501880,Installations,Installations,0,2025-06-18 22:16
SR501881,Product Advice,Product Advice,0,2025-06-19 01:23
SR501882,Repairs,Repairs,0,2025-06-19 19:30
SR501883,Repairs,Repairs,0,2025-06-19 00:53
SR501884,Installations,Consumables,2,2025-06-19 01:56
SR501885,Billing,Billing,0,2025-06-18 17:20
SR501886,Product Advice,Product Advice,0,2025-06-18 22:13
SR501887,Billing,Billing,0,2025-06-19 00:37
SR501888,Warranty Claims,Warranty Claims,0,2025-06-19 03:40
SR501889,Product Advice,Product Advice,0,2025-06-18 23:35
SR501890,Consumables,Consumables,1,2025-06-20 01:36
SR501891,Repairs,Repairs,0,2025-06-19 13:30
SR501892,Returns & Replacement,Consumables,0,2025-06-19 04:39
SR501893,Warranty Claims,Warranty Claims,0,2025-06-19 15:46
SR501894,Returns & Replacement,Returns & Replacement,0,2025-06-19 14:12
SR501895,Installations,Installations,0,2025-06-19 12:00
SR501896,Installations,Installations,0,2025-06-19 06:11
SR501897,Consumables,Installations,2,2025-06-20 07:14
SR501898,Repairs,Repairs,1,2025-06-19 13:03
SR501899,Repairs,Billing,2,2025-06-20 13:20
SR501900,Installations,Installations,0,2025-06-19 22:57
SR501901,Warranty Claims,Warranty Claims,0,2025-06-20 20:50
SR501902,Installations,Installations,0,2025-06-19 15:14
SR501903,Warranty Claims,Warranty Claims,0,2025-06-19 20:17
SR501904,Repairs,Consumables,1,2025-06-20 01:23
SR501905,Repairs,Billing,2,2025-06-20 02:31
SR501906,Warranty Claims,Warranty Claims,1,2025-06-20 03:39
SR501907,Repairs,Repairs,0,2025-06-19 12:02
SR501908,Consumables,Consumables,0,2025-06-20 12:20
SR501909,Repairs,Product Advice,2,2025-06-21 02:49
SR501910,Billing,Repairs,2,2025-06-20 04:14
SR501911,Billing,Returns & Replacement,2,2025-06-21 05:03
SR501912,Consumables,Consumables,0,2025-06-21 08:09
SR501913,Repairs,Repairs,0,2025-06-19 16:19
SR501914,Billing,Billing,0,2025-06-19 20:10
SR501915,Product Advice,Product Advice,0,2025-06-19 20:37
SR501916,Product Advice,Product Advice,0,2025-06-20 01:24
SR501917,Billing,Billing,0,2025-06-19 21:46
SR501918,Returns & Replacement,Returns & Replacement,0,2025-06-20 09:04
SR501919,Returns & Replacement,Returns & Replacement,0,2025-06-20 03:05
SR501920,Repairs,Repairs,0,2025-06-20 04:01
SR501921,Installations,Installations,0,2025-06-19 23:27
SR501922,Consumables,Installations,1,2025-06-20 05:19
SR501923,Billing,Warranty Claims,2,2025-06-20 08:58
SR501924,Consumables,Consumables,0,2025-06-20 19:08
SR501925,Installations,Installations,0,2025-06-20 20:23
SR501926,Installations,Installations,0,2025-06-20 08:00
SR501927,Warranty Claims,Warranty Claims,0,2025-06-20 16:44
SR501928,Repairs,Repairs,0,2025-06-20 07:08
SR501929,Consumables,Consumables,0,2025-06-20 11:55
SR501930,Consumables,Consumables,0,2025-06-20 09:48
SR501931,Consumables,Returns & Replacement,1,2025-06-20 22:41
SR501932,Repairs,Repairs,0,2025-06-20 08:21
SR501933,Warranty Claims,Warranty Claims,0,2025-06-20 10:54
SR501934,Repairs,Repairs,0,2025-06-20 16:42
SR501935,Warranty Claims,Warranty Claims,0,2025-06-20 18:09
SR501936,Consumables,Returns & Replacement,2,2025-06-22 05:13
SR501937,Billing,Billing,1,2025-06-20 18:48
SR501938,Installations,Installations,0,2025-06-21 02:19
SR501939,Repairs,Repairs,0,2025-06-21 07:26
SR501940,Repairs,Repairs,0,2025-06-22 11:26
SR501941,Billing,Billing,0,2025-06-21 03:10
SR501942,Returns & Replacement,Returns & Replacement,0,2025-06-21 04:42
SR501943,Billing,Returns & Replacement,1,2025-06-21 16:32
SR501944,Repairs,Repairs,0,2025-06-21 13:41
SR501945,Billing,Returns & Replacement,2,2025-06-23 21:41
SR501946,Consumables,Consumables,0,2025-06-21 06:05
SR501947,Installations,Installations,0,2025-06-21 09:48
SR501948,Repairs,Repairs,0,2025-06-21 16:10
SR501949,Product Advice,Product Advice,0,2025-06-21 17:41
SR501950,Product Advice,Product Advice,0,2025-06-21 21:33
SR501951,Consumables,Consumables,0,2025-06-21 14:41
SR501952,Billing,Billing,0,2025-06-21 19:59
SR501953,Repairs,Repairs,1,2025-06-21 18:11
SR501954,Returns & Replacement,Returns & Replacement,0,2025-06-21 15:16
SR501955,Repairs,Billing,1,2025-06-21 17:26
SR501956,Installations,Installations,0,2025-06-22 08:05
SR501957,Billing,Billing,0,2025-06-22 04:35
SR501958,Returns & Replacement,Returns & Replacement,0,2025-06-21 20:22
SR501959,Warranty Claims,Warranty Claims,0,2025-06-22 09:42
SR501960,Repairs,Repairs,0,2025-06-22 09:22
SR501961,Billing,Installations,2,2025-06-22 13:12
SR501962,Repairs,Installations,2,2025-06-22 19:15
SR501963,Consumables,Consumables,0,2025-06-21 22:00
SR501964,Billing,Billing,0,2025-06-22 15:40
SR501965,Installations,Installations,0,2025-06-23 08:40
SR501966,Billing,Billing,0,2025-06-22 04:00
SR501967,Warranty Claims,Warranty Claims,0,2025-06-22 02:55
SR501968,Product Advice,Product Advice,0,2025-06-22 01:55
SR501969,Returns & Replacement,Returns & Replacement,0,2025-06-22 15:07
SR501970,Warranty Claims,Warranty Claims,0,2025-06-22 11:56
SR501971,Warranty Claims,Warranty Claims,0,2025-06-23 15:04
SR501972,Installations,Installations,0,2025-06-22 09:53
SR501973,Repairs,Repairs,0,2025-06-22 10:58
SR501974,Billing,Billing,0,2025-06-22 12:59
SR501975,Product Advice,Product Advice,0,2025-06-22 11:48
SR501976,Billing,Returns & Replacement,2,2025-06-24 17:27
SR501977,Billing,Repairs,2,2025-06-23 13:05
SR501978,Installations,Installations,0,2025-06-22 14:21
SR501979,Product Advice,Product Advice,0,2025-06-22 14:45
SR501980,Consumables,Repairs,1,2025-06-22 15:51
SR501981,Repairs,Repairs,0,2025-06-22 19:48
SR501982,Warranty Claims,Warranty Claims,0,2025-06-23 05:12
SR501983,Warranty Claims,Warranty Claims,0,2025-06-22 18:28
SR501984,Billing,Billing,0,2025-06-23 04:31
SR501985,Installations,Installations,0,2025-06-22 21:44
SR501986,Product Advice,Product Advice,0,2025-06-23 00:11
SR501987,Returns & Replacement,Returns & Replacement,0,2025-06-23 01:04
SR501988,Product Advice,Product Advice,0,2025-06-22 17:18
SR501989,Warranty Claims,Warranty Claims,0,2025-06-24 14:49
SR501990,Consumables,Consumables,1,2025-06-23 05:57
SR501991,Repairs,Repairs,0,2025-06-23 11:12
SR501992,Product Advice,Product Advice,0,2025-06-22 22:14
SR501993,Billing,Billing,0,2025-06-23 06:06
SR501994,Product Advice,Product Advice,0,2025-06-24 00:25
SR501995,Consumables,Repairs,2,2025-06-23 07:32
SR501996,Installations,Installations,1,2025-06-23 08:27
SR501997,Returns & Replacement,Returns & Replacement,0,2025-06-23 09:33
SR501998,Installations,Installations,0,2025-06-23 13:00
SR501999,Warranty Claims,Warranty Claims,0,2025-06-23 04:44
SR502000,Repairs,Repairs,0,2025-06-23 05:54
SR502001,Repairs,Repairs,0,2025-06-23 09:20
SR502002,Returns & Replacement,Returns & Replacement,0,2025-06-23 05:12
SR502003,Warranty Claims,Warranty Claims,0,2025-06-24 13:11
SR502004,Returns & Replacement,Returns & Replacement,0,2025-06-23 07:48
SR502005,Consumables,Repairs,0,2025-06-23 05:58
SR502006,Product Advice,Product Advice,0,2025-06-23 10:51
SR502007,Repairs,Repairs,0,2025-06-23 12:11
SR502008,Repairs,Returns & Replacement,1,2025-06-23 15:09
SR502009,Installations,Installations,0,2025-06-24 00:49
SR502010,Repairs,Billing,1,2025-06-23 21:42
SR502011,Consumables,Consumables,0,2025-06-23 22:47
SR502012,Billing,Repairs,2,2025-06-25 09:02
SR502013,Billing,Billing,0,2025-06-24 02:08
SR502014,Warranty Claims,Warranty Claims,0,2025-06-23 21:23
SR502015,Consumables,Consumables,0,2025-06-24 13:14
SR502016,Billing,Billing,0,2025-06-24 04:17
SR502017,Returns & Replacement,Returns & Replacement,0,2025-06-24 02:57
SR502018,Product Advice,Product Advice,0,2025-06-24 11:00
SR502019,Warranty Claims,Installations,1,2025-06-24 18:22
SR502020,Returns & Replacement,Returns & Replacement,0,2025-06-25 15:23
SR502021,Installations,Installations,0,2025-06-24 10:21
SR502022,Product Advice,Product Advice,0,2025-06-24 03:47
SR502023,Returns & Replacement,Installations,0,2025-06-24 07:46
SR502024,Billing,Returns & Replacement,2,2025-06-25 09:40
SR502025,Consumables,Consumables,0,2025-06-24 09:35
SR502026,Billing,Warranty Claims,1,2025-06-24 14:32
SR502027,Warranty Claims,Warranty Claims,0,2025-06-24 16:56
SR502028,Repairs,Repairs,0,2025-06-24 12:45
SR502029,Product Advice,Product Advice,0,2025-06-24 19:34
SR502030,Product Advice,Product Advice,0,2025-06-25 19:19
SR502031,Returns & Replacement,Returns & Replacement,0,2025-06-24 23:36
SR502032,Returns & Replacement,Returns & Replacement,1,2025-06-24 22:49
SR502033,Repairs,Repairs,0,2025-06-24 19:28
SR502034,Repairs,Repairs,0,2025-06-24 18:03
SR502035,Consumables,Consumables,0,2025-06-24 20:38
SR502036,Consumables,Consumables,0,2025-06-26 00:04
SR502037,Warranty Claims,Warranty Claims,0,2025-06-25 07:06
SR502038,Repairs,Repairs,0,2025-06-25 10:25
SR502039,Billing,Warranty Claims,1,2025-06-25 02:39
SR502040,Product Advice,Consumables,0,2025-06-26 00:20
SR502041,Product Advice,Product Advice,0,2025-06-24 23:13
SR502042,Warranty Claims,Warranty Claims,0,2025-06-25 16:42
SR502043,Consumables,Consumables,0,2025-06-25 01:09
SR502044,Consumables,Consumables,0,2025-06-25 00:43
SR502045,Billing,Returns & Replacement,2,2025-06-25 10:11
SR502046,Consumables,Consumables,0,2025-06-25 22:16
SR502047,Billing,Billing,0,2025-06-25 02:33
SR502048,Installations,Installations,1,2025-06-25 15:08
SR502049,Billing,Returns & Replacement,2,2025-06-25 05:04
SR502050,Billing,Billing,0,2025-06-26 02:57
SR502051,Consumables,Consumables,0,2025-06-26 09:49
SR502052,Installations,Installations,0,2025-06-25 18:47
SR502053,Installations,Installations,0,2025-06-25 15:28
SR502054,Consumables,Consumables,0,2025-06-25 21:04
SR502055,Repairs,Repairs,0,2025-06-25 18:31
SR502056,Product Advice,Product Advice,0,2025-06-25 23:11
SR502057,Consumables,Repairs,1,2025-06-26 11:03
SR502058,Product Advice,Product Advice,0,2025-06-26 10:55
SR502059,Returns & Replacement,Returns & Replacement,0,2025-06-26 10:32
SR502060,Installations,Installations,0,2025-06-26 10:01
SR502061,Product Advice,Product Advice,0,2025-06-26 10:42
SR502062,Warranty Claims,Warranty Claims,0,2025-06-26 16:03
SR502063,Returns & Replacement,Returns & Replacement,0,2025-06-26 13:31
SR502064,Returns & Replacement,Returns & Replacement,0,2025-06-26 23:55
SR502065,Product Advice,Product Advice,0,2025-06-27 07:55
SR502066,Billing,Billing,0,2025-06-26 08:43
SR502067,Consumables,Billing,2,2025-06-26 19:39
SR502068,Repairs,Product Advice,1,2025-06-28 09:17
SR502069,Returns & Replacement,Returns & Replacement,0,2025-06-26 14:28
SR502070,Repairs,Repairs,0,2025-06-26 20:03
SR502071,Billing,Repairs,1,2025-06-27 14:02
SR502072,Repairs,Repairs,0,2025-06-26 17:17
SR502073,Warranty Claims,Warranty Claims,0,2025-06-26 13:13
SR502074,Repairs,Warranty Claims,1,2025-06-27 05:48
SR502075,Warranty Claims,Warranty Claims,0,2025-06-26 15:19
SR502076,Billing,Billing,0,2025-06-27 03:57
SR502077,Billing,Repairs,1,2025-06-27 06:38
SR502078,Returns & Replacement,Returns & Replacement,1,2025-06-27 06:18
SR502079,Repairs,Repairs,0,2025-06-27 04:52
SR502080,Repairs,Repairs,0,2025-06-26 19:14
SR502081,Warranty Claims,Warranty Claims,0,2025-06-27 22:03
SR502082,Billing,Billing,0,2025-06-26 23:42
SR502083,Consumables,Consumables,0,2025-06-27 00:30
SR502084,Repairs,Consumables,2,2025-06-28 01:55
SR502085,Installations,Installations,0,2025-06-27 06:48
SR502086,Repairs,Repairs,0,2025-06-27 04:22
SR502087,Consumables,Repairs,2,2025-06-27 08:36
SR502088,Repairs,Repairs,0,2025-06-27 00:44
SR502089,Product Advice,Product Advice,0,2025-06-27 01:35
SR502090,Repairs,Billing,2,2025-06-27 21:39
SR502091,Warranty Claims,Warranty Claims,0,2025-06-27 19:16
SR502092,Returns & Replacement,Returns & Replacement,0,2025-06-27 15:53
SR502093,Repairs,Installations,1,2025-06-27 17:50
SR502094,Repairs,Repairs,0,2025-06-27 09:44
SR502095,Product Advice,Product Advice,0,2025-06-27 10:22
SR502096,Repairs,Repairs,0,2025-06-27 11:29
SR502097,Consumables,Repairs,2,2025-06-27 18:07
SR502098,Repairs,Warranty Claims,2,2025-06-27 16:02
SR502099,Product Advice,Product Advice,1,2025-06-27 19:39
SR502100,Warranty Claims,Warranty Claims,0,2025-06-27 15:58
SR502101,Returns & Replacement,Returns & Replacement,0,2025-06-28 02:30
SR502102,Repairs,Installations,2,2025-07-03 17:04
SR502103,Returns & Replacement,Returns & Replacement,0,2025-06-29 11:48
SR502104,Billing,Billing,0,2025-06-27 21:56
SR502105,Billing,Repairs,1,2025-06-28 22:39
SR502106,Returns & Replacement,Returns & Replacement,0,2025-06-27 22:57
SR502107,Consumables,Consumables,0,2025-06-28 16:41
SR502108,Billing,Billing,1,2025-06-28 09:34
SR502109,Product Advice,Product Advice,0,2025-06-28 04:52
SR502110,Consumables,Consumables,0,2025-06-28 21:15
SR502111,Billing,Billing,0,2025-06-28 18:55
SR502112,Repairs,Repairs,0,2025-06-28 03:31
SR502113,Billing,Consumables,2,2025-06-28 18:45
SR502114,Consumables,Consumables,0,2025-06-28 06:57
SR502115,Billing,Warranty Claims,2,2025-06-29 02:49
SR502116,Installations,Installations,0,2025-06-28 11:36
SR502117,Product Advice,Product Advice,0,2025-06-28 11:32
SR502118,Billing,Billing,1,2025-06-28 12:55
SR502119,Warranty Claims,Warranty Claims,0,2025-06-28 11:19
SR502120,Repairs,Repairs,1,2025-06-28 11:57
SR502121,Repairs,Billing,2,2025-06-28 15:08
SR502122,Consumables,Repairs,1,2025-06-28 20:32
SR502123,Consumables,Consumables,0,2025-06-28 23:35
SR502124,Product Advice,Product Advice,0,2025-06-28 19:13
SR502125,Consumables,Installations,2,2025-07-01 12:11
SR502126,Repairs,Repairs,0,2025-06-28 21:25
SR502127,Billing,Billing,0,2025-06-28 23:18
SR502128,Repairs,Repairs,0,2025-06-29 08:30
SR502129,Repairs,Repairs,0,2025-06-28 22:16
SR502130,Product Advice,Product Advice,0,2025-06-30 00:27
SR502131,Consumables,Repairs,2,2025-06-29 13:46
SR502132,Billing,Billing,0,2025-06-29 02:14
SR502133,Returns & Replacement,Returns & Replacement,0,2025-06-29 20:13
SR502134,Warranty Claims,Warranty Claims,0,2025-06-30 04:29
SR502135,Consumables,Consumables,0,2025-06-29 07:21
SR502136,Repairs,Repairs,0,2025-06-29 12:52
SR502137,Repairs,Consumables,2,2025-06-29 18:55
SR502138,Repairs,Warranty Claims,2,2025-06-29 16:20
SR502139,Product Advice,Product Advice,0,2025-06-29 18:08
SR502140,Repairs,Installations,2,2025-06-30 13:30
SR502141,Consumables,Repairs,1,2025-06-30 10:56
SR502142,Billing,Installations,2,2025-06-30 04:44
SR502143,Billing,Billing,0,2025-06-29 16:05
SR502144,Installations,Repairs,1,2025-06-29 21:34
SR502145,Returns & Replacement,Returns & Replacement,0,2025-06-29 15:13
SR502146,Consumables,Consumables,0,2025-06-30 02:32
SR502147,Warranty Claims,Warranty Claims,0,2025-06-29 23:14
SR502148,Repairs,Returns & Replacement,2,2025-07-01 06:17
SR502149,Repairs,Repairs,0,2025-06-29 22:46
SR502150,Installations,Installations,0,2025-07-01 01:26
SR502151,Billing,Billing,0,2025-06-30 00:11
SR502152,Repairs,Repairs,0,2025-06-30 02:34
SR502153,Warranty Claims,Warranty Claims,0,2025-07-01 16:39
SR502154,Repairs,Returns & Replacement,2,2025-06-30 12:45
SR502155,Consumables,Consumables,1,2025-06-30 11:39
SR502156,Warranty Claims,Warranty Claims,1,2025-07-01 00:00
SR502157,Repairs,Warranty Claims,2,2025-07-01 12:08
SR502158,Product Advice,Product Advice,0,2025-07-01 02:41
SR502159,Repairs,Repairs,0,2025-06-30 12:20
SR502160,Billing,Repairs,1,2025-07-04 03:10
SR502161,Installations,Installations,0,2025-06-30 12:59
SR502162,Warranty Claims,Warranty Claims,0,2025-07-01 03:37
SR502163,Billing,Billing,0,2025-06-30 22:32
SR502164,Consumables,Repairs,1,2025-07-03 21:14
SR502165,Repairs,Repairs,0,2025-07-01 02:55
SR502166,Repairs,Repairs,1,2025-07-03 17:24
SR502167,Repairs,Product Advice,1,2025-07-01 02:56
SR502168,Warranty Claims,Warranty Claims,0,2025-07-01 02:21
SR502169,Billing,Installations,1,2025-07-02 15:49
SR502170,Installations,Warranty Claims,1,2025-07-01 17:29
SR502171,Billing,Returns & Replacement,2,2025-07-03 12:11
SR502172,Returns & Replacement,Returns & Replacement,0,2025-07-01 11:13
SR502173,Product Advice,Product Advice,0,2025-07-01 08:13
SR502174,Billing,Billing,0,2025-07-01 12:19
SR502175,Repairs,Billing,1,2025-07-02 06:36
SR502176,Billing,Billing,0,2025-07-01 09:16
SR502177,Repairs,Product Advice,2,2025-07-03 00:27
SR502178,Billing,Warranty Claims,1,2025-07-01 13:43
SR502179,Installations,Installations,0,2025-07-02 07:29
SR502180,Consumables,Consumables,0,2025-07-01 16:15
SR502181,Product Advice,Product Advice,0,2025-07-01 21:49
SR502182,Warranty Claims,Warranty Claims,0,2025-07-01 16:50
SR502183,Billing,Billing,0,2025-07-02 10:44
SR502184,Warranty Claims,Warranty Claims,0,2025-07-02 06:16
SR502185,Repairs,Repairs,0,2025-07-01 13:10
SR502186,Installations,Installations,0,2025-07-01 14:30
SR502187,Repairs,Product Advice,2,2025-07-02 01:17
SR502188,Consumables,Consumables,0,2025-07-02 00:16
SR502189,Product Advice,Product Advice,0,2025-07-01 21:07
SR502190,Consumables,Repairs,2,2025-07-05 11:36
SR502191,Repairs,Consumables,2,2025-07-02 12:17
SR502192,Billing,Returns & Replacement,1,2025-07-02 05:37
SR502193,Installations,Installations,0,2025-07-02 00:07
SR502194,Returns & Replacement,Returns & Replacement,0,2025-07-01 22:10
SR502195,Repairs,Repairs,0,2025-07-02 06:39
SR502196,Billing,Installations,1,2025-07-02 11:13
SR502197,Warranty Claims,Warranty Claims,0,2025-07-02 03:15
SR502198,Repairs,Repairs,0,2025-07-01 23:24
SR502199,Warranty Claims,Warranty Claims,0,2025-07-02 07:16
SR502200,Billing,Billing,0,2025-07-02 13:20
SR502201,Product Advice,Product Advice,0,2025-07-02 08:42
SR502202,Warranty Claims,Warranty Claims,0,2025-07-02 07:26
SR502203,Consumables,Consumables,0,2025-07-02 08:21
SR502204,Warranty Claims,Warranty Claims,0,2025-07-02 18:09
SR502205,Consumables,Consumables,0,2025-07-02 13:04
SR502206,Consumables,Repairs,2,2025-07-04 04:07
SR502207,Product Advice,Product Advice,0,2025-07-03 21:46
SR502208,Warranty Claims,Warranty Claims,0,2025-07-02 22:13
SR502209,Repairs,Repairs,0,2025-07-02 09:40
SR502210,Returns & Replacement,Returns & Replacement,0,2025-07-02 17:45
SR502211,Billing,Returns & Replacement,2,2025-07-03 18:40
SR502212,Product Advice,Product Advice,0,2025-07-02 17:18
SR502213,Consumables,Consumables,0,2025-07-03 00:26
SR502214,Returns & Replacement,Returns & Replacement,0,2025-07-03 00:39
SR502215,Returns & Replacement,Returns & Replacement,0,2025-07-02 19:06
SR502216,Product Advice,Product Advice,0,2025-07-02 19:01
SR502217,Repairs,Repairs,0,2025-07-02 20:59
SR502218,Installations,Installations,0,2025-07-03 00:16
SR502219,Repairs,Product Advice,2,2025-07-02 23:15
SR502220,Returns & Replacement,Returns & Replacement,0,2025-07-03 03:31
SR502221,Installations,Installations,0,2025-07-02 21:44
SR502222,Product Advice,Product Advice,0,2025-07-03 03:55
SR502223,Repairs,Repairs,0,2025-07-02 19:49
SR502224,Returns & Replacement,Returns & Replacement,0,2025-07-03 08:38
SR502225,Billing,Returns & Replacement,2,2025-07-03 07:58
SR502226,Returns & Replacement,Consumables,2,2025-07-03 14:55
SR502227,Returns & Replacement,Returns & Replacement,0,2025-07-03 01:50
SR502228,Warranty Claims,Warranty Claims,0,2025-07-04 08:19
SR502229,Repairs,Warranty Claims,1,2025-07-03 13:26
SR502230,Installations,Installations,0,2025-07-04 08:59
SR502231,Billing,Billing,0,2025-07-03 05:19
SR502232,Consumables,Product Advice,1,2025-07-04 15:36
SR502233,Product Advice,Product Advice,0,2025-07-03 09:32
SR502234,Returns & Replacement,Returns & Replacement,0,2025-07-03 09:09
SR502235,Repairs,Installations,1,2025-07-05 19:59
SR502236,Returns & Replacement,Returns & Replacement,0,2025-07-03 11:52
SR502237,Warranty Claims,Warranty Claims,0,2025-07-03 15:37
SR502238,Repairs,Product Advice,2,2025-07-04 17:20
SR502239,Product Advice,Product Advice,0,2025-07-03 13:22
SR502240,Installations,Installations,0,2025-07-03 23:13
SR502241,Consumables,Returns & Replacement,1,2025-07-03 19:22
SR502242,Billing,Billing,0,2025-07-03 13:33
SR502243,Repairs,Repairs,0,2025-07-03 13:22
SR502244,Repairs,Repairs,0,2025-07-04 00:15
SR502245,Installations,Installations,0,2025-07-03 16:03
SR502246,Consumables,Consumables,0,2025-07-03 16:17
SR502247,Repairs,Repairs,0,2025-07-03 22:26
SR502248,Repairs,Repairs,0,2025-07-04 06:18
SR502249,Billing,Billing,0,2025-07-03 23:24
SR502250,Warranty Claims,Warranty Claims,0,2025-07-03 19:46
SR502251,Consumables,Consumables,0,2025-07-04 04:20
SR502252,Repairs,Returns & Replacement,1,2025-07-04 06:28
SR502253,Consumables,Warranty Claims,2,2025-07-06 04:55
SR502254,Repairs,Repairs,0,2025-07-04 12:14
SR502255,Billing,Returns & Replacement,1,2025-07-04 13:53
SR502256,Product Advice,Product Advice,0,2025-07-04 16:32
SR502257,Product Advice,Product Advice,0,2025-07-04 09:01
SR502258,Repairs,Installations,1,2025-07-04 12:23
SR502259,Repairs,Repairs,0,2025-07-04 13:06
SR502260,Billing,Installations,2,2025-07-06 06:50
SR502261,Warranty Claims,Warranty Claims,0,2025-07-05 09:44
SR502262,Repairs,Repairs,0,2025-07-04 20:21
SR502263,Repairs,Repairs,0,2025-07-04 18:53
SR502264,Billing,Warranty Claims,1,2025-07-04 21:13
SR502265,Returns & Replacement,Returns & Replacement,0,2025-07-05 04:29
SR502266,Consumables,Returns & Replacement,2,2025-07-05 09:23
SR502267,Returns & Replacement,Returns & Replacement,0,2025-07-04 21:36
SR502268,Billing,Billing,0,2025-07-05 05:16
SR502269,Consumables,Consumables,0,2025-07-05 03:27
SR502270,Warranty Claims,Warranty Claims,0,2025-07-05 06:10
SR502271,Returns & Replacement,Billing,2,2025-07-06 22:33
SR502272,Product Advice,Product Advice,0,2025-07-05 19:17
SR502273,Billing,Billing,0,2025-07-05 01:36
SR502274,Billing,Repairs,2,2025-07-05 19:21
SR502275,Product Advice,Product Advice,0,2025-07-06 14:37
SR502276,Consumables,Returns & Replacement,2,2025-07-06 07:47
SR502277,Product Advice,Product Advice,0,2025-07-05 05:50
SR502278,Installations,Installations,0,2025-07-05 11:37
SR502279,Installations,Installations,0,2025-07-06 03:32
SR502280,Installations,Installations,0,2025-07-05 07:30
SR502281,Repairs,Repairs,0,2025-07-06 09:39
SR502282,Returns & Replacement,Returns & Replacement,0,2025-07-05 23:13
SR502283,Billing,Billing,0,2025-07-05 08:56
SR502284,Consumables,Repairs,2,2025-07-07 04:04
SR502285,Repairs,Repairs,0,2025-07-05 19:31
SR502286,Repairs,Repairs,0,2025-07-05 12:25
SR502287,Repairs,Repairs,0,2025-07-05 17:29
SR502288,Warranty Claims,Warranty Claims,0,2025-07-05 18:52
SR502289,Repairs,Product Advice,2,2025-07-05 23:16
SR502290,Repairs,Repairs,1,2025-07-06 03:12
SR502291,Warranty Claims,Warranty Claims,0,2025-07-05 18:46
SR502292,Warranty Claims,Warranty Claims,0,2025-07-05 18:45
SR502293,Product Advice,Product Advice,0,2025-07-06 03:32
SR502294,Installations,Installations,1,2025-07-06 01:59
SR502295,Repairs,Repairs,0,2025-07-06 14:05
SR502296,Installations,Installations,0,2025-07-06 19:36
SR502297,Warranty Claims,Warranty Claims,0,2025-07-06 13:08
SR502298,Product Advice,Product Advice,0,2025-07-06 17:44
SR502299,Repairs,Installations,2,2025-07-09 04:49
SR502300,Warranty Claims,Warranty Claims,0,2025-07-06 17:33
SR502301,Billing,Warranty Claims,1,2025-07-07 17:03
SR502302,Product Advice,Product Advice,0,2025-07-07 04:50
SR502303,Warranty Claims,Warranty Claims,0,2025-07-06 22:03
SR502304,Billing,Billing,0,2025-07-07 05:13
SR502305,Returns & Replacement,Returns & Replacement,0,2025-07-07 03:53
SR502306,Repairs,Consumables,1,2025-07-08 03:24
SR502307,Product Advice,Product Advice,0,2025-07-06 16:48
SR502308,Warranty Claims,Warranty Claims,0,2025-07-06 21:51
SR502309,Product Advice,Product Advice,0,2025-07-07 04:52
SR502310,Installations,Installations,0,2025-07-07 03:28
SR502311,Repairs,Repairs,0,2025-07-07 09:07
SR502312,Installations,Installations,0,2025-07-07 05:03
SR502313,Repairs,Repairs,0,2025-07-07 09:15
SR502314,Consumables,Repairs,1,2025-07-07 02:45
SR502315,Product Advice,Product Advice,0,2025-07-07 09:27
SR502316,Warranty Claims,Warranty Claims,0,2025-07-07 01:26
SR502317,Billing,Repairs,1,2025-07-07 14:17
SR502318,Billing,Warranty Claims,2,2025-07-08 04:45
SR502319,Product Advice,Product Advice,0,2025-07-07 08:30
SR502320,Repairs,Repairs,0,2025-07-08 09:02
SR502321,Consumables,Repairs,2,2025-07-08 18:22
SR502322,Returns & Replacement,Returns & Replacement,0,2025-07-07 16:24
SR502323,Repairs,Returns & Replacement,1,2025-07-08 01:23
SR502324,Billing,Warranty Claims,1,2025-07-07 16:48
SR502325,Repairs,Product Advice,2,2025-07-10 07:38
SR502326,Product Advice,Product Advice,0,2025-07-08 12:01
SR502327,Billing,Billing,0,2025-07-07 21:49
SR502328,Installations,Product Advice,0,2025-07-08 00:50
SR502329,Product Advice,Product Advice,0,2025-07-08 17:37
SR502330,Product Advice,Product Advice,0,2025-07-08 07:36
SR502331,Product Advice,Product Advice,0,2025-07-08 23:08
SR502332,Repairs,Installations,2,2025-07-09 21:11
SR502333,Repairs,Repairs,0,2025-07-08 07:24
SR502334,Returns & Replacement,Returns & Replacement,0,2025-07-08 10:19
SR502335,Consumables,Consumables,0,2025-07-09 05:07
SR502336,Consumables,Billing,2,2025-07-08 15:53
SR502337,Product Advice,Product Advice,0,2025-07-08 17:05
SR502338,Warranty Claims,Warranty Claims,0,2025-07-09 15:09
SR502339,Installations,Installations,0,2025-07-08 17:11
SR502340,Billing,Billing,0,2025-07-08 21:04
SR502341,Repairs,Repairs,0,2025-07-08 12:47
SR502342,Repairs,Repairs,0,2025-07-08 18:53
SR502343,Installations,Installations,0,2025-07-08 22:12
SR502344,Warranty Claims,Warranty Claims,0,2025-07-08 19:00
SR502345,Installations,Installations,0,2025-07-08 16:17
SR502346,Product Advice,Product Advice,0,2025-07-08 12:29
SR502347,Consumables,Consumables,0,2025-07-08 19:43
SR502348,Product Advice,Product Advice,0,2025-07-08 19:30
SR502349,Consumables,Consumables,0,2025-07-09 03:14
SR502350,Returns & Replacement,Returns & Replacement,1,2025-07-13 12:24
SR502351,Repairs,Repairs,0,2025-07-09 11:28
SR502352,Repairs,Warranty Claims,1,2025-07-09 11:01
SR502353,Billing,Billing,0,2025-07-09 07:01
SR502354,Repairs,Consumables,2,2025-07-09 11:19
SR502355,Returns & Replacement,Returns & Replacement,0,2025-07-09 05:35
SR502356,Product Advice,Product Advice,0,2025-07-09 18:21
SR502357,Repairs,Returns & Replacement,2,2025-07-09 03:21
SR502358,Consumables,Repairs,2,2025-07-10 19:13
SR502359,Installations,Installations,0,2025-07-09 04:20
SR502360,Product Advice,Product Advice,0,2025-07-10 20:34
SR502361,Product Advice,Product Advice,0,2025-07-09 13:51
SR502362,Installations,Billing,0,2025-07-09 14:06
SR502363,Repairs,Repairs,0,2025-07-09 14:24
SR502364,Returns & Replacement,Returns & Replacement,0,2025-07-09 18:41
SR502365,Repairs,Repairs,0,2025-07-09 14:08
SR502366,Repairs,Returns & Replacement,2,2025-07-10 02:20
SR502367,Product Advice,Product Advice,0,2025-07-09 16:42
SR502368,Consumables,Repairs,1,2025-07-10 06:58
SR502369,Returns & Replacement,Returns & Replacement,0,2025-07-10 03:49
SR502370,Billing,Installations,1,2025-07-10 14:26
SR502371,Repairs,Repairs,0,2025-07-09 18:53
SR502372,Billing,Billing,0,2025-07-09 16:56
SR502373,Repairs,Repairs,0,2025-07-09 19:44
SR502374,Returns & Replacement,Returns & Replacement,0,2025-07-10 07:00
SR502375,Product Advice,Product Advice,0,2025-07-09 19:30
SR502376,Consumables,Consumables,0,2025-07-09 23:15
SR502377,Installations,Installations,0,2025-07-10 05:07
SR502378,Consumables,Consumables,0,2025-07-10 02:43
SR502379,Product Advice,Product Advice,0,2025-07-09 23:28
SR502380,Warranty Claims,Warranty Claims,0,2025-07-10 06:26
SR502381,Repairs,Billing,2,2025-07-10 14:35
SR502382,Repairs,Repairs,1,2025-07-10 17:52
SR502383,Returns & Replacement,Returns & Replacement,0,2025-07-10 17:44
SR502384,Consumables,Consumables,0,2025-07-10 10:14
SR502385,Consumables,Consumables,0,2025-07-10 13:39
SR502386,Returns & Replacement,Returns & Replacement,0,2025-07-10 14:20
SR502387,Repairs,Repairs,0,2025-07-10 13:13
SR502388,Repairs,Repairs,0,2025-07-10 16:36
SR502389,Warranty Claims,Warranty Claims,0,2025-07-11 19:52
SR502390,Consumables,Consumables,0,2025-07-11 05:20
SR502391,Billing,Repairs,2,2025-07-11 20:37
SR502392,Installations,Installations,0,2025-07-10 20:20
SR502393,Billing,Billing,0,2025-07-10 20:16
SR502394,Repairs,Repairs,0,2025-07-10 21:14
SR502395,Product Advice,Returns & Replacement,2,2025-07-13 15:51
SR502396,Returns & Replacement,Returns & Replacement,0,2025-07-11 07:43
SR502397,Product Advice,Product Advice,1,2025-07-11 04:02
SR502398,Returns & Replacement,Returns & Replacement,0,2025-07-11 03:22
SR502399,Consumables,Product Advice,1,2025-07-11 05:43
SR502400,Billing,Installations,2,2025-07-11 16:31
SR502401,Installations,Installations,0,2025-07-11 11:10
SR502402,Consumables,Repairs,2,2025-07-13 19:50
SR502403,Consumables,Installations,2,2025-07-11 14:16
SR502404,Repairs,Billing,2,2025-07-13 01:24
SR502405,Billing,Billing,0,2025-07-11 09:52
SR502406,Product Advice,Product Advice,0,2025-07-11 09:32
SR502407,Returns & Replacement,Returns & Replacement,0,2025-07-11 18:29
SR502408,Repairs,Repairs,0,2025-07-11 08:54
SR502409,Consumables,Returns & Replacement,2,2025-07-12 03:56
SR502410,Repairs,Returns & Replacement,1,2025-07-12 08:06
SR502411,Repairs,Repairs,0,2025-07-12 01:33
SR502412,Billing,Returns & Replacement,0,2025-07-11 18:07
SR502413,Repairs,Repairs,0,2025-07-11 16:31
SR502414,Product Advice,Product Advice,0,2025-07-11 23:08
SR502415,Installations,Installations,0,2025-07-11 21:10
SR502416,Billing,Billing,0,2025-07-11 18:32
SR502417,Warranty Claims,Warranty Claims,0,2025-07-11 19:06
SR502418,Repairs,Repairs,0,2025-07-11 22:17
SR502419,Product Advice,Product Advice,0,2025-07-12 05:27
SR502420,Repairs,Installations,2,2025-07-13 22:23
SR502421,Billing,Billing,1,2025-07-14 06:18
SR502422,Consumables,Consumables,0,2025-07-12 06:56
SR502423,Repairs,Repairs,0,2025-07-12 04:28
SR502424,Billing,Billing,0,2025-07-12 11:19
SR502425,Billing,Billing,0,2025-07-12 23:22
SR502426,Billing,Billing,0,2025-07-12 18:55
SR502427,Product Advice,Product Advice,0,2025-07-12 06:44
SR502428,Consumables,Consumables,0,2025-07-12 08:08
SR502429,Repairs,Repairs,0,2025-07-12 18:53
SR502430,Consumables,Consumables,0,2025-07-12 18:05
SR502431,Billing,Billing,0,2025-07-12 19:49
SR502432,Warranty Claims,Warranty Claims,0,2025-07-12 17:49
SR502433,Repairs,Billing,2,2025-07-13 21:21
SR502434,Repairs,Repairs,0,2025-07-12 22:42
SR502435,Installations,Installations,0,2025-07-12 20:43
SR502436,Billing,Billing,1,2025-07-13 11:07
SR502437,Returns & Replacement,Returns & Replacement,0,2025-07-13 00:45
SR502438,Warranty Claims,Warranty Claims,0,2025-07-13 07:59
SR502439,Repairs,Repairs,0,2025-07-12 23:48
SR502440,Product Advice,Product Advice,0,2025-07-13 01:34
SR502441,Product Advice,Product Advice,1,2025-07-14 06:27
SR502442,Returns & Replacement,Returns & Replacement,0,2025-07-13 02:50
SR502443,Billing,Returns & Replacement,2,2025-07-13 09:22
SR502444,Repairs,Repairs,0,2025-07-13 03:53
SR502445,Warranty Claims,Warranty Claims,0,2025-07-13 22:13
SR502446,Warranty Claims,Warranty Claims,0,2025-07-13 08:16
SR502447,Repairs,Repairs,0,2025-07-14 05:12
SR502448,Installations,Installations,0,2025-07-13 16:18
SR502449,Product Advice,Product Advice,0,2025-07-14 08:59
SR502450,Repairs,Repairs,0,2025-07-13 17:21
SR502451,Billing,Billing,0,2025-07-13 13:55
SR502452,Warranty Claims,Warranty Claims,0,2025-07-14 00:31
SR502453,Repairs,Consumables,2,2025-07-13 15:08
SR502454,Product Advice,Product Advice,0,2025-07-14 18:50
SR502455,Repairs,Returns & Replacement,2,2025-07-14 13:16
SR502456,Product Advice,Product Advice,0,2025-07-13 16:11
SR502457,Repairs,Consumables,2,2025-07-17 09:02
SR502458,Product Advice,Product Advice,0,2025-07-14 01:49
SR502459,Warranty Claims,Warranty Claims,0,2025-07-15 12:57
SR502460,Repairs,Repairs,0,2025-07-13 21:11
SR502461,Warranty Claims,Warranty Claims,0,2025-07-14 00:26
SR502462,Consumables,Consumables,0,2025-07-13 20:00
SR502463,Consumables,Repairs,1,2025-07-13 19:18
SR502464,Installations,Installations,0,2025-07-14 03:58
SR502465,Repairs,Repairs,0,2025-07-14 09:00
SR502466,Repairs,Product Advice,1,2025-07-14 06:28
SR502467,Warranty Claims,Warranty Claims,0,2025-07-14 00:32
SR502468,Installations,Installations,0,2025-07-15 14:45
SR502469,Installations,Installations,0,2025-07-14 05:34
SR502470,Billing,Billing,0,2025-07-14 05:05
SR502471,Billing,Repairs,1,2025-07-14 16:32
SR502472,Warranty Claims,Warranty Claims,0,2025-07-14 04:21
SR502473,Billing,Billing,0,2025-07-14 05:53
SR502474,Consumables,Consumables,0,2025-07-14 04:31
SR502475,Consumables,Returns & Replacement,2,2025-07-14 20:43
SR502476,Repairs,Repairs,0,2025-07-16 02:39
SR502477,Billing,Billing,0,2025-07-14 06:04
SR502478,Consumables,Consumables,0,2025-07-15 11:46
SR502479,Installations,Installations,0,2025-07-14 08:18
SR502480,Billing,Billing,0,2025-07-14 10:10
SR502481,Repairs,Repairs,0,2025-07-14 09:54
SR502482,Billing,Installations,1,2025-07-14 15:41
SR502483,Product Advice,Product Advice,0,2025-07-14 17:29
SR502484,Repairs,Repairs,0,2025-07-14 15:50
SR502485,Returns & Replacement,Returns & Replacement,0,2025-07-15 01:08
SR502486,Repairs,Billing,2,2025-07-16 02:34
SR502487,Installations,Installations,0,2025-07-14 16:46
SR502488,Consumables,Repairs,1,2025-07-14 18:00
SR502489,Warranty Claims,Warranty Claims,0,2025-07-14 18:43
SR502490,Warranty Claims,Warranty Claims,0,2025-07-15 00:29
SR502491,Billing,Repairs,2,2025-07-15 08:35
SR502492,Repairs,Installations,2,2025-07-15 07:48
SR502493,Warranty Claims,Warranty Claims,0,2025-07-14 23:17
SR502494,Repairs,Repairs,0,2025-07-15 02:18
SR502495,Billing,Installations,1,2025-07-17 13:15
SR502496,Repairs,Billing,2,2025-07-19 07:47
SR502497,Billing,Billing,0,2025-07-15 02:52
SR502498,Product Advice,Product Advice,0,2025-07-15 11:24
SR502499,Billing,Billing,0,2025-07-16 02:37
SR502500,Billing,Billing,0,2025-07-15 12:02
SR502501,Installations,Installations,0,2025-07-15 10:39
SR502502,Installations,Installations,0,2025-07-15 15:38
SR502503,Repairs,Repairs,0,2025-07-15 14:09
SR502504,Repairs,Repairs,0,2025-07-15 09:47
SR502505,Installations,Installations,0,2025-07-15 08:11
SR502506,Repairs,Repairs,0,2025-07-15 07:05
SR502507,Repairs,Warranty Claims,1,2025-07-15 15:41
SR502508,Returns & Replacement,Returns & Replacement,0,2025-07-16 01:49
SR502509,Consumables,Repairs,2,2025-07-15 22:03
SR502510,Returns & Replacement,Returns & Replacement,0,2025-07-15 18:34
SR502511,Consumables,Consumables,0,2025-07-15 21:41
SR502512,Repairs,Repairs,0,2025-07-15 15:16
SR502513,Product Advice,Product Advice,0,2025-07-15 21:09
SR502514,Returns & Replacement,Returns & Replacement,0,2025-07-15 19:38
SR502515,Repairs,Repairs,0,2025-07-15 21:47
SR502516,Repairs,Product Advice,1,2025-07-16 10:50
SR502517,Installations,Installations,0,2025-07-15 23:03
SR502518,Billing,Installations,1,2025-07-16 06:35
SR502519,Billing,Billing,0,2025-07-16 10:31
SR502520,Billing,Billing,0,2025-07-17 03:31
SR502521,Billing,Installations,1,2025-07-16 07:40
SR502522,Product Advice,Product Advice,0,2025-07-16 15:19
SR502523,Billing,Billing,0,2025-07-16 12:58
SR502524,Consumables,Consumables,0,2025-07-16 08:39
SR502525,Consumables,Repairs,1,2025-07-16 11:04
SR502526,Repairs,Installations,1,2025-07-17 07:29
SR502527,Installations,Installations,0,2025-07-16 12:34
SR502528,Installations,Installations,0,2025-07-16 21:04
SR502529,Product Advice,Product Advice,0,2025-07-17 03:05
SR502530,Installations,Installations,0,2025-07-17 01:42
SR502531,Product Advice,Product Advice,0,2025-07-20 04:03
SR502532,Installations,Consumables,0,2025-07-17 04:00
SR502533,Consumables,Consumables,0,2025-07-16 18:04
SR502534,Installations,Repairs,1,2025-07-16 23:17
SR502535,Billing,Billing,0,2025-07-16 22:16
SR502536,Returns & Replacement,Returns & Replacement,0,2025-07-16 23:47
SR502537,Warranty Claims,Warranty Claims,0,2025-07-17 09:56
SR502538,Product Advice,Product Advice,0,2025-07-17 00:22
SR502539,Repairs,Consumables,2,2025-07-17 23:56
SR502540,Warranty Claims,Warranty Claims,0,2025-07-17 06:28
SR502541,Installations,Installations,0,2025-07-17 19:16
SR502542,Repairs,Installations,1,2025-07-20 20:17
SR502543,Warranty Claims,Warranty Claims,0,2025-07-17 04:52
SR502544,Warranty Claims,Warranty Claims,0,2025-07-17 04:31
SR502545,Repairs,Repairs,0,2025-07-17 10:46
SR502546,Installations,Installations,0,2025-07-17 07:49
SR502547,Repairs,Warranty Claims,2,2025-07-18 16:19
SR502548,Repairs,Returns & Replacement,2,2025-07-17 14:12
SR502549,Warranty Claims,Warranty Claims,0,2025-07-17 15:51
SR502550,Repairs,Repairs,0,2025-07-17 13:31
SR502551,Repairs,Warranty Claims,1,2025-07-18 10:29
SR502552,Repairs,Repairs,0,2025-07-17 21:31
SR502553,Installations,Installations,0,2025-07-18 05:20
SR502554,Repairs,Repairs,1,2025-07-17 18:17
SR502555,Installations,Installations,0,2025-07-19 11:53
SR502556,Warranty Claims,Warranty Claims,0,2025-07-17 17:16
SR502557,Repairs,Repairs,1,2025-07-18 02:45
SR502558,Consumables,Consumables,0,2025-07-18 00:12
SR502559,Installations,Product Advice,0,2025-07-18 02:34
SR502560,Billing,Billing,0,2025-07-17 21:51
SR502561,Billing,Billing,0,2025-07-18 22:27
SR502562,Returns & Replacement,Returns & Replacement,0,2025-07-18 01:53
SR502563,Repairs,Repairs,0,2025-07-18 06:06
SR502564,Consumables,Consumables,0,2025-07-19 06:52
SR502565,Installations,Installations,0,2025-07-18 03:29
SR502566,Repairs,Repairs,0,2025-07-18 16:07
SR502567,Repairs,Repairs,0,2025-07-18 17:03
SR502568,Billing,Returns & Replacement,1,2025-07-18 06:59
SR502569,Repairs,Repairs,0,2025-07-18 06:55
SR502570,Returns & Replacement,Repairs,1,2025-07-18 15:38
SR502571,Product Advice,Product Advice,0,2025-07-18 08:56
SR502572,Warranty Claims,Warranty Claims,0,2025-07-18 11:11
SR502573,Repairs,Repairs,0,2025-07-19 20:52
SR502574,Warranty Claims,Warranty Claims,1,2025-07-18 21:39
SR502575,Installations,Installations,0,2025-07-18 07:21
SR502576,Billing,Billing,0,2025-07-18 10:30
SR502577,Returns & Replacement,Returns & Replacement,0,2025-07-18 13:10
SR502578,Repairs,Repairs,0,2025-07-18 10:03
SR502579,Repairs,Consumables,2,2025-07-20 02:31
SR502580,Billing,Billing,0,2025-07-18 15:14
SR502581,Billing,Billing,0,2025-07-18 20:18
SR502582,Installations,Installations,0,2025-07-19 10:54
SR502583,Billing,Repairs,1,2025-07-19 04:05
SR502584,Repairs,Repairs,0,2025-07-19 04:26
SR502585,Warranty Claims,Warranty Claims,1,2025-07-19 02:17
SR502586,Returns & Replacement,Returns & Replacement,0,2025-07-19 01:00
SR502587,Consumables,Returns & Replacement,2,2025-07-20 06:46
SR502588,Repairs,Installations,1,2025-07-19 21:49
SR502589,Repairs,Repairs,0,2025-07-19 21:00
SR502590,Repairs,Repairs,0,2025-07-18 21:25
SR502591,Installations,Installations,0,2025-07-19 04:28
SR502592,Repairs,Repairs,0,2025-07-19 02:39
SR502593,Billing,Installations,1,2025-07-19 12:00
SR502594,Returns & Replacement,Returns & Replacement,0,2025-07-19 09:35
SR502595,Consumables,Consumables,0,2025-07-19 08:28
SR502596,Repairs,Repairs,0,2025-07-19 05:00
SR502597,Returns & Replacement,Returns & Replacement,0,2025-07-19 22:41
SR502598,Billing,Billing,0,2025-07-19 11:03
SR502599,Repairs,Repairs,0,2025-07-19 18:17
SR502600,Installations,Installations,0,2025-07-19 17:52
SR502601,Consumables,Consumables,0,2025-07-20 00:58
SR502602,Billing,Returns & Replacement,2,2025-07-19 17:23
SR502603,Repairs,Repairs,0,2025-07-20 22:59
SR502604,Installations,Installations,0,2025-07-19 19:36
SR502605,Product Advice,Product Advice,0,2025-07-19 17:37
SR502606,Installations,Installations,0,2025-07-20 00:19
SR502607,Consumables,Consumables,0,2025-07-20 00:56
SR502608,Repairs,Returns & Replacement,2,2025-07-20 02:16
SR502609,Billing,Billing,0,2025-07-20 01:39
SR502610,Repairs,Product Advice,2,2025-07-21 08:40
SR502611,Consumables,Repairs,2,2025-07-21 11:06
SR502612,Repairs,Consumables,1,2025-07-20 00:24
SR502613,Consumables,Billing,2,2025-07-20 21:11
SR502614,Repairs,Warranty Claims,1,2025-07-20 20:32
SR502615,Billing,Repairs,2,2025-07-20 20:35
SR502616,Product Advice,Warranty Claims,0,2025-07-20 13:09
SR502617,Product Advice,Product Advice,0,2025-07-20 05:47
SR502618,Billing,Billing,0,2025-07-20 17:50
SR502619,Repairs,Repairs,0,2025-07-20 16:32
SR502620,Consumables,Consumables,0,2025-07-20 10:50
SR502621,Repairs,Installations,1,2025-07-20 10:17
SR502622,Consumables,Consumables,0,2025-07-20 06:47
SR502623,Billing,Billing,0,2025-07-20 21:25
SR502624,Billing,Warranty Claims,2,2025-07-21 04:23
SR502625,Repairs,Repairs,1,2025-07-20 21:20
SR502626,Product Advice,Product Advice,0,2025-07-20 15:43
SR502627,Product Advice,Product Advice,0,2025-07-20 17:39
SR502628,Installations,Installations,0,2025-07-20 19:40
SR502629,Warranty Claims,Warranty Claims,0,2025-07-20 18:12
SR502630,Consumables,Consumables,0,2025-07-21 06:55
SR502631,Repairs,Repairs,0,2025-07-21 03:28
SR502632,Returns & Replacement,Returns & Replacement,0,2025-07-21 09:46
SR502633,Warranty Claims,Product Advice,0,2025-07-21 07:01
SR502634,Returns & Replacement,Returns & Replacement,1,2025-07-21 02:41
SR502635,Billing,Repairs,2,2025-07-21 12:05
SR502636,Repairs,Repairs,0,2025-07-21 04:36
SR502637,Consumables,Repairs,2,2025-07-24 14:08
SR502638,Repairs,Product Advice,2,2025-07-21 08:42
SR502639,Repairs,Repairs,0,2025-07-21 01:47
SR502640,Billing,Billing,0,2025-07-21 05:52
SR502641,Consumables,Consumables,0,2025-07-21 14:28
SR502642,Billing,Billing,0,2025-07-21 06:32
SR502643,Repairs,Repairs,0,2025-07-21 07:50
SR502644,Billing,Billing,0,2025-07-21 09:50
SR502645,Consumables,Consumables,0,2025-07-21 18:17
SR502646,Consumables,Warranty Claims,1,2025-07-22 14:36
SR502647,Billing,Billing,0,2025-07-21 11:59
SR502648,Repairs,Warranty Claims,1,2025-07-21 20:29
SR502649,Returns & Replacement,Returns & Replacement,0,2025-07-21 07:12
SR502650,Product Advice,Product Advice,0,2025-07-21 16:50
SR502651,Repairs,Repairs,0,2025-07-21 08:17
SR502652,Repairs,Repairs,0,2025-07-21 20:31
SR502653,Installations,Installations,0,2025-07-22 04:18
SR502654,Installations,Installations,0,2025-07-21 14:06
SR502655,Consumables,Warranty Claims,1,2025-07-23 17:58
SR502656,Warranty Claims,Warranty Claims,0,2025-07-21 12:17
SR502657,Repairs,Repairs,0,2025-07-21 23:44
SR502658,Repairs,Repairs,0,2025-07-21 21:10
SR502659,Consumables,Consumables,0,2025-07-22 15:40
SR502660,Product Advice,Product Advice,0,2025-07-21 17:57
SR502661,Returns & Replacement,Returns & Replacement,0,2025-07-21 22:31
SR502662,Product Advice,Product Advice,0,2025-07-21 18:40
SR502663,Consumables,Consumables,0,2025-07-21 23:03
SR502664,Returns & Replacement,Returns & Replacement,0,2025-07-21 22:18
SR502665,Repairs,Repairs,0,2025-07-22 04:29
SR502666,Repairs,Repairs,0,2025-07-22 10:32
SR502667,Returns & Replacement,Returns & Replacement,0,2025-07-22 08:35
SR502668,Returns & Replacement,Returns & Replacement,0,2025-07-22 08:39
SR502669,Repairs,Repairs,0,2025-07-22 08:54
SR502670,Returns & Replacement,Returns & Replacement,0,2025-07-22 11:56
SR502671,Installations,Installations,0,2025-07-22 08:52
SR502672,Repairs,Product Advice,1,2025-07-23 04:06
SR502673,Consumables,Installations,2,2025-07-30 02:41
SR502674,Installations,Installations,0,2025-07-22 21:16
SR502675,Consumables,Returns & Replacement,1,2025-07-23 21:04
SR502676,Billing,Repairs,2,2025-07-23 05:01
SR502677,Installations,Installations,0,2025-07-22 16:31
SR502678,Billing,Billing,0,2025-07-22 22:49
SR502679,Billing,Billing,0,2025-07-23 00:27
SR502680,Consumables,Consumables,0,2025-07-23 08:31
SR502681,Consumables,Repairs,1,2025-07-23 09:33
SR502682,Consumables,Consumables,0,2025-07-22 19:01
SR502683,Installations,Installations,0,2025-07-23 05:06
SR502684,Billing,Product Advice,1,2025-07-23 04:11
SR502685,Product Advice,Product Advice,0,2025-07-23 03:39
SR502686,Consumables,Consumables,0,2025-07-23 14:36
SR502687,Product Advice,Product Advice,0,2025-07-23 03:56
SR502688,Repairs,Repairs,0,2025-07-23 08:43
SR502689,Returns & Replacement,Returns & Replacement,0,2025-07-23 06:31
SR502690,Product Advice,Product Advice,0,2025-07-23 08:07
SR502691,Repairs,Installations,1,2025-07-23 17:57
SR502692,Consumables,Product Advice,2,2025-07-24 01:32
SR502693,Product Advice,Product Advice,0,2025-07-23 16:38
SR502694,Consumables,Repairs,1,2025-07-25 03:27
SR502695,Billing,Billing,0,2025-07-23 23:30
SR502696,Installations,Installations,0,2025-07-23 20:08
SR502697,Repairs,Repairs,0,2025-07-23 18:05
SR502698,Billing,Billing,0,2025-07-23 17:34
SR502699,Installations,Installations,0,2025-07-26 03:24
SR502700,Repairs,Billing,2,2025-07-25 15:38
SR502701,Repairs,Repairs,0,2025-07-23 21:07
SR502702,Warranty Claims,Warranty Claims,0,2025-07-23 21:26
SR502703,Repairs,Returns & Replacement,2,2025-07-24 04:07
SR502704,Product Advice,Product Advice,0,2025-07-24 04:38
SR502705,Returns & Replacement,Returns & Replacement,0,2025-07-24 03:22
SR502706,Repairs,Repairs,0,2025-07-24 11:53
SR502707,Product Advice,Product Advice,0,2025-07-24 12:14
SR502708,Billing,Billing,0,2025-07-24 02:40
SR502709,Returns & Replacement,Returns & Replacement,0,2025-07-24 07:31
SR502710,Consumables,Consumables,0,2025-07-24 15:34
SR502711,Repairs,Repairs,0,2025-07-24 09:24
SR502712,Product Advice,Product Advice,0,2025-07-24 08:01
SR502713,Installations,Installations,0,2025-07-24 19:04
SR502714,Repairs,Consumables,1,2025-07-24 19:49
SR502715,Repairs,Repairs,0,2025-07-25 01:04
SR502716,Warranty Claims,Warranty Claims,0,2025-07-24 12:23
SR502717,Returns & Replacement,Returns & Replacement,0,2025-07-25 03:18
SR502718,Billing,Billing,0,2025-07-24 21:47
SR502719,Repairs,Repairs,0,2025-07-24 16:47
SR502720,Repairs,Billing,2,2025-07-27 11:58
SR502721,Returns & Replacement,Returns & Replacement,0,2025-07-24 17:26
SR502722,Billing,Billing,0,2025-07-25 01:47
SR502723,Consumables,Consumables,0,2025-07-24 17:45
SR502724,Returns & Replacement,Returns & Replacement,0,2025-07-25 01:50
SR502725,Billing,Billing,0,2025-07-24 18:59
SR502726,Repairs,Billing,1,2025-07-24 19:31
SR502727,Repairs,Billing,2,2025-07-26 06:52
SR502728,Repairs,Repairs,0,2025-07-25 04:03
SR502729,Repairs,Consumables,1,2025-07-25 04:14
SR502730,Billing,Billing,0,2025-07-24 22:55
SR502731,Repairs,Repairs,0,2025-07-25 03:37
SR502732,Product Advice,Product Advice,0,2025-07-26 04:13
SR502733,Repairs,Repairs,0,2025-07-25 02:33
SR502734,Product Advice,Product Advice,0,2025-07-25 03:08
SR502735,Billing,Billing,0,2025-07-25 07:23
SR502736,Billing,Billing,0,2025-07-25 10:31
SR502737,Repairs,Repairs,0,2025-07-25 01:34
SR502738,Repairs,Repairs,0,2025-07-25 01:44
SR502739,Returns & Replacement,Returns & Replacement,0,2025-07-25 03:35
SR502740,Consumables,Repairs,1,2025-07-25 18:56
SR502741,Product Advice,Product Advice,0,2025-07-25 05:35
SR502742,Repairs,Installations,1,2025-07-25 07:34
SR502743,Product Advice,Product Advice,0,2025-07-25 06:50
SR502744,Consumables,Consumables,0,2025-07-25 09:00
SR502745,Installations,Installations,0,2025-07-25 14:41
SR502746,Billing,Billing,0,2025-07-25 13:05
SR502747,Installations,Installations,0,2025-07-25 16:45
SR502748,Billing,Consumables,0,2025-07-26 00:30
SR502749,Installations,Installations,0,2025-07-25 17:41
SR502750,Repairs,Repairs,0,2025-07-26 01:06
SR502751,Repairs,Repairs,0,2025-07-26 07:59
SR502752,Billing,Billing,0,2025-07-25 21:01
SR502753,Repairs,Repairs,0,2025-07-26 03:00
SR502754,Product Advice,Product Advice,0,2025-07-26 04:40
SR502755,Billing,Billing,0,2025-07-25 23:23
SR502756,Installations,Installations,0,2025-07-26 17:08
SR502757,Returns & Replacement,Returns & Replacement,0,2025-07-26 02:13
SR502758,Warranty Claims,Warranty Claims,0,2025-07-26 11:45
SR502759,Billing,Billing,0,2025-07-26 08:17
SR502760,Product Advice,Product Advice,0,2025-07-26 11:39
SR502761,Warranty Claims,Warranty Claims,0,2025-07-27 03:50
SR502762,Installations,Installations,0,2025-07-26 10:05
SR502763,Returns & Replacement,Returns & Replacement,0,2025-07-26 11:05
SR502764,Returns & Replacement,Returns & Replacement,0,2025-07-26 17:34
SR502765,Installations,Installations,0,2025-07-27 21:38
SR502766,Repairs,Repairs,0,2025-07-27 00:33
SR502767,Returns & Replacement,Returns & Replacement,0,2025-07-26 20:57
SR502768,Installations,Billing,0,2025-07-26 15:48
SR502769,Repairs,Repairs,0,2025-07-26 15:49
SR502770,Installations,Installations,0,2025-07-27 17:34
SR502771,Repairs,Product Advice,2,2025-08-01 02:55
SR502772,Product Advice,Product Advice,0,2025-07-27 15:39
SR502773,Repairs,Repairs,0,2025-07-26 22:11
SR502774,Billing,Repairs,1,2025-07-27 13:05
SR502775,Repairs,Consumables,1,2025-07-27 03:45
SR502776,Repairs,Returns & Replacement,1,2025-07-26 21:46
SR502777,Warranty Claims,Warranty Claims,0,2025-07-27 04:31
SR502778,Billing,Billing,0,2025-07-27 23:56
SR502779,Warranty Claims,Product Advice,0,2025-07-27 04:48
SR502780,Repairs,Returns & Replacement,2,2025-07-27 20:08
SR502781,Consumables,Warranty Claims,2,2025-07-28 13:56
SR502782,Billing,Billing,0,2025-07-27 07:56
SR502783,Consumables,Consumables,0,2025-07-27 09:37
SR502784,Billing,Repairs,2,2025-07-31 22:06
SR502785,Product Advice,Product Advice,0,2025-07-28 14:30
SR502786,Warranty Claims,Warranty Claims,0,2025-07-27 10:19
SR502787,Repairs,Repairs,0,2025-07-28 21:59
SR502788,Product Advice,Product Advice,0,2025-07-28 13:12
SR502789,Installations,Installations,0,2025-07-27 19:12
SR502790,Billing,Returns & Replacement,1,2025-07-27 20:44
SR502791,Repairs,Repairs,0,2025-07-27 18:10
SR502792,Returns & Replacement,Returns & Replacement,0,2025-07-27 20:41
SR502793,Warranty Claims,Warranty Claims,0,2025-07-27 23:24
SR502794,Repairs,Repairs,0,2025-07-28 06:31
SR502795,Billing,Billing,0,2025-07-27 23:14
SR502796,Consumables,Consumables,0,2025-07-28 13:43
SR502797,Consumables,Consumables,0,2025-07-27 20:37
SR502798,Repairs,Installations,2,2025-07-29 08:06
SR502799,Product Advice,Product Advice,0,2025-07-27 20:57
SR502800,Billing,Billing,0,2025-07-29 05:47
SR502801,Billing,Installations,0,2025-07-28 02:24
SR502802,Consumables,Consumables,0,2025-07-28 07:46
SR502803,Repairs,Repairs,0,2025-07-28 03:14
SR502804,Repairs,Repairs,0,2025-07-28 03:40
SR502805,Repairs,Repairs,0,2025-07-28 16:01
SR502806,Product Advice,Product Advice,1,2025-07-28 07:13
SR502807,Returns & Replacement,Returns & Replacement,0,2025-07-28 08:11
SR502808,Returns & Replacement,Returns & Replacement,0,2025-07-28 21:45
SR502809,Consumables,Repairs,1,2025-07-29 01:24
SR502810,Warranty Claims,Warranty Claims,0,2025-07-28 06:13
SR502811,Product Advice,Product Advice,0,2025-07-28 12:29
SR502812,Product Advice,Product Advice,0,2025-07-28 13:44
SR502813,Returns & Replacement,Returns & Replacement,0,2025-07-28 15:07
SR502814,Repairs,Repairs,0,2025-07-28 16:39
SR502815,Repairs,Repairs,0,2025-07-28 11:04
SR502816,Consumables,Consumables,0,2025-07-28 20:10
SR502817,Repairs,Repairs,0,2025-07-28 16:23
SR502818,Billing,Billing,0,2025-07-28 21:58
SR502819,Installations,Installations,0,2025-07-28 15:50
SR502820,Repairs,Repairs,0,2025-07-28 21:45
SR502821,Product Advice,Product Advice,0,2025-07-29 04:16
SR502822,Consumables,Product Advice,1,2025-07-30 01:28
SR502823,Repairs,Product Advice,1,2025-07-29 02:47
SR502824,Repairs,Repairs,0,2025-07-28 23:23
SR502825,Repairs,Repairs,0,2025-07-29 08:41
SR502826,Repairs,Repairs,0,2025-07-29 03:01
SR502827,Installations,Installations,0,2025-07-30 05:40
SR502828,Consumables,Consumables,0,2025-07-29 04:09
SR502829,Warranty Claims,Warranty Claims,0,2025-07-29 11:49
SR502830,Repairs,Repairs,0,2025-07-29 11:59
SR502831,Warranty Claims,Warranty Claims,0,2025-07-29 05:42
SR502832,Product Advice,Product Advice,0,2025-07-29 17:08
SR502833,Warranty Claims,Warranty Claims,0,2025-07-29 07:11
SR502834,Consumables,Repairs,2,2025-07-29 20:15
SR502835,Repairs,Billing,1,2025-07-29 15:29
SR502836,Consumables,Consumables,0,2025-07-29 13:51
SR502837,Consumables,Consumables,0,2025-07-29 17:32
SR502838,Consumables,Consumables,0,2025-07-31 04:53
SR502839,Consumables,Consumables,0,2025-07-31 09:02
SR502840,Repairs,Repairs,0,2025-07-30 15:34
SR502841,Repairs,Repairs,0,2025-07-29 21:34
SR502842,Repairs,Warranty Claims,1,2025-07-30 02:13
SR502843,Repairs,Repairs,0,2025-07-29 22:51
SR502844,Repairs,Repairs,0,2025-07-30 01:53
SR502845,Consumables,Repairs,1,2025-07-30 11:14
SR502846,Billing,Returns & Replacement,2,2025-07-30 13:00
SR502847,Repairs,Repairs,0,2025-07-30 20:43
SR502848,Installations,Installations,0,2025-07-30 06:37
SR502849,Billing,Billing,0,2025-07-30 09:41
SR502850,Repairs,Repairs,0,2025-07-30 03:23
SR502851,Product Advice,Product Advice,0,2025-07-31 14:42
SR502852,Repairs,Repairs,0,2025-07-30 06:55
SR502853,Billing,Billing,0,2025-07-30 12:13
SR502854,Installations,Installations,0,2025-07-30 11:55
SR502855,Repairs,Returns & Replacement,2,2025-07-31 06:10
SR502856,Repairs,Returns & Replacement,2,2025-08-01 07:45
SR502857,Repairs,Repairs,0,2025-07-30 14:33
SR502858,Consumables,Consumables,0,2025-07-30 12:15
SR502859,Product Advice,Product Advice,0,2025-07-30 19:35
SR502860,Consumables,Installations,2,2025-07-30 14:42
SR502861,Product Advice,Product Advice,0,2025-07-30 14:04
SR502862,Billing,Repairs,2,2025-07-31 17:49
SR502863,Billing,Repairs,1,2025-07-31 01:46
SR502864,Returns & Replacement,Returns & Replacement,0,2025-07-30 23:28
SR502865,Consumables,Repairs,1,2025-08-02 09:57
SR502866,Repairs,Repairs,0,2025-07-30 21:45
SR502867,Product Advice,Installations,1,2025-07-30 20:51
SR502868,Repairs,Repairs,0,2025-08-01 09:54
SR502869,Consumables,Repairs,2,2025-07-31 18:14
SR502870,Repairs,Repairs,0,2025-07-31 16:00
SR502871,Installations,Installations,0,2025-07-30 22:01
SR502872,Repairs,Repairs,0,2025-07-31 00:11
SR502873,Consumables,Repairs,2,2025-08-03 17:30
SR502874,Consumables,Consumables,0,2025-07-31 07:45
SR502875,Consumables,Consumables,0,2025-07-31 07:25
SR502876,Repairs,Repairs,0,2025-07-31 02:18
SR502877,Repairs,Repairs,0,2025-07-31 04:14
SR502878,Repairs,Repairs,0,2025-07-31 11:44
SR502879,Installations,Installations,0,2025-07-31 07:17
SR502880,Repairs,Repairs,0,2025-07-31 08:37
SR502881,Product Advice,Product Advice,0,2025-07-31 04:48
SR502882,Billing,Billing,1,2025-07-31 13:25
SR502883,Installations,Installations,0,2025-07-31 14:44
SR502884,Repairs,Repairs,0,2025-08-01 13:54
SR502885,Installations,Installations,0,2025-07-31 04:17
SR502886,Product Advice,Product Advice,0,2025-07-31 12:40
SR502887,Repairs,Repairs,0,2025-07-31 09:53
SR502888,Billing,Billing,0,2025-07-31 15:39
SR502889,Repairs,Warranty Claims,1,2025-08-01 10:19
SR502890,Returns & Replacement,Returns & Replacement,0,2025-07-31 17:18
SR502891,Returns & Replacement,Returns & Replacement,0,2025-08-01 03:23
SR502892,Billing,Billing,0,2025-08-01 02:50
SR502893,Repairs,Returns & Replacement,2,2025-08-01 01:12
SR502894,Repairs,Installations,1,2025-08-01 09:51
SR502895,Consumables,Consumables,0,2025-08-01 10:38
SR502896,Billing,Repairs,2,2025-08-01 21:17
SR502897,Billing,Billing,0,2025-08-01 03:09
SR502898,Installations,Installations,0,2025-08-01 09:07
SR502899,Installations,Installations,0,2025-08-01 11:18
SR502900,Warranty Claims,Warranty Claims,0,2025-08-01 09:52
SR502901,Returns & Replacement,Returns & Replacement,0,2025-08-01 10:37
SR502902,Installations,Installations,0,2025-08-01 16:30
SR502903,Product Advice,Product Advice,0,2025-08-01 08:38
SR502904,Billing,Installations,1,2025-08-01 13:51
SR502905,Billing,Billing,0,2025-08-02 04:59
SR502906,Returns & Replacement,Returns & Replacement,0,2025-08-01 22:51
SR502907,Returns & Replacement,Returns & Replacement,0,2025-08-02 00:23
SR502908,Repairs,Installations,2,2025-08-06 02:48
SR502909,Installations,Installations,0,2025-08-02 03:38
SR502910,Installations,Installations,0,2025-08-01 22:28
SR502911,Installations,Installations,0,2025-08-02 05:58
SR502912,Warranty Claims,Product Advice,2,2025-08-02 04:26
SR502913,Repairs,Installations,1,2025-08-02 04:07
SR502914,Repairs,Repairs,1,2025-08-01 22:14
SR502915,Repairs,Repairs,0,2025-08-01 20:55
SR502916,Billing,Billing,0,2025-08-02 09:31
SR502917,Returns & Replacement,Installations,0,2025-08-02 03:29
SR502918,Repairs,Returns & Replacement,2,2025-08-02 03:33
SR502919,Billing,Billing,0,2025-08-02 03:24
SR502920,Warranty Claims,Warranty Claims,0,2025-08-02 01:37
SR502921,Billing,Billing,0,2025-08-02 06:11
SR502922,Warranty Claims,Warranty Claims,0,2025-08-02 14:35
SR502923,Consumables,Consumables,0,2025-08-02 18:37
SR502924,Consumables,Consumables,0,2025-08-02 08:17
SR502925,Warranty Claims,Warranty Claims,1,2025-08-03 06:47
SR502926,Billing,Billing,0,2025-08-02 10:38
SR502927,Repairs,Repairs,0,2025-08-02 20:48
SR502928,Repairs,Repairs,0,2025-08-03 02:18
SR502929,Returns & Replacement,Returns & Replacement,0,2025-08-03 11:24
SR502930,Product Advice,Product Advice,0,2025-08-02 18:54
SR502931,Repairs,Returns & Replacement,1,2025-08-02 19:37
SR502932,Repairs,Repairs,0,2025-08-02 15:23
SR502933,Installations,Installations,0,2025-08-02 15:57
SR502934,Billing,Installations,2,2025-08-02 20:47
SR502935,Billing,Billing,0,2025-08-02 14:30
SR502936,Billing,Billing,0,2025-08-02 16:45
SR502937,Consumables,Repairs,1,2025-08-03 01:26
SR502938,Repairs,Repairs,0,2025-08-02 16:52
SR502939,Consumables,Consumables,0,2025-08-02 18:16
SR502940,Repairs,Repairs,0,2025-08-03 05:47
SR502941,Repairs,Billing,1,2025-08-03 09:40
SR502942,Warranty Claims,Warranty Claims,0,2025-08-03 01:23
SR502943,Installations,Installations,0,2025-08-04 21:11
SR502944,Billing,Billing,0,2025-08-03 00:53
SR502945,Product Advice,Product Advice,0,2025-08-03 09:21
SR502946,Repairs,Repairs,0,2025-08-03 03:18
SR502947,Installations,Product Advice,2,2025-08-05 11:36
SR502948,Billing,Installations,2,2025-08-03 17:10
SR502949,Consumables,Consumables,0,2025-08-03 10:55
SR502950,Repairs,Repairs,0,2025-08-04 03:26
SR502951,Returns & Replacement,Returns & Replacement,0,2025-08-03 15:03
SR502952,Consumables,Repairs,1,2025-08-03 22:03
SR502953,Installations,Installations,0,2025-08-03 19:20
SR502954,Returns & Replacement,Returns & Replacement,0,2025-08-04 07:05
SR502955,Repairs,Product Advice,2,2025-08-04 10:59
SR502956,Consumables,Repairs,2,2025-08-05 02:14
SR502957,Product Advice,Product Advice,0,2025-08-03 16:45
SR502958,Billing,Installations,2,2025-08-04 14:58
SR502959,Repairs,Warranty Claims,2,2025-08-09 02:39
SR502960,Consumables,Installations,2,2025-08-05 15:56
SR502961,Consumables,Consumables,0,2025-08-04 05:06
SR502962,Consumables,Repairs,1,2025-08-05 11:04
SR502963,Repairs,Repairs,0,2025-08-04 04:07
SR502964,Product Advice,Product Advice,0,2025-08-04 20:16
SR502965,Repairs,Consumables,1,2025-08-04 02:20
SR502966,Consumables,Repairs,1,2025-08-04 19:43
SR502967,Returns & Replacement,Returns & Replacement,0,2025-08-04 08:47
SR502968,Repairs,Billing,1,2025-08-05 01:41
SR502969,Consumables,Consumables,0,2025-08-05 06:35
SR502970,Billing,Installations,1,2025-08-04 18:04
SR502971,Returns & Replacement,Returns & Replacement,0,2025-08-04 09:53
SR502972,Repairs,Returns & Replacement,1,2025-08-04 18:38
SR502973,Consumables,Consumables,0,2025-08-04 13:49
SR502974,Repairs,Repairs,0,2025-08-04 16:38
SR502975,Consumables,Consumables,0,2025-08-05 01:06
SR502976,Consumables,Consumables,0,2025-08-04 18:53
SR502977,Warranty Claims,Warranty Claims,0,2025-08-04 18:33
SR502978,Installations,Installations,0,2025-08-05 01:07
SR502979,Billing,Billing,0,2025-08-04 18:36
SR502980,Returns & Replacement,Returns & Replacement,0,2025-08-04 20:03
SR502981,Repairs,Repairs,0,2025-08-05 02:37
SR502982,Repairs,Repairs,0,2025-08-05 03:54
SR502983,Consumables,Consumables,0,2025-08-05 03:43
SR502984,Installations,Installations,0,2025-08-05 16:26
SR502985,Billing,Billing,0,2025-08-05 13:21
SR502986,Product Advice,Product Advice,0,2025-08-05 12:12
SR502987,Repairs,Installations,2,2025-08-05 16:51
SR502988,Billing,Installations,1,2025-08-05 13:30
SR502989,Repairs,Repairs,0,2025-08-06 06:31
SR502990,Warranty Claims,Warranty Claims,0,2025-08-05 09:10
SR502991,Product Advice,Product Advice,0,2025-08-05 17:10
SR502992,Repairs,Repairs,0,2025-08-05 12:21
SR502993,Repairs,Product Advice,1,2025-08-05 22:31
SR502994,Repairs,Product Advice,2,2025-08-06 16:40
SR502995,Billing,Warranty Claims,2,2025-08-06 04:09
SR502996,Warranty Claims,Warranty Claims,0,2025-08-05 16:15
SR502997,Repairs,Installations,2,2025-08-05 21:26
SR502998,Repairs,Repairs,0,2025-08-05 22:59
SR502999,Repairs,Warranty Claims,1,2025-08-06 12:54
SR503000,Product Advice,Product Advice,0,2025-08-07 02:56
SR503001,Billing,Billing,0,2025-08-06 03:42
SR503002,Warranty Claims,Warranty Claims,0,2025-08-06 10:30
SR503003,Repairs,Warranty Claims,1,2025-08-07 01:36
SR503004,Billing,Billing,0,2025-08-06 12:39
SR503005,Installations,Installations,0,2025-08-06 01:26
SR503006,Warranty Claims,Warranty Claims,0,2025-08-05 23:49
SR503007,Installations,Installations,0,2025-08-06 05:22
SR503008,Product Advice,Product Advice,0,2025-08-06 15:57
SR503009,Repairs,Repairs,0,2025-08-06 18:47
SR503010,Returns & Replacement,Returns & Replacement,0,2025-08-06 15:48
SR503011,Consumables,Consumables,0,2025-08-06 07:20
SR503012,Repairs,Repairs,0,2025-08-06 23:28
SR503013,Repairs,Repairs,0,2025-08-07 22:43
SR503014,Product Advice,Product Advice,0,2025-08-06 15:22
SR503015,Repairs,Repairs,0,2025-08-06 23:06
SR503016,Billing,Installations,2,2025-08-08 09:49
SR503017,Product Advice,Product Advice,0,2025-08-06 15:27
SR503018,Repairs,Repairs,0,2025-08-07 13:28
SR503019,Consumables,Repairs,2,2025-08-08 18:56
SR503020,Consumables,Consumables,0,2025-08-06 17:58
SR503021,Billing,Billing,0,2025-08-07 06:37
SR503022,Installations,Installations,0,2025-08-06 22:59
SR503023,Billing,Consumables,0,2025-08-06 22:37
SR503024,Warranty Claims,Warranty Claims,0,2025-08-07 00:25
SR503025,Product Advice,Product Advice,0,2025-08-07 16:54
SR503026,Billing,Warranty Claims,1,2025-08-10 09:23
SR503027,Installations,Installations,0,2025-08-07 03:53
SR503028,Repairs,Repairs,0,2025-08-07 09:41
SR503029,Billing,Repairs,1,2025-08-07 15:58
SR503030,Consumables,Installations,2,2025-08-10 02:10
SR503031,Installations,Installations,0,2025-08-07 12:19
SR503032,Product Advice,Product Advice,1,2025-08-08 04:25
SR503033,Repairs,Repairs,0,2025-08-07 06:47
SR503034,Repairs,Repairs,0,2025-08-07 08:56
SR503035,Product Advice,Product Advice,0,2025-08-08 12:56
SR503036,Consumables,Consumables,0,2025-08-07 19:02
SR503037,Installations,Installations,0,2025-08-07 17:25
SR503038,Consumables,Consumables,0,2025-08-07 14:23
SR503039,Warranty Claims,Warranty Claims,1,2025-08-08 00:11
SR503040,Consumables,Consumables,0,2025-08-08 01:12
SR503041,Billing,Billing,0,2025-08-07 17:14
SR503042,Warranty Claims,Repairs,1,2025-08-08 17:23
SR503043,Repairs,Repairs,0,2025-08-08 07:23
SR503044,Installations,Installations,1,2025-08-08 04:11
SR503045,Installations,Installations,0,2025-08-08 01:33
SR503046,Consumables,Installations,1,2025-08-08 17:04
SR503047,Billing,Billing,0,2025-08-08 06:16
SR503048,Warranty Claims,Warranty Claims,0,2025-08-08 02:35
SR503049,Repairs,Warranty Claims,2,2025-08-09 00:24
SR503050,Product Advice,Product Advice,0,2025-08-08 09:29
SR503051,Installations,Installations,1,2025-08-08 04:41
SR503052,Consumables,Repairs,1,2025-08-08 07:38
SR503053,Returns & Replacement,Returns & Replacement,0,2025-08-08 06:31
SR503054,Product Advice,Product Advice,0,2025-08-09 05:20
SR503055,Repairs,Repairs,0,2025-08-09 07:09
SR503056,Billing,Billing,0,2025-08-08 10:55
SR503057,Consumables,Installations,1,2025-08-08 20:35
SR503058,Repairs,Repairs,0,2025-08-08 16:22
SR503059,Repairs,Repairs,0,2025-08-09 11:32
SR503060,Billing,Billing,0,2025-08-09 00:53
SR503061,Returns & Replacement,Returns & Replacement,0,2025-08-08 17:02
SR503062,Repairs,Billing,2,2025-08-12 00:41
SR503063,Consumables,Consumables,0,2025-08-08 17:59
SR503064,Repairs,Repairs,0,2025-08-09 00:14
SR503065,Repairs,Product Advice,2,2025-08-12 12:15
SR503066,Billing,Repairs,2,2025-08-09 10:13
SR503067,Installations,Installations,0,2025-08-09 14:50
SR503068,Billing,Billing,0,2025-08-09 05:54
SR503069,Installations,Installations,0,2025-08-09 20:31
SR503070,Billing,Billing,0,2025-08-09 02:57
SR503071,Warranty Claims,Warranty Claims,0,2025-08-09 07:05
SR503072,Billing,Repairs,1,2025-08-11 20:08
SR503073,Installations,Installations,0,2025-08-09 09:13
SR503074,Billing,Billing,0,2025-08-10 07:24
SR503075,Repairs,Warranty Claims,2,2025-08-09 19:12
SR503076,Repairs,Repairs,0,2025-08-10 11:25
SR503077,Product Advice,Product Advice,0,2025-08-09 09:01
SR503078,Repairs,Repairs,0,2025-08-09 14:41
SR503079,Consumables,Consumables,0,2025-08-09 06:49
SR503080,Warranty Claims,Warranty Claims,0,2025-08-09 13:41
SR503081,Billing,Billing,0,2025-08-09 08:55
SR503082,Repairs,Consumables,1,2025-08-09 10:03
SR503083,Repairs,Product Advice,2,2025-08-09 17:20
SR503084,Repairs,Returns & Replacement,1,2025-08-10 01:26
SR503085,Repairs,Repairs,0,2025-08-10 03:55
SR503086,Installations,Installations,0,2025-08-09 22:54
SR503087,Repairs,Product Advice,1,2025-08-09 21:22
SR503088,Repairs,Repairs,0,2025-08-09 20:17
SR503089,Warranty Claims,Warranty Claims,0,2025-08-10 14:51
SR503090,Repairs,Billing,2,2025-08-10 01:06
SR503091,Warranty Claims,Warranty Claims,0,2025-08-10 08:32
SR503092,Repairs,Consumables,2,2025-08-10 22:37
SR503093,Consumables,Consumables,0,2025-08-10 04:23
SR503094,Consumables,Returns & Replacement,2,2025-08-10 10:46
SR503095,Repairs,Repairs,1,2025-08-11 08:34
SR503096,Product Advice,Product Advice,0,2025-08-10 15:29
SR503097,Installations,Installations,0,2025-08-10 09:45
SR503098,Repairs,Billing,1,2025-08-10 12:26
SR503099,Installations,Installations,0,2025-08-10 17:29
SR503100,Billing,Billing,0,2025-08-10 08:46
SR503101,Returns & Replacement,Returns & Replacement,0,2025-08-10 09:37
SR503102,Repairs,Repairs,0,2025-08-10 22:10
SR503103,Product Advice,Product Advice,0,2025-08-10 10:39
SR503104,Product Advice,Product Advice,0,2025-08-10 10:42
SR503105,Repairs,Repairs,0,2025-08-10 16:04
SR503106,Consumables,Warranty Claims,2,2025-08-12 01:42
SR503107,Repairs,Repairs,0,2025-08-11 01:39
SR503108,Billing,Installations,1,2025-08-10 14:26
SR503109,Consumables,Returns & Replacement,1,2025-08-11 17:20
SR503110,Product Advice,Product Advice,0,2025-08-10 14:03
SR503111,Repairs,Returns & Replacement,1,2025-08-11 16:12
SR503112,Warranty Claims,Warranty Claims,0,2025-08-10 16:31
SR503113,Installations,Installations,0,2025-08-10 22:46
SR503114,Consumables,Repairs,1,2025-08-11 14:55
SR503115,Consumables,Repairs,2,2025-08-10 23:09
SR503116,Repairs,Installations,1,2025-08-10 19:43
SR503117,Returns & Replacement,Returns & Replacement,1,2025-08-11 16:19
SR503118,Installations,Installations,0,2025-08-10 22:35
SR503119,Warranty Claims,Warranty Claims,0,2025-08-10 22:30
SR503120,Product Advice,Product Advice,0,2025-08-11 00:42
SR503121,Billing,Billing,0,2025-08-10 22:02
SR503122,Billing,Warranty Claims,1,2025-08-13 03:48
SR503123,Repairs,Returns & Replacement,1,2025-08-12 01:47
SR503124,Consumables,Consumables,0,2025-08-11 09:34
SR503125,Consumables,Consumables,0,2025-08-10 23:29
SR503126,Repairs,Warranty Claims,1,2025-08-11 08:09
SR503127,Installations,Installations,0,2025-08-11 07:19
SR503128,Returns & Replacement,Returns & Replacement,0,2025-08-11 04:47
SR503129,Product Advice,Product Advice,0,2025-08-11 16:55
SR503130,Installations,Installations,0,2025-08-11 11:33
SR503131,Billing,Installations,1,2025-08-11 19:57
SR503132,Repairs,Product Advice,1,2025-08-11 17:54
SR503133,Installations,Installations,0,2025-08-11 23:46
SR503134,Repairs,Repairs,0,2025-08-11 13:17
SR503135,Warranty Claims,Warranty Claims,0,2025-08-12 17:59
SR503136,Billing,Billing,0,2025-08-11 16:30
SR503137,Consumables,Consumables,0,2025-08-11 22:30
SR503138,Repairs,Repairs,0,2025-08-11 16:10
SR503139,Repairs,Repairs,0,2025-08-11 23:39
SR503140,Installations,Installations,0,2025-08-11 22:01
SR503141,Returns & Replacement,Warranty Claims,0,2025-08-12 01:16
SR503142,Installations,Installations,0,2025-08-12 01:28
SR503143,Returns & Replacement,Returns & Replacement,0,2025-08-13 01:34
SR503144,Installations,Installations,0,2025-08-12 09:09
SR503145,Repairs,Repairs,0,2025-08-12 09:01
SR503146,Billing,Repairs,2,2025-08-12 14:13
SR503147,Returns & Replacement,Returns & Replacement,0,2025-08-12 04:30
SR503148,Warranty Claims,Warranty Claims,0,2025-08-13 08:03
SR503149,Consumables,Warranty Claims,1,2025-08-12 06:50
SR503150,Repairs,Repairs,0,2025-08-13 04:18
SR503151,Product Advice,Product Advice,0,2025-08-13 01:37
SR503152,Repairs,Repairs,0,2025-08-12 20:06
SR503153,Installations,Installations,0,2025-08-12 14:18
SR503154,Returns & Replacement,Returns & Replacement,0,2025-08-12 22:28
SR503155,Warranty Claims,Warranty Claims,0,2025-08-14 10:13
SR503156,Repairs,Installations,1,2025-08-13 11:52
SR503157,Installations,Installations,0,2025-08-12 20:25
SR503158,Product Advice,Product Advice,0,2025-08-12 19:42
SR503159,Repairs,Repairs,0,2025-08-12 22:32
SR503160,Repairs,Returns & Replacement,2,2025-08-13 03:11
SR503161,Billing,Billing,0,2025-08-12 19:54
SR503162,Repairs,Product Advice,1,2025-08-13 01:42
SR503163,Billing,Billing,0,2025-08-12 23:00
SR503164,Installations,Installations,0,2025-08-13 05:06
SR503165,Repairs,Returns & Replacement,2,2025-08-14 20:28
SR503166,Repairs,Repairs,0,2025-08-13 06:02
SR503167,Warranty Claims,Warranty Claims,0,2025-08-13 04:15
SR503168,Warranty Claims,Warranty Claims,0,2025-08-13 21:01
SR503169,Billing,Billing,0,2025-08-14 05:28
SR503170,Installations,Installations,0,2025-08-13 01:02
SR503171,Consumables,Consumables,0,2025-08-13 08:22
SR503172,Installations,Installations,0,2025-08-13 04:07
SR503173,Repairs,Warranty Claims,2,2025-08-14 01:25
SR503174,Billing,Installations,0,2025-08-13 14:49
SR503175,Repairs,Repairs,0,2025-08-13 08:55
SR503176,Installations,Installations,0,2025-08-13 16:24
SR503177,Repairs,Installations,2,2025-08-15 00:42
SR503178,Product Advice,Product Advice,0,2025-08-13 21:03
SR503179,Consumables,Returns & Replacement,2,2025-08-16 12:40
SR503180,Installations,Installations,0,2025-08-13 18:47
SR503181,Consumables,Consumables,0,2025-08-14 00:35
SR503182,Repairs,Repairs,0,2025-08-13 08:35
SR503183,Billing,Returns & Replacement,2,2025-08-14 02:05
SR503184,Consumables,Repairs,1,2025-08-15 18:04
SR503185,Repairs,Repairs,0,2025-08-13 19:24
SR503186,Repairs,Repairs,0,2025-08-14 10:02
SR503187,Repairs,Repairs,0,2025-08-14 14:32
SR503188,Consumables,Returns & Replacement,2,2025-08-14 06:04
SR503189,Billing,Returns & Replacement,2,2025-08-15 04:33
SR503190,Repairs,Repairs,0,2025-08-13 23:07
SR503191,Installations,Installations,0,2025-08-14 06:42
SR503192,Product Advice,Product Advice,0,2025-08-14 21:44
SR503193,Repairs,Repairs,0,2025-08-16 02:59
SR503194,Repairs,Repairs,0,2025-08-13 23:56
SR503195,Installations,Installations,0,2025-08-14 17:34
SR503196,Installations,Installations,0,2025-08-14 13:20
SR503197,Returns & Replacement,Returns & Replacement,0,2025-08-14 08:28
SR503198,Billing,Repairs,1,2025-08-14 10:08
SR503199,Repairs,Billing,2,2025-08-14 20:23
SR503200,Repairs,Billing,2,2025-08-14 21:14
SR503201,Billing,Billing,0,2025-08-14 10:38
SR503202,Billing,Billing,0,2025-08-14 12:00
SR503203,Consumables,Consumables,0,2025-08-15 04:26
SR503204,Returns & Replacement,Returns & Replacement,0,2025-08-14 16:06
SR503205,Repairs,Product Advice,2,2025-08-14 16:14
SR503206,Returns & Replacement,Returns & Replacement,0,2025-08-15 10:19
SR503207,Product Advice,Product Advice,0,2025-08-15 03:09
SR503208,Repairs,Repairs,0,2025-08-15 04:47
SR503209,Billing,Billing,0,2025-08-15 07:35
SR503210,Repairs,Billing,1,2025-08-15 01:38
SR503211,Installations,Installations,0,2025-08-15 06:05
SR503212,Installations,Installations,0,2025-08-15 09:04
SR503213,Repairs,Repairs,0,2025-08-15 04:02
SR503214,Installations,Installations,0,2025-08-15 20:51
SR503215,Installations,Installations,1,2025-08-15 06:10
SR503216,Product Advice,Product Advice,0,2025-08-15 15:46
SR503217,Installations,Installations,0,2025-08-15 09:47
SR503218,Warranty Claims,Warranty Claims,0,2025-08-15 07:44
SR503219,Billing,Repairs,1,2025-08-16 01:36
SR503220,Repairs,Billing,2,2025-08-16 21:02
SR503221,Repairs,Repairs,0,2025-08-15 16:11
SR503222,Billing,Installations,2,2025-08-16 00:40
SR503223,Installations,Installations,0,2025-08-15 17:36
SR503224,Warranty Claims,Warranty Claims,0,2025-08-15 19:02
SR503225,Product Advice,Product Advice,0,2025-08-15 16:51
SR503226,Consumables,Consumables,0,2025-08-16 02:47
SR503227,Repairs,Repairs,0,2025-08-17 04:34
SR503228,Repairs,Product Advice,0,2025-08-15 19:48
SR503229,Repairs,Warranty Claims,2,2025-08-16 10:08
SR503230,Billing,Billing,0,2025-08-15 22:30
SR503231,Repairs,Installations,2,2025-08-16 03:42
SR503232,Repairs,Warranty Claims,2,2025-08-16 20:51
SR503233,Repairs,Repairs,0,2025-08-15 23:07
SR503234,Warranty Claims,Warranty Claims,0,2025-08-15 18:57
SR503235,Installations,Installations,0,2025-08-16 02:47
SR503236,Repairs,Repairs,0,2025-08-16 05:03
SR503237,Warranty Claims,Warranty Claims,0,2025-08-16 00:47
SR503238,Warranty Claims,Warranty Claims,0,2025-08-16 04:22
SR503239,Installations,Installations,0,2025-08-16 05:55
SR503240,Product Advice,Product Advice,0,2025-08-16 11:44
SR503241,Repairs,Consumables,2,2025-08-17 02:32
SR503242,Repairs,Repairs,0,2025-08-16 10:00
SR503243,Returns & Replacement,Returns & Replacement,0,2025-08-16 07:27
SR503244,Warranty Claims,Warranty Claims,0,2025-08-16 10:27
SR503245,Consumables,Consumables,0,2025-08-16 13:43
SR503246,Consumables,Consumables,0,2025-08-16 12:23
SR503247,Billing,Billing,1,2025-08-17 13:19
SR503248,Returns & Replacement,Returns & Replacement,1,2025-08-16 22:01
SR503249,Billing,Repairs,1,2025-08-16 16:26
SR503250,Billing,Installations,2,2025-08-18 21:42
SR503251,Repairs,Repairs,0,2025-08-17 13:59
SR503252,Warranty Claims,Warranty Claims,0,2025-08-16 20:18
SR503253,Billing,Warranty Claims,2,2025-08-16 22:34
SR503254,Billing,Warranty Claims,1,2025-08-16 14:07
SR503255,Returns & Replacement,Returns & Replacement,1,2025-08-16 23:57
SR503256,Repairs,Repairs,0,2025-08-16 20:15
SR503257,Consumables,Billing,1,2025-08-17 17:48
SR503258,Warranty Claims,Warranty Claims,0,2025-08-16 17:44
SR503259,Repairs,Consumables,1,2025-08-17 14:45
SR503260,Billing,Billing,0,2025-08-17 02:24
SR503261,Returns & Replacement,Returns & Replacement,1,2025-08-17 02:45
SR503262,Billing,Billing,0,2025-08-16 19:24
SR503263,Repairs,Repairs,0,2025-08-17 10:11
SR503264,Repairs,Repairs,0,2025-08-17 10:34
SR503265,Consumables,Repairs,2,2025-08-17 14:15
SR503266,Returns & Replacement,Returns & Replacement,0,2025-08-17 12:08
SR503267,Repairs,Repairs,0,2025-08-17 23:35
SR503268,Repairs,Repairs,0,2025-08-17 18:44
SR503269,Billing,Billing,0,2025-08-18 13:00
SR503270,Consumables,Consumables,0,2025-08-17 18:30
SR503271,Consumables,Repairs,1,2025-08-17 12:29
SR503272,Returns & Replacement,Returns & Replacement,0,2025-08-17 14:53
SR503273,Warranty Claims,Warranty Claims,0,2025-08-17 18:13
SR503274,Returns & Replacement,Returns & Replacement,0,2025-08-17 20:01
SR503275,Returns & Replacement,Repairs,2,2025-08-18 22:06
SR503276,Consumables,Consumables,0,2025-08-19 05:46
SR503277,Installations,Installations,0,2025-08-17 21:59
SR503278,Product Advice,Product Advice,0,2025-08-17 21:28
SR503279,Repairs,Installations,1,2025-08-18 20:01
SR503280,Installations,Installations,0,2025-08-18 01:33
SR503281,Warranty Claims,Warranty Claims,0,2025-08-17 22:55
SR503282,Consumables,Consumables,1,2025-08-19 06:17
SR503283,Warranty Claims,Warranty Claims,0,2025-08-18 04:51
SR503284,Billing,Installations,1,2025-08-18 14:19
SR503285,Returns & Replacement,Returns & Replacement,0,2025-08-18 00:02
SR503286,Repairs,Consumables,1,2025-08-18 07:18
SR503287,Repairs,Repairs,0,2025-08-18 01:05
SR503288,Product Advice,Product Advice,0,2025-08-21 09:11
SR503289,Returns & Replacement,Returns & Replacement,0,2025-08-18 08:43
SR503290,Repairs,Repairs,0,2025-08-18 17:08
SR503291,Returns & Replacement,Returns & Replacement,0,2025-08-18 06:39
SR503292,Billing,Billing,0,2025-08-18 08:39
SR503293,Repairs,Installations,2,2025-08-18 23:48
SR503294,Billing,Repairs,1,2025-08-19 03:49
SR503295,Product Advice,Product Advice,0,2025-08-18 16:13
SR503296,Billing,Repairs,1,2025-08-19 18:03
SR503297,Repairs,Repairs,0,2025-08-19 07:35
SR503298,Returns & Replacement,Returns & Replacement,0,2025-08-19 07:00
SR503299,Consumables,Warranty Claims,1,2025-08-19 08:39
SR503300,Installations,Installations,0,2025-08-21 08:44
SR503301,Product Advice,Product Advice,1,2025-08-19 19:10
SR503302,Warranty Claims,Warranty Claims,0,2025-08-19 07:49
SR503303,Billing,Billing,0,2025-08-19 12:30
SR503304,Consumables,Consumables,0,2025-08-18 23:46
SR503305,Installations,Installations,0,2025-08-19 00:53
SR503306,Returns & Replacement,Returns & Replacement,0,2025-08-18 23:03
SR503307,Installations,Installations,0,2025-08-19 04:59
SR503308,Installations,Installations,0,2025-08-19 21:02
SR503309,Returns & Replacement,Returns & Replacement,0,2025-08-20 00:42
SR503310,Warranty Claims,Warranty Claims,0,2025-08-19 20:29
SR503311,Returns & Replacement,Returns & Replacement,0,2025-08-19 06:46
SR503312,Installations,Installations,0,2025-08-19 13:03
SR503313,Repairs,Repairs,0,2025-08-19 10:16
SR503314,Warranty Claims,Warranty Claims,0,2025-08-19 13:00
SR503315,Returns & Replacement,Returns & Replacement,0,2025-08-19 17:15
SR503316,Installations,Installations,0,2025-08-19 14:19
SR503317,Installations,Installations,0,2025-08-19 12:15
SR503318,Consumables,Repairs,1,2025-08-20 14:48
SR503319,Repairs,Consumables,2,2025-08-19 20:21
SR503320,Repairs,Repairs,0,2025-08-19 16:36
SR503321,Repairs,Billing,1,2025-08-20 18:37
SR503322,Product Advice,Product Advice,0,2025-08-20 18:49
SR503323,Warranty Claims,Warranty Claims,0,2025-08-19 18:41
SR503324,Product Advice,Product Advice,0,2025-08-19 19:51
SR503325,Repairs,Returns & Replacement,1,2025-08-20 03:08
SR503326,Billing,Warranty Claims,2,2025-08-20 09:36
SR503327,Returns & Replacement,Returns & Replacement,0,2025-08-20 06:04
SR503328,Product Advice,Product Advice,0,2025-08-24 12:51
SR503329,Installations,Installations,0,2025-08-20 04:03
SR503330,Repairs,Billing,1,2025-08-21 00:16
SR503331,Repairs,Product Advice,2,2025-08-21 10:59
SR503332,Billing,Repairs,2,2025-08-20 08:16
SR503333,Billing,Billing,0,2025-08-19 23:40
SR503334,Consumables,Installations,1,2025-08-20 01:31
SR503335,Installations,Installations,0,2025-08-20 01:57
SR503336,Repairs,Repairs,0,2025-08-20 13:47
SR503337,Product Advice,Product Advice,0,2025-08-20 05:05
SR503338,Repairs,Repairs,0,2025-08-20 04:42
SR503339,Consumables,Consumables,0,2025-08-19 23:49
SR503340,Repairs,Repairs,0,2025-08-20 08:02
SR503341,Repairs,Repairs,0,2025-08-20 06:48
SR503342,Consumables,Repairs,1,2025-08-20 20:18
SR503343,Warranty Claims,Warranty Claims,0,2025-08-20 11:16
SR503344,Repairs,Repairs,0,2025-08-20 20:49
SR503345,Installations,Installations,0,2025-08-20 11:44
SR503346,Warranty Claims,Warranty Claims,0,2025-08-20 17:05
SR503347,Returns & Replacement,Returns & Replacement,1,2025-08-21 15:37
SR503348,Returns & Replacement,Returns & Replacement,0,2025-08-20 10:12
SR503349,Repairs,Repairs,0,2025-08-20 09:42
SR503350,Repairs,Repairs,0,2025-08-21 13:46
SR503351,Returns & Replacement,Returns & Replacement,0,2025-08-20 14:09
SR503352,Installations,Installations,0,2025-08-20 14:53
SR503353,Repairs,Warranty Claims,2,2025-08-21 19:12
SR503354,Repairs,Repairs,0,2025-08-20 22:54
SR503355,Billing,Billing,0,2025-08-21 21:50
SR503356,Installations,Installations,0,2025-08-20 15:33
SR503357,Billing,Billing,0,2025-08-21 03:05
SR503358,Consumables,Warranty Claims,2,2025-08-24 04:30
SR503359,Repairs,Repairs,0,2025-08-22 05:36
SR503360,Billing,Repairs,2,2025-08-21 20:10
SR503361,Repairs,Repairs,0,2025-08-21 06:02
SR503362,Repairs,Repairs,0,2025-08-20 23:25
SR503363,Billing,Warranty Claims,2,2025-08-22 10:28
SR503364,Billing,Consumables,2,2025-08-21 14:47
SR503365,Repairs,Repairs,0,2025-08-21 12:06
SR503366,Repairs,Consumables,2,2025-08-21 20:58
SR503367,Repairs,Repairs,0,2025-08-21 00:43
SR503368,Returns & Replacement,Returns & Replacement,0,2025-08-21 02:43
SR503369,Repairs,Warranty Claims,2,2025-08-23 10:26
SR503370,Warranty Claims,Warranty Claims,0,2025-08-21 10:47
SR503371,Warranty Claims,Billing,0,2025-08-21 06:55
SR503372,Installations,Installations,0,2025-08-22 03:57
SR503373,Returns & Replacement,Returns & Replacement,0,2025-08-21 09:44
SR503374,Consumables,Consumables,0,2025-08-21 20:33
SR503375,Consumables,Consumables,0,2025-08-21 17:19
SR503376,Billing,Billing,0,2025-08-22 03:05
SR503377,Warranty Claims,Warranty Claims,0,2025-08-21 18:31
SR503378,Repairs,Repairs,0,2025-08-21 07:57
SR503379,Product Advice,Product Advice,0,2025-08-21 11:43
SR503380,Repairs,Consumables,1,2025-08-21 12:29
SR503381,Product Advice,Product Advice,0,2025-08-22 18:08
SR503382,Product Advice,Product Advice,0,2025-08-21 23:04
SR503383,Repairs,Repairs,0,2025-08-22 10:13
SR503384,Installations,Installations,0,2025-08-21 15:43
SR503385,Billing,Billing,0,2025-08-21 18:42
SR503386,Consumables,Consumables,0,2025-08-21 20:19
SR503387,Consumables,Repairs,2,2025-08-22 05:40
SR503388,Repairs,Billing,2,2025-08-23 00:55
SR503389,Warranty Claims,Warranty Claims,0,2025-08-22 04:37
SR503390,Product Advice,Product Advice,0,2025-08-21 22:07
SR503391,Repairs,Installations,2,2025-08-25 18:01
SR503392,Repairs,Repairs,0,2025-08-22 01:16
SR503393,Installations,Installations,0,2025-08-21 22:43
SR503394,Repairs,Product Advice,1,2025-08-22 10:36
SR503395,Consumables,Repairs,1,2025-08-22 06:50
SR503396,Product Advice,Product Advice,0,2025-08-22 15:25
SR503397,Repairs,Repairs,0,2025-08-22 08:16
SR503398,Consumables,Consumables,0,2025-08-22 20:58
SR503399,Billing,Billing,0,2025-08-22 06:08
SR503400,Product Advice,Product Advice,0,2025-08-22 14:38
SR503401,Warranty Claims,Warranty Claims,0,2025-08-22 04:14
SR503402,Product Advice,Product Advice,0,2025-08-22 08:14
SR503403,Repairs,Repairs,0,2025-08-22 11:23
SR503404,Billing,Installations,1,2025-08-22 19:55
SR503405,Repairs,Warranty Claims,2,2025-08-24 11:58
SR503406,Billing,Billing,0,2025-08-23 02:40
SR503407,Repairs,Repairs,0,2025-08-22 15:48
SR503408,Installations,Installations,0,2025-08-24 03:27
SR503409,Warranty Claims,Warranty Claims,0,2025-08-23 17:43
SR503410,Repairs,Repairs,0,2025-08-22 16:39
SR503411,Repairs,Repairs,0,2025-08-22 13:20
SR503412,Repairs,Repairs,0,2025-08-22 19:47
SR503413,Repairs,Repairs,0,2025-08-23 21:49
SR503414,Repairs,Repairs,0,2025-08-23 04:52
SR503415,Product Advice,Product Advice,0,2025-08-22 19:28
SR503416,Consumables,Product Advice,2,2025-08-23 09:29
SR503417,Billing,Billing,0,2025-08-22 22:20
SR503418,Repairs,Billing,2,2025-08-23 02:02
SR503419,Billing,Billing,0,2025-08-24 02:42
SR503420,Installations,Installations,0,2025-08-23 02:23
SR503421,Returns & Replacement,Returns & Replacement,0,2025-08-23 02:27
SR503422,Returns & Replacement,Returns & Replacement,0,2025-08-23 04:53
SR503423,Repairs,Repairs,1,2025-08-24 04:59
SR503424,Repairs,Repairs,0,2025-08-23 20:27
SR503425,Repairs,Repairs,0,2025-08-23 14:29
SR503426,Billing,Product Advice,0,2025-08-23 12:22
SR503427,Repairs,Billing,1,2025-08-24 18:40
SR503428,Installations,Installations,0,2025-08-23 13:45
SR503429,Billing,Installations,1,2025-08-24 23:01
SR503430,Repairs,Repairs,0,2025-08-25 19:10
SR503431,Consumables,Repairs,2,2025-08-25 00:25
SR503432,Repairs,Repairs,0,2025-08-23 18:25
SR503433,Repairs,Repairs,0,2025-08-23 14:29
SR503434,Returns & Replacement,Returns & Replacement,1,2025-08-24 02:42
SR503435,Repairs,Warranty Claims,2,2025-08-24 17:23
SR503436,Consumables,Warranty Claims,2,2025-08-24 21:45
SR503437,Product Advice,Product Advice,0,2025-08-23 21:19
SR503438,Repairs,Repairs,0,2025-08-24 03:15
SR503439,Returns & Replacement,Returns & Replacement,0,2025-08-24 00:58
SR503440,Billing,Billing,0,2025-08-24 04:07
SR503441,Repairs,Warranty Claims,2,2025-08-24 08:11
SR503442,Returns & Replacement,Returns & Replacement,0,2025-08-24 12:25
SR503443,Repairs,Repairs,0,2025-08-24 05:41
SR503444,Product Advice,Product Advice,0,2025-08-24 14:51
SR503445,Installations,Installations,0,2025-08-24 08:58
SR503446,Warranty Claims,Warranty Claims,0,2025-08-24 09:24
SR503447,Product Advice,Product Advice,0,2025-08-25 05:10
SR503448,Warranty Claims,Warranty Claims,0,2025-08-24 22:06
SR503449,Installations,Installations,0,2025-08-25 05:17
SR503450,Returns & Replacement,Returns & Replacement,0,2025-08-25 09:22
SR503451,Installations,Installations,0,2025-08-25 13:43
SR503452,Repairs,Returns & Replacement,1,2025-08-24 15:16
SR503453,Billing,Billing,0,2025-08-24 11:05
SR503454,Product Advice,Product Advice,0,2025-08-24 16:13
SR503455,Repairs,Returns & Replacement,1,2025-08-25 00:00
SR503456,Returns & Replacement,Returns & Replacement,0,2025-08-24 12:14
SR503457,Product Advice,Product Advice,0,2025-08-25 07:39
SR503458,Installations,Installations,0,2025-08-24 21:40
SR503459,Repairs,Repairs,0,2025-08-24 19:52
SR503460,Installations,Installations,0,2025-08-25 01:47
SR503461,Consumables,Consumables,0,2025-08-24 20:46
SR503462,Consumables,Consumables,0,2025-08-25 11:03
SR503463,Repairs,Installations,2,2025-08-24 20:06
SR503464,Consumables,Consumables,0,2025-08-24 23:47
SR503465,Installations,Installations,0,2025-08-24 22:21
SR503466,Repairs,Repairs,0,2025-08-25 02:22
SR503467,Repairs,Repairs,0,2025-08-25 07:34
SR503468,Billing,Billing,0,2025-08-24 23:00
SR503469,Warranty Claims,Warranty Claims,0,2025-08-26 02:29
SR503470,Billing,Repairs,2,2025-08-26 01:01
SR503471,Installations,Installations,1,2025-08-25 16:10
SR503472,Consumables,Repairs,1,2025-08-25 02:11
SR503473,Consumables,Consumables,0,2025-08-26 01:43
SR503474,Returns & Replacement,Returns & Replacement,0,2025-08-26 06:54
SR503475,Installations,Installations,0,2025-08-25 07:52
SR503476,Warranty Claims,Warranty Claims,0,2025-08-25 03:50
SR503477,Billing,Billing,0,2025-08-25 15:01
SR503478,Repairs,Installations,1,2025-08-27 07:51
SR503479,Warranty Claims,Warranty Claims,0,2025-08-25 07:37
SR503480,Installations,Installations,0,2025-08-25 04:27
SR503481,Repairs,Consumables,1,2025-08-26 22:29
SR503482,Warranty Claims,Warranty Claims,0,2025-08-26 22:45
SR503483,Consumables,Consumables,0,2025-08-25 09:45
SR503484,Warranty Claims,Warranty Claims,0,2025-08-25 10:30
SR503485,Repairs,Warranty Claims,2,2025-08-26 20:23
SR503486,Billing,Billing,0,2025-08-25 14:01
SR503487,Repairs,Repairs,0,2025-08-25 18:17
SR503488,Warranty Claims,Warranty Claims,0,2025-08-25 22:26
SR503489,Returns & Replacement,Returns & Replacement,0,2025-08-26 08:37
SR503490,Product Advice,Product Advice,1,2025-08-27 20:16
SR503491,Billing,Installations,1,2025-08-25 19:18
SR503492,Consumables,Consumables,1,2025-08-26 00:04
SR503493,Installations,Installations,0,2025-08-26 02:45
SR503494,Billing,Billing,0,2025-08-27 03:58
SR503495,Consumables,Consumables,0,2025-08-26 02:07
SR503496,Installations,Installations,0,2025-08-26 02:51
SR503497,Product Advice,Product Advice,0,2025-08-26 09:29
SR503498,Warranty Claims,Warranty Claims,0,2025-08-26 22:18
SR503499,Repairs,Repairs,0,2025-08-26 13:34
SR503500,Repairs,Repairs,0,2025-08-26 12:21
SR503501,Repairs,Returns & Replacement,1,2025-08-26 20:41
SR503502,Repairs,Warranty Claims,2,2025-08-27 08:08
SR503503,Repairs,Repairs,0,2025-08-27 13:45
SR503504,Repairs,Repairs,1,2025-08-27 05:27
SR503505,Billing,Installations,1,2025-08-26 21:52
SR503506,Warranty Claims,Warranty Claims,1,2025-08-27 01:42
SR503507,Billing,Billing,0,2025-08-27 06:56
SR503508,Consumables,Consumables,0,2025-08-26 23:00
SR503509,Warranty Claims,Warranty Claims,0,2025-08-26 21:24
SR503510,Repairs,Repairs,0,2025-08-26 18:52
SR503511,Billing,Billing,0,2025-08-27 00:28
SR503512,Repairs,Repairs,0,2025-08-27 09:00
SR503513,Consumables,Consumables,0,2025-08-27 09:09
SR503514,Warranty Claims,Warranty Claims,1,2025-08-28 09:20
SR503515,Returns & Replacement,Returns & Replacement,0,2025-08-28 05:06
SR503516,Warranty Claims,Warranty Claims,0,2025-08-27 04:40
SR503517,Repairs,Repairs,0,2025-08-27 04:38
SR503518,Repairs,Repairs,0,2025-08-27 06:32
SR503519,Billing,Billing,0,2025-08-27 07:52
SR503520,Repairs,Returns & Replacement,2,2025-08-28 05:24
SR503521,Repairs,Repairs,0,2025-08-28 00:25
SR503522,Repairs,Repairs,0,2025-08-27 13:17
SR503523,Billing,Billing,0,2025-08-27 13:41
SR503524,Billing,Billing,0,2025-08-27 12:11
SR503525,Repairs,Product Advice,1,2025-08-29 05:32
SR503526,Repairs,Repairs,0,2025-08-27 11:51
SR503527,Repairs,Warranty Claims,1,2025-08-27 15:42
SR503528,Warranty Claims,Warranty Claims,0,2025-08-27 17:48
SR503529,Warranty Claims,Warranty Claims,0,2025-08-27 19:48
SR503530,Billing,Billing,0,2025-08-28 07:05
SR503531,Repairs,Repairs,0,2025-08-27 23:07
SR503532,Warranty Claims,Warranty Claims,0,2025-08-27 23:49
SR503533,Repairs,Repairs,0,2025-08-28 05:38
SR503534,Repairs,Repairs,0,2025-08-28 04:29
SR503535,Installations,Installations,0,2025-08-28 06:05
SR503536,Repairs,Repairs,0,2025-08-28 04:40
SR503537,Installations,Installations,0,2025-08-28 12:06
SR503538,Billing,Repairs,2,2025-08-29 01:55
SR503539,Repairs,Repairs,0,2025-08-28 12:40
SR503540,Warranty Claims,Warranty Claims,0,2025-08-28 13:41
SR503541,Billing,Returns & Replacement,2,2025-08-28 18:06
SR503542,Installations,Installations,0,2025-08-29 13:40
SR503543,Consumables,Consumables,0,2025-08-28 18:10
SR503544,Billing,Billing,0,2025-08-28 17:50
SR503545,Repairs,Billing,1,2025-08-28 16:29
SR503546,Repairs,Repairs,0,2025-08-28 12:10
SR503547,Product Advice,Product Advice,0,2025-08-29 12:50
SR503548,Billing,Installations,2,2025-08-29 13:56
SR503549,Installations,Installations,0,2025-08-28 15:08
SR503550,Returns & Replacement,Returns & Replacement,0,2025-08-28 15:51
SR503551,Consumables,Consumables,1,2025-08-28 18:03
SR503552,Installations,Installations,0,2025-08-30 02:36
SR503553,Repairs,Repairs,0,2025-08-28 15:49
SR503554,Consumables,Consumables,0,2025-08-28 14:41
SR503555,Installations,Installations,0,2025-08-28 21:52
SR503556,Warranty Claims,Warranty Claims,0,2025-08-29 02:45
SR503557,Repairs,Repairs,0,2025-08-28 18:58
SR503558,Billing,Returns & Replacement,1,2025-08-31 00:19
SR503559,Repairs,Repairs,0,2025-08-29 11:21
SR503560,Billing,Billing,0,2025-08-29 00:06
SR503561,Billing,Repairs,2,2025-08-28 23:54
SR503562,Installations,Installations,0,2025-08-29 16:03
SR503563,Consumables,Consumables,0,2025-08-28 23:10
SR503564,Billing,Repairs,1,2025-09-02 16:28
SR503565,Repairs,Repairs,0,2025-08-29 12:48
SR503566,Consumables,Consumables,0,2025-08-29 08:28
SR503567,Product Advice,Product Advice,0,2025-08-29 07:57
SR503568,Product Advice,Product Advice,0,2025-08-29 02:31
SR503569,Returns & Replacement,Returns & Replacement,0,2025-08-29 07:42
SR503570,Installations,Installations,0,2025-08-29 16:29
SR503571,Repairs,Warranty Claims,2,2025-08-30 10:42
SR503572,Repairs,Billing,1,2025-08-29 19:02
SR503573,Warranty Claims,Warranty Claims,0,2025-08-29 13:48
SR503574,Billing,Billing,1,2025-08-29 13:53
SR503575,Warranty Claims,Warranty Claims,0,2025-08-30 01:17
SR503576,Returns & Replacement,Returns & Replacement,0,2025-08-31 02:09
SR503577,Repairs,Repairs,0,2025-08-29 20:34
SR503578,Warranty Claims,Repairs,0,2025-08-30 00:45
SR503579,Repairs,Installations,2,2025-08-30 00:43
SR503580,Repairs,Repairs,0,2025-08-29 21:13
SR503581,Consumables,Consumables,0,2025-08-30 07:12
SR503582,Billing,Billing,0,2025-08-30 16:11
SR503583,Consumables,Consumables,0,2025-08-30 02:08
SR503584,Warranty Claims,Warranty Claims,0,2025-08-30 16:47
SR503585,Product Advice,Product Advice,0,2025-08-30 11:29
SR503586,Installations,Installations,0,2025-08-31 03:39
SR503587,Product Advice,Repairs,2,2025-09-01 12:23
SR503588,Repairs,Repairs,0,2025-08-30 17:18
SR503589,Billing,Billing,0,2025-08-30 12:56
SR503590,Repairs,Returns & Replacement,2,2025-08-31 03:52
SR503591,Product Advice,Product Advice,0,2025-08-30 22:57
SR503592,Repairs,Repairs,1,2025-08-30 19:24
SR503593,Consumables,Consumables,0,2025-08-30 21:44
SR503594,Returns & Replacement,Returns & Replacement,0,2025-08-30 16:55
SR503595,Consumables,Repairs,1,2025-08-30 20:39
SR503596,Warranty Claims,Warranty Claims,0,2025-08-31 05:41
SR503597,Repairs,Repairs,0,2025-08-30 22:35
SR503598,Returns & Replacement,Returns & Replacement,0,2025-08-30 19:06
SR503599,Returns & Replacement,Returns & Replacement,0,2025-08-31 00:36
SR503600,Product Advice,Product Advice,0,2025-08-31 04:36
SR503601,Returns & Replacement,Returns & Replacement,0,2025-08-31 02:56
SR503602,Returns & Replacement,Returns & Replacement,0,2025-08-31 02:04
SR503603,Billing,Billing,0,2025-08-31 04:40
SR503604,Warranty Claims,Warranty Claims,0,2025-08-31 08:45
SR503605,Repairs,Repairs,0,2025-08-30 23:15
SR503606,Product Advice,Product Advice,0,2025-08-31 00:33
SR503607,Warranty Claims,Warranty Claims,0,2025-08-31 15:40
SR503608,Billing,Billing,1,2025-08-31 07:36
SR503609,Repairs,Billing,1,2025-08-31 03:15
SR503610,Billing,Billing,0,2025-08-31 14:00
SR503611,Repairs,Repairs,0,2025-08-31 04:08
SR503612,Repairs,Repairs,0,2025-08-31 02:18
SR503613,Product Advice,Product Advice,0,2025-08-31 20:00
SR503614,Repairs,Repairs,0,2025-08-31 14:44
SR503615,Product Advice,Product Advice,0,2025-08-31 10:20
SR503616,Product Advice,Product Advice,0,2025-08-31 10:21
SR503617,Repairs,Repairs,0,2025-08-31 09:35
SR503618,Returns & Replacement,Returns & Replacement,0,2025-08-31 17:30
SR503619,Consumables,Consumables,0,2025-08-31 07:37
SR503620,Consumables,Consumables,0,2025-08-31 15:02
SR503621,Returns & Replacement,Returns & Replacement,0,2025-08-31 14:49
SR503622,Consumables,Repairs,2,2025-08-31 15:07
SR503623,Warranty Claims,Warranty Claims,1,2025-09-01 02:07
SR503624,Consumables,Repairs,1,2025-08-31 12:52
SR503625,Installations,Repairs,0,2025-08-31 15:59
SR503626,Repairs,Repairs,0,2025-09-01 14:07
SR503627,Repairs,Consumables,1,2025-08-31 20:36
SR503628,Returns & Replacement,Returns & Replacement,0,2025-09-01 05:05
SR503629,Billing,Returns & Replacement,2,2025-09-01 01:22
SR503630,Installations,Installations,0,2025-08-31 18:14
SR503631,Warranty Claims,Warranty Claims,0,2025-08-31 19:46
SR503632,Installations,Installations,0,2025-08-31 20:16
SR503633,Consumables,Consumables,0,2025-09-01 05:40
SR503634,Repairs,Billing,2,2025-09-01 20:59
SR503635,Installations,Installations,0,2025-08-31 23:56
SR503636,Consumables,Billing,2,2025-09-01 04:01
SR503637,Warranty Claims,Warranty Claims,0,2025-09-01 06:29
SR503638,Returns & Replacement,Billing,0,2025-09-01 11:57
SR503639,Warranty Claims,Returns & Replacement,0,2025-09-01 03:49
SR503640,Installations,Installations,0,2025-09-01 10:15
SR503641,Warranty Claims,Warranty Claims,0,2025-09-01 13:31
SR503642,Installations,Installations,0,2025-09-01 05:22
SR503643,Returns & Replacement,Returns & Replacement,0,2025-09-01 14:49
SR503644,Returns & Replacement,Returns & Replacement,0,2025-09-01 14:25
SR503645,Repairs,Repairs,0,2025-09-01 09:47
SR503646,Billing,Billing,1,2025-09-01 07:49
SR503647,Billing,Billing,0,2025-09-01 09:16
SR503648,Warranty Claims,Warranty Claims,0,2025-09-01 11:49
SR503649,Installations,Installations,0,2025-09-01 19:32
SR503650,Billing,Warranty Claims,2,2025-09-02 06:09
SR503651,Repairs,Product Advice,1,2025-09-02 07:23
SR503652,Repairs,Repairs,0,2025-09-02 02:23
SR503653,Product Advice,Product Advice,0,2025-09-02 20:23
SR503654,Product Advice,Product Advice,0,2025-09-02 13:48
SR503655,Billing,Billing,0,2025-09-02 01:43
SR503656,Product Advice,Product Advice,0,2025-09-02 17:37
SR503657,Billing,Returns & Replacement,2,2025-09-03 12:35
SR503658,Returns & Replacement,Returns & Replacement,0,2025-09-02 06:17
SR503659,Repairs,Repairs,0,2025-09-02 09:49
SR503660,Consumables,Returns & Replacement,1,2025-09-04 14:10
SR503661,Billing,Billing,0,2025-09-02 12:13
SR503662,Installations,Installations,0,2025-09-06 04:35
SR503663,Installations,Installations,0,2025-09-02 12:08
SR503664,Returns & Replacement,Returns & Replacement,0,2025-09-02 21:50
SR503665,Product Advice,Product Advice,0,2025-09-03 05:35
SR503666,Warranty Claims,Warranty Claims,0,2025-09-02 17:49
SR503667,Installations,Installations,0,2025-09-02 19:34
SR503668,Repairs,Installations,2,2025-09-02 16:35
SR503669,Product Advice,Product Advice,1,2025-09-02 22:47
SR503670,Returns & Replacement,Returns & Replacement,0,2025-09-03 01:29
SR503671,Product Advice,Product Advice,0,2025-09-02 19:03
SR503672,Installations,Installations,0,2025-09-02 23:32
SR503673,Repairs,Repairs,0,2025-09-02 19:17
SR503674,Returns & Replacement,Returns & Replacement,0,2025-09-03 01:37
SR503675,Warranty Claims,Warranty Claims,0,2025-09-03 10:32
SR503676,Warranty Claims,Warranty Claims,0,2025-09-03 09:07
SR503677,Installations,Installations,0,2025-09-05 00:48
SR503678,Product Advice,Product Advice,0,2025-09-03 11:04
SR503679,Consumables,Repairs,0,2025-09-04 08:34
SR503680,Billing,Installations,2,2025-09-04 14:05
SR503681,Repairs,Repairs,0,2025-09-05 16:52
SR503682,Repairs,Billing,2,2025-09-03 13:29
SR503683,Billing,Billing,0,2025-09-03 12:24
SR503684,Product Advice,Product Advice,0,2025-09-03 22:12
SR503685,Billing,Billing,0,2025-09-03 19:01
SR503686,Billing,Billing,0,2025-09-03 17:24
SR503687,Installations,Installations,0,2025-09-05 06:15
SR503688,Billing,Billing,0,2025-09-04 01:45
SR503689,Warranty Claims,Warranty Claims,0,2025-09-03 20:57
SR503690,Repairs,Installations,2,2025-09-05 09:42
SR503691,Repairs,Installations,1,2025-09-03 23:26
SR503692,Consumables,Warranty Claims,2,2025-09-05 07:00
SR503693,Billing,Billing,0,2025-09-04 11:38
SR503694,Installations,Installations,0,2025-09-04 02:02
SR503695,Billing,Billing,0,2025-09-04 01:24
SR503696,Billing,Billing,0,2025-09-05 16:06
SR503697,Repairs,Billing,1,2025-09-04 15:30
SR503698,Returns & Replacement,Returns & Replacement,0,2025-09-04 04:09
SR503699,Installations,Installations,0,2025-09-03 22:39
SR503700,Warranty Claims,Warranty Claims,0,2025-09-04 10:43
SR503701,Returns & Replacement,Returns & Replacement,0,2025-09-04 06:11
SR503702,Consumables,Warranty Claims,1,2025-09-05 11:06
SR503703,Product Advice,Product Advice,0,2025-09-04 09:27
SR503704,Billing,Billing,0,2025-09-04 05:41
SR503705,Repairs,Repairs,0,2025-09-04 06:30
SR503706,Warranty Claims,Warranty Claims,1,2025-09-05 18:25
SR503707,Repairs,Repairs,0,2025-09-04 07:55
SR503708,Product Advice,Product Advice,0,2025-09-05 04:46
SR503709,Billing,Billing,0,2025-09-04 14:47
SR503710,Repairs,Warranty Claims,1,2025-09-04 11:12
SR503711,Returns & Replacement,Returns & Replacement,0,2025-09-04 11:55
SR503712,Repairs,Repairs,0,2025-09-06 03:57
SR503713,Returns & Replacement,Returns & Replacement,0,2025-09-04 22:23
SR503714,Returns & Replacement,Returns & Replacement,0,2025-09-04 14:49
SR503715,Installations,Installations,0,2025-09-05 00:43
SR503716,Billing,Billing,0,2025-09-04 16:29
SR503717,Warranty Claims,Warranty Claims,0,2025-09-04 17:27
SR503718,Warranty Claims,Warranty Claims,0,2025-09-04 18:49
SR503719,Product Advice,Product Advice,0,2025-09-05 21:24
SR503720,Consumables,Repairs,1,2025-09-05 00:07
SR503721,Billing,Billing,0,2025-09-04 18:44
SR503722,Repairs,Repairs,0,2025-09-05 16:20
SR503723,Billing,Warranty Claims,2,2025-09-05 23:09
SR503724,Repairs,Repairs,0,2025-09-05 01:47
SR503725,Billing,Billing,0,2025-09-04 22:54
SR503726,Billing,Returns & Replacement,2,2025-09-07 19:55
SR503727,Repairs,Repairs,0,2025-09-05 00:53
SR503728,Product Advice,Product Advice,0,2025-09-05 12:24
SR503729,Repairs,Repairs,0,2025-09-05 20:29
SR503730,Returns & Replacement,Returns & Replacement,0,2025-09-05 18:22
SR503731,Repairs,Repairs,0,2025-09-05 06:23
SR503732,Warranty Claims,Warranty Claims,1,2025-09-05 10:37
SR503733,Returns & Replacement,Returns & Replacement,1,2025-09-06 01:58
SR503734,Repairs,Billing,1,2025-09-05 19:51
SR503735,Warranty Claims,Warranty Claims,0,2025-09-07 09:02
SR503736,Billing,Billing,0,2025-09-05 13:33
SR503737,Installations,Installations,0,2025-09-06 10:44
SR503738,Consumables,Repairs,1,2025-09-06 12:17
SR503739,Returns & Replacement,Returns & Replacement,0,2025-09-05 19:01
SR503740,Warranty Claims,Warranty Claims,0,2025-09-06 08:56
SR503741,Consumables,Warranty Claims,1,2025-09-06 03:57
SR503742,Product Advice,Product Advice,0,2025-09-05 21:19
SR503743,Consumables,Consumables,0,2025-09-05 20:50
SR503744,Warranty Claims,Warranty Claims,0,2025-09-05 20:57
SR503745,Repairs,Installations,1,2025-09-07 10:30
SR503746,Repairs,Billing,1,2025-09-06 10:28
SR503747,Installations,Installations,0,2025-09-05 20:51
SR503748,Billing,Billing,0,2025-09-05 22:18
SR503749,Returns & Replacement,Returns & Replacement,0,2025-09-06 03:09
SR503750,Billing,Returns & Replacement,2,2025-09-06 15:45
SR503751,Product Advice,Product Advice,0,2025-09-06 01:35
SR503752,Repairs,Repairs,0,2025-09-06 05:23
SR503753,Product Advice,Product Advice,0,2025-09-06 13:10
SR503754,Repairs,Repairs,0,2025-09-06 16:15
SR503755,Repairs,Warranty Claims,1,2025-09-06 07:07
SR503756,Repairs,Repairs,0,2025-09-06 08:25
SR503757,Installations,Installations,0,2025-09-06 06:20
SR503758,Billing,Billing,0,2025-09-06 15:43
SR503759,Consumables,Consumables,0,2025-09-06 13:20
SR503760,Consumables,Product Advice,0,2025-09-06 12:54
SR503761,Installations,Installations,0,2025-09-06 13:15
SR503762,Repairs,Repairs,1,2025-09-06 12:02
SR503763,Returns & Replacement,Returns & Replacement,0,2025-09-06 16:35
SR503764,Returns & Replacement,Returns & Replacement,1,2025-09-06 18:19
SR503765,Repairs,Billing,1,2025-09-07 02:58
SR503766,Installations,Installations,0,2025-09-07 15:09
SR503767,Consumables,Consumables,0,2025-09-06 20:02
SR503768,Billing,Billing,0,2025-09-06 14:29
SR503769,Warranty Claims,Warranty Claims,0,2025-09-06 16:06
SR503770,Billing,Billing,1,2025-09-06 23:36
SR503771,Product Advice,Product Advice,0,2025-09-07 11:08
SR503772,Repairs,Repairs,0,2025-09-07 13:23
SR503773,Warranty Claims,Warranty Claims,0,2025-09-07 00:18
SR503774,Billing,Repairs,1,2025-09-07 00:42
SR503775,Consumables,Consumables,0,2025-09-07 01:36
SR503776,Billing,Installations,1,2025-09-08 11:11
SR503777,Returns & Replacement,Returns & Replacement,0,2025-09-07 07:34
SR503778,Billing,Billing,0,2025-09-07 06:00
SR503779,Repairs,Product Advice,1,2025-09-07 02:51
SR503780,Billing,Billing,0,2025-09-07 04:13
SR503781,Billing,Billing,0,2025-09-07 05:22
SR503782,Billing,Billing,0,2025-09-07 09:38
SR503783,Warranty Claims,Warranty Claims,0,2025-09-07 13:52
SR503784,Repairs,Repairs,0,2025-09-07 14:30
SR503785,Consumables,Consumables,0,2025-09-07 15:06
SR503786,Installations,Installations,0,2025-09-07 10:35
SR503787,Returns & Replacement,Returns & Replacement,0,2025-09-08 15:36
SR503788,Repairs,Installations,2,2025-09-10 05:24
SR503789,Consumables,Consumables,1,2025-09-08 02:11
SR503790,Repairs,Returns & Replacement,1,2025-09-07 12:19
SR503791,Repairs,Repairs,0,2025-09-07 18:20
SR503792,Billing,Billing,0,2025-09-08 00:18
SR503793,Repairs,Repairs,0,2025-09-08 03:55
SR503794,Repairs,Repairs,0,2025-09-08 14:21
SR503795,Product Advice,Product Advice,0,2025-09-09 11:29
SR503796,Installations,Installations,0,2025-09-08 14:24
SR503797,Product Advice,Product Advice,0,2025-09-08 03:39
SR503798,Product Advice,Product Advice,0,2025-09-08 00:22
SR503799,Repairs,Repairs,0,2025-09-08 02:32
SR503800,Repairs,Installations,2,2025-09-09 04:02
SR503801,Billing,Billing,0,2025-09-08 06:33
SR503802,Repairs,Repairs,0,2025-09-08 16:43
SR503803,Warranty Claims,Warranty Claims,0,2025-09-09 04:39
SR503804,Consumables,Consumables,0,2025-09-10 04:17
SR503805,Consumables,Repairs,2,2025-09-09 23:42
SR503806,Billing,Billing,0,2025-09-08 10:25
SR503807,Consumables,Returns & Replacement,2,2025-09-08 12:29
SR503808,Returns & Replacement,Returns & Replacement,0,2025-09-09 07:14
SR503809,Repairs,Returns & Replacement,1,2025-09-08 21:36
SR503810,Consumables,Warranty Claims,1,2025-09-09 02:31
SR503811,Returns & Replacement,Returns & Replacement,0,2025-09-08 14:14
SR503812,Warranty Claims,Warranty Claims,0,2025-09-08 10:15
SR503813,Billing,Billing,0,2025-09-09 00:49
SR503814,Returns & Replacement,Consumables,1,2025-09-10 13:38
SR503815,Repairs,Repairs,0,2025-09-08 20:21
SR503816,Repairs,Repairs,0,2025-09-09 02:55
SR503817,Installations,Installations,0,2025-09-08 17:02
SR503818,Consumables,Consumables,0,2025-09-08 19:23
SR503819,Installations,Installations,0,2025-09-08 18:16
SR503820,Installations,Installations,0,2025-09-08 19:59
SR503821,Repairs,Repairs,0,2025-09-09 07:22
SR503822,Consumables,Warranty Claims,1,2025-09-08 20:35
SR503823,Repairs,Repairs,0,2025-09-09 10:13
SR503824,Product Advice,Product Advice,0,2025-09-09 01:10
SR503825,Repairs,Returns & Replacement,1,2025-09-11 01:53
SR503826,Repairs,Repairs,0,2025-09-09 03:44
SR503827,Consumables,Returns & Replacement,2,2025-09-10 13:20
SR503828,Repairs,Repairs,0,2025-09-09 10:54
SR503829,Repairs,Repairs,0,2025-09-09 07:56
SR503830,Returns & Replacement,Returns & Replacement,0,2025-09-09 01:54
SR503831,Billing,Billing,0,2025-09-09 05:06
SR503832,Product Advice,Product Advice,0,2025-09-10 01:33
SR503833,Repairs,Repairs,0,2025-09-09 09:01
SR503834,Billing,Billing,0,2025-09-09 11:07
SR503835,Billing,Repairs,1,2025-09-09 07:03
SR503836,Billing,Billing,0,2025-09-09 05:52
SR503837,Warranty Claims,Warranty Claims,0,2025-09-09 08:32
SR503838,Product Advice,Product Advice,0,2025-09-09 04:19
SR503839,Warranty Claims,Warranty Claims,0,2025-09-09 12:42
SR503840,Returns & Replacement,Returns & Replacement,0,2025-09-09 05:25
SR503841,Billing,Repairs,1,2025-09-09 12:40
SR503842,Repairs,Consumables,2,2025-09-10 01:16
SR503843,Returns & Replacement,Returns & Replacement,0,2025-09-10 01:35
SR503844,Repairs,Repairs,0,2025-09-09 13:24
SR503845,Returns & Replacement,Returns & Replacement,0,2025-09-10 10:24
SR503846,Billing,Billing,0,2025-09-09 18:43
SR503847,Repairs,Repairs,0,2025-09-09 18:00
SR503848,Warranty Claims,Warranty Claims,0,2025-09-09 16:50
SR503849,Product Advice,Product Advice,0,2025-09-09 20:15
SR503850,Consumables,Consumables,0,2025-09-10 02:19
SR503851,Repairs,Repairs,0,2025-09-09 22:07
SR503852,Repairs,Consumables,2,2025-09-11 19:14
SR503853,Consumables,Consumables,0,2025-09-10 07:44
SR503854,Consumables,Consumables,0,2025-09-10 03:46
SR503855,Billing,Warranty Claims,2,2025-09-12 09:33
SR503856,Product Advice,Product Advice,1,2025-09-10 18:52
SR503857,Warranty Claims,Warranty Claims,0,2025-09-10 16:15
SR503858,Repairs,Repairs,0,2025-09-10 18:31
SR503859,Installations,Installations,0,2025-09-10 07:28
SR503860,Repairs,Repairs,0,2025-09-11 17:01
SR503861,Repairs,Repairs,0,2025-09-10 10:41
SR503862,Repairs,Repairs,0,2025-09-11 01:47
SR503863,Repairs,Installations,2,2025-09-10 16:34
SR503864,Installations,Installations,1,2025-09-10 10:17
SR503865,Returns & Replacement,Returns & Replacement,0,2025-09-10 08:10
SR503866,Billing,Billing,0,2025-09-10 12:48
SR503867,Installations,Installations,0,2025-09-10 12:14
SR503868,Repairs,Consumables,0,2025-09-11 01:50
SR503869,Returns & Replacement,Returns & Replacement,0,2025-09-11 12:47
SR503870,Repairs,Warranty Claims,2,2025-09-17 17:53
SR503871,Billing,Installations,1,2025-09-12 17:33
SR503872,Warranty Claims,Warranty Claims,0,2025-09-10 18:21
SR503873,Installations,Installations,1,2025-09-11 00:51
SR503874,Installations,Installations,0,2025-09-10 23:32
SR503875,Returns & Replacement,Returns & Replacement,0,2025-09-10 23:21
SR503876,Consumables,Product Advice,1,2025-09-11 07:49
SR503877,Returns & Replacement,Returns & Replacement,0,2025-09-11 09:58
SR503878,Product Advice,Billing,1,2025-09-12 03:55
SR503879,Billing,Billing,0,2025-09-11 02:08
SR503880,Repairs,Repairs,0,2025-09-11 02:31
SR503881,Billing,Billing,0,2025-09-11 05:46
SR503882,Warranty Claims,Warranty Claims,0,2025-09-12 18:28
SR503883,Repairs,Repairs,0,2025-09-11 09:34
SR503884,Installations,Installations,0,2025-09-12 04:30
SR503885,Repairs,Repairs,0,2025-09-11 11:52
SR503886,Warranty Claims,Warranty Claims,0,2025-09-11 09:30
SR503887,Repairs,Installations,2,2025-09-14 22:13
SR503888,Returns & Replacement,Returns & Replacement,0,2025-09-11 13:45
SR503889,Product Advice,Product Advice,0,2025-09-11 10:23
SR503890,Billing,Billing,0,2025-09-11 10:51
SR503891,Repairs,Returns & Replacement,2,2025-09-12 11:24
SR503892,Installations,Installations,0,2025-09-11 11:22
SR503893,Consumables,Consumables,0,2025-09-11 12:39
SR503894,Repairs,Repairs,0,2025-09-11 16:43
SR503895,Consumables,Consumables,0,2025-09-11 12:58
SR503896,Returns & Replacement,Returns & Replacement,0,2025-09-11 14:35
SR503897,Product Advice,Consumables,1,2025-09-12 02:27
SR503898,Returns & Replacement,Returns & Replacement,0,2025-09-11 20:26
SR503899,Billing,Billing,0,2025-09-11 21:34
SR503900,Warranty Claims,Warranty Claims,0,2025-09-11 16:14
SR503901,Consumables,Consumables,0,2025-09-12 08:27
SR503902,Billing,Billing,0,2025-09-11 22:42
SR503903,Installations,Installations,0,2025-09-12 08:06
SR503904,Repairs,Billing,2,2025-09-12 03:34
SR503905,Returns & Replacement,Returns & Replacement,0,2025-09-12 09:35
SR503906,Billing,Installations,1,2025-09-12 23:42
SR503907,Product Advice,Product Advice,0,2025-09-12 05:05
SR503908,Installations,Installations,0,2025-09-12 12:05
SR503909,Warranty Claims,Warranty Claims,0,2025-09-12 11:03
SR503910,Repairs,Repairs,0,2025-09-12 14:08
SR503911,Warranty Claims,Warranty Claims,0,2025-09-12 19:00
SR503912,Consumables,Consumables,0,2025-09-12 23:00
SR503913,Product Advice,Product Advice,0,2025-09-13 07:07
SR503914,Repairs,Repairs,0,2025-09-12 20:05
SR503915,Returns & Replacement,Returns & Replacement,0,2025-09-12 17:19
SR503916,Repairs,Repairs,0,2025-09-13 07:53
SR503917,Product Advice,Product Advice,0,2025-09-13 06:35
SR503918,Repairs,Warranty Claims,0,2025-09-12 21:01
SR503919,Product Advice,Product Advice,0,2025-09-12 21:45
SR503920,Consumables,Consumables,0,2025-09-13 04:11
SR503921,Warranty Claims,Warranty Claims,0,2025-09-12 20:58
SR503922,Returns & Replacement,Returns & Replacement,0,2025-09-13 04:25
SR503923,Installations,Consumables,0,2025-09-13 01:49
SR503924,Product Advice,Product Advice,0,2025-09-13 06:40
SR503925,Repairs,Repairs,0,2025-09-13 02:42
SR503926,Repairs,Repairs,0,2025-09-13 02:33
SR503927,Billing,Repairs,1,2025-09-13 17:11
SR503928,Billing,Returns & Replacement,2,2025-09-13 12:51
SR503929,Consumables,Repairs,2,2025-09-17 20:17
SR503930,Billing,Billing,0,2025-09-13 23:27
SR503931,Repairs,Repairs,0,2025-09-13 06:06
SR503932,Consumables,Repairs,2,2025-09-14 05:57
SR503933,Repairs,Returns & Replacement,2,2025-09-17 20:00
SR503934,Repairs,Repairs,0,2025-09-13 19:36
SR503935,Billing,Warranty Claims,1,2025-09-15 05:55
SR503936,Repairs,Repairs,0,2025-09-13 17:34
SR503937,Consumables,Warranty Claims,2,2025-09-14 15:03
SR503938,Consumables,Consumables,0,2025-09-13 18:07
SR503939,Repairs,Repairs,0,2025-09-13 19:01
SR503940,Product Advice,Product Advice,0,2025-09-14 00:26
SR503941,Product Advice,Product Advice,0,2025-09-13 23:34
SR503942,Repairs,Repairs,0,2025-09-14 04:35
SR503943,Product Advice,Product Advice,0,2025-09-14 04:45
SR503944,Repairs,Product Advice,2,2025-09-14 07:45
SR503945,Repairs,Repairs,0,2025-09-14 04:11
SR503946,Billing,Returns & Replacement,2,2025-09-14 20:12
SR503947,Billing,Billing,0,2025-09-14 04:11
SR503948,Repairs,Repairs,0,2025-09-14 15:11
SR503949,Installations,Installations,0,2025-09-14 07:26
SR503950,Warranty Claims,Warranty Claims,0,2025-09-14 16:57
SR503951,Installations,Installations,0,2025-09-14 07:50
SR503952,Consumables,Billing,1,2025-09-14 22:07
SR503953,Billing,Repairs,2,2025-09-14 19:13
SR503954,Repairs,Repairs,0,2025-09-14 12:16
SR503955,Repairs,Repairs,0,2025-09-14 15:26
SR503956,Returns & Replacement,Returns & Replacement,0,2025-09-14 13:30
SR503957,Product Advice,Product Advice,0,2025-09-14 16:14
SR503958,Billing,Billing,0,2025-09-14 14:09
SR503959,Repairs,Returns & Replacement,1,2025-09-14 17:46
SR503960,Installations,Installations,0,2025-09-15 02:20
SR503961,Returns & Replacement,Returns & Replacement,0,2025-09-14 18:31
SR503962,Repairs,Repairs,0,2025-09-15 18:05
SR503963,Repairs,Repairs,0,2025-09-15 02:19
SR503964,Repairs,Returns & Replacement,2,2025-09-15 22:33
SR503965,Product Advice,Product Advice,0,2025-09-14 23:54
SR503966,Consumables,Consumables,0,2025-09-14 19:37
SR503967,Returns & Replacement,Returns & Replacement,0,2025-09-15 02:45
SR503968,Billing,Repairs,2,2025-09-15 16:07
SR503969,Repairs,Consumables,1,2025-09-14 23:47
SR503970,Billing,Installations,1,2025-09-15 16:02
SR503971,Repairs,Repairs,0,2025-09-14 22:14
SR503972,Warranty Claims,Warranty Claims,1,2025-09-15 06:17
SR503973,Installations,Installations,0,2025-09-15 04:31
SR503974,Repairs,Returns & Replacement,2,2025-09-17 20:06
SR503975,Billing,Billing,0,2025-09-15 02:05
SR503976,Warranty Claims,Warranty Claims,0,2025-09-15 11:20
SR503977,Product Advice,Product Advice,0,2025-09-15 20:26
SR503978,Repairs,Repairs,0,2025-09-15 12:15
SR503979,Returns & Replacement,Returns & Replacement,0,2025-09-15 17:40
SR503980,Billing,Returns & Replacement,2,2025-09-15 11:36
SR503981,Repairs,Returns & Replacement,1,2025-09-15 12:55
SR503982,Returns & Replacement,Returns & Replacement,0,2025-09-15 18:49
SR503983,Billing,Billing,1,2025-09-15 22:28
SR503984,Repairs,Repairs,0,2025-09-15 20:46
SR503985,Product Advice,Product Advice,0,2025-09-16 03:34
SR503986,Repairs,Repairs,0,2025-09-15 23:48
SR503987,Repairs,Repairs,0,2025-09-16 09:22
SR503988,Installations,Installations,0,2025-09-15 16:25
SR503989,Repairs,Installations,1,2025-09-15 18:02
SR503990,Repairs,Repairs,0,2025-09-15 23:17
SR503991,Product Advice,Product Advice,0,2025-09-16 12:39
SR503992,Consumables,Consumables,0,2025-09-16 04:56
SR503993,Consumables,Consumables,0,2025-09-16 17:27
SR503994,Returns & Replacement,Returns & Replacement,0,2025-09-16 06:16
SR503995,Repairs,Repairs,0,2025-09-16 12:19
SR503996,Consumables,Consumables,1,2025-09-17 10:22
SR503997,Installations,Installations,0,2025-09-16 02:14
SR503998,Repairs,Repairs,0,2025-09-16 22:44
SR503999,Consumables,Installations,1,2025-09-16 14:00
SR504000,Repairs,Consumables,2,2025-09-16 16:56
SR504001,Repairs,Repairs,0,2025-09-16 23:18
SR504002,Returns & Replacement,Returns & Replacement,0,2025-09-16 06:25
SR504003,Returns & Replacement,Returns & Replacement,0,2025-09-16 04:26
SR504004,Repairs,Warranty Claims,1,2025-09-16 15:04
SR504005,Repairs,Product Advice,2,2025-09-17 11:20
SR504006,Installations,Installations,0,2025-09-16 14:24
SR504007,Repairs,Repairs,0,2025-09-16 11:49
SR504008,Warranty Claims,Warranty Claims,0,2025-09-16 12:01
SR504009,Product Advice,Product Advice,0,2025-09-16 14:38
SR504010,Consumables,Billing,1,2025-09-16 16:46
SR504011,Installations,Installations,0,2025-09-16 15:57
SR504012,Warranty Claims,Warranty Claims,0,2025-09-16 23:56
SR504013,Billing,Returns & Replacement,1,2025-09-18 14:51
SR504014,Installations,Installations,0,2025-09-17 09:55
SR504015,Consumables,Consumables,0,2025-09-17 03:00
SR504016,Product Advice,Product Advice,0,2025-09-16 15:49
SR504017,Consumables,Repairs,1,2025-09-17 05:51
SR504018,Repairs,Returns & Replacement,1,2025-09-17 04:46
SR504019,Warranty Claims,Warranty Claims,0,2025-09-17 18:03
SR504020,Repairs,Installations,2,2025-09-19 06:12
SR504021,Consumables,Warranty Claims,1,2025-09-17 13:48
SR504022,Returns & Replacement,Returns & Replacement,0,2025-09-16 18:50
SR504023,Returns & Replacement,Returns & Replacement,0,2025-09-16 19:34
SR504024,Product Advice,Product Advice,0,2025-09-17 09:12
SR504025,Repairs,Repairs,0,2025-09-17 04:58
SR504026,Consumables,Repairs,1,2025-09-17 18:06
SR504027,Repairs,Installations,1,2025-09-17 18:36
SR504028,Warranty Claims,Warranty Claims,0,2025-09-17 03:25
SR504029,Billing,Billing,0,2025-09-17 05:36
SR504030,Repairs,Consumables,0,2025-09-18 12:47
SR504031,Billing,Repairs,2,2025-09-18 03:01
SR504032,Installations,Installations,0,2025-09-17 14:59
SR504033,Installations,Installations,0,2025-09-17 06:50
SR504034,Warranty Claims,Warranty Claims,0,2025-09-17 12:48
SR504035,Consumables,Consumables,0,2025-09-18 09:59
SR504036,Billing,Installations,1,2025-09-18 09:03
SR504037,Repairs,Repairs,0,2025-09-18 07:56
SR504038,Repairs,Repairs,0,2025-09-18 11:56
SR504039,Repairs,Repairs,0,2025-09-17 13:17
SR504040,Returns & Replacement,Returns & Replacement,0,2025-09-18 04:55
SR504041,Product Advice,Product Advice,0,2025-09-17 16:26
SR504042,Repairs,Repairs,0,2025-09-18 06:00
SR504043,Billing,Billing,0,2025-09-18 02:34
SR504044,Product Advice,Product Advice,0,2025-09-18 04:09
SR504045,Repairs,Returns & Replacement,2,2025-09-20 14:19
SR504046,Repairs,Product Advice,1,2025-09-19 19:32
SR504047,Installations,Installations,0,2025-09-18 12:44
SR504048,Installations,Installations,0,2025-09-19 06:52
SR504049,Repairs,Product Advice,1,2025-09-18 16:07
SR504050,Returns & Replacement,Returns & Replacement,0,2025-09-18 07:57
SR504051,Repairs,Repairs,0,2025-09-18 19:34
SR504052,Returns & Replacement,Returns & Replacement,0,2025-09-18 20:52
SR504053,Consumables,Consumables,0,2025-09-18 17:58
SR504054,Repairs,Repairs,0,2025-09-18 21:20
SR504055,Warranty Claims,Warranty Claims,0,2025-09-20 11:24
SR504056,Installations,Installations,0,2025-09-19 01:47
SR504057,Product Advice,Product Advice,0,2025-09-19 00:19
SR504058,Product Advice,Product Advice,0,2025-09-19 06:41
SR504059,Repairs,Consumables,2,2025-09-19 12:56
SR504060,Product Advice,Product Advice,0,2025-09-19 13:38
SR504061,Product Advice,Product Advice,0,2025-09-19 00:42
SR504062,Repairs,Repairs,0,2025-09-19 10:01
SR504063,Consumables,Repairs,2,2025-09-20 06:33
SR504064,Repairs,Repairs,0,2025-09-19 02:05
SR504065,Returns & Replacement,Returns & Replacement,0,2025-09-19 01:09
SR504066,Warranty Claims,Warranty Claims,0,2025-09-19 03:59
SR504067,Repairs,Repairs,0,2025-09-19 14:12
SR504068,Repairs,Billing,2,2025-09-19 21:18
SR504069,Returns & Replacement,Returns & Replacement,0,2025-09-19 08:20
SR504070,Repairs,Consumables,1,2025-09-19 06:11
SR504071,Repairs,Installations,2,2025-09-19 14:40
SR504072,Repairs,Consumables,2,2025-09-19 15:08
SR504073,Installations,Installations,0,2025-09-19 08:03
SR504074,Warranty Claims,Warranty Claims,0,2025-09-19 14:37
SR504075,Consumables,Repairs,2,2025-09-19 15:43
SR504076,Billing,Billing,0,2025-09-19 19:38
SR504077,Repairs,Repairs,0,2025-09-20 02:15
SR504078,Repairs,Repairs,0,2025-09-19 14:04
SR504079,Repairs,Repairs,0,2025-09-20 22:56
SR504080,Billing,Billing,0,2025-09-19 14:15
SR504081,Repairs,Repairs,0,2025-09-20 02:47
SR504082,Repairs,Repairs,0,2025-09-20 11:59
SR504083,Repairs,Repairs,0,2025-09-19 17:46
SR504084,Product Advice,Product Advice,0,2025-09-20 01:19
SR504085,Returns & Replacement,Returns & Replacement,0,2025-09-20 21:12
SR504086,Billing,Billing,0,2025-09-20 13:25
SR504087,Billing,Warranty Claims,1,2025-09-20 02:51
SR504088,Repairs,Installations,1,2025-09-20 11:26
SR504089,Consumables,Repairs,2,2025-09-23 20:33
SR504090,Repairs,Repairs,0,2025-09-21 06:54
SR504091,Billing,Installations,2,2025-09-21 08:44
SR504092,Repairs,Installations,2,2025-09-21 04:12
SR504093,Billing,Warranty Claims,2,2025-09-23 17:21
SR504094,Billing,Billing,0,2025-09-20 18:49
SR504095,Repairs,Returns & Replacement,2,2025-09-22 16:04
SR504096,Billing,Repairs,1,2025-09-20 23:30
SR504097,Product Advice,Product Advice,0,2025-09-20 17:06
SR504098,Returns & Replacement,Returns & Replacement,0,2025-09-20 20:02
SR504099,Installations,Installations,0,2025-09-21 13:30
SR504100,Consumables,Consumables,0,2025-09-20 21:46
SR504101,Consumables,Repairs,2,2025-09-22 06:54
SR504102,Product Advice,Product Advice,0,2025-09-20 23:21
SR504103,Consumables,Consumables,0,2025-09-20 22:34
SR504104,Consumables,Repairs,2,2025-09-22 04:25
SR504105,Repairs,Repairs,0,2025-09-21 15:05
SR504106,Repairs,Repairs,0,2025-09-21 02:22
SR504107,Returns & Replacement,Returns & Replacement,0,2025-09-21 03:48
SR504108,Returns & Replacement,Returns & Replacement,0,2025-09-21 04:58
SR504109,Repairs,Billing,2,2025-09-21 10:27
SR504110,Billing,Repairs,2,2025-09-22 10:26
SR504111,Repairs,Repairs,0,2025-09-21 01:10
SR504112,Consumables,Consumables,1,2025-09-21 08:22
SR504113,Repairs,Repairs,0,2025-09-21 21:42
SR504114,Installations,Installations,1,2025-09-23 12:38
SR504115,Repairs,Repairs,0,2025-09-21 09:59
SR504116,Product Advice,Product Advice,0,2025-09-21 13:50
SR504117,Warranty Claims,Warranty Claims,0,2025-09-22 08:08
SR504118,Warranty Claims,Warranty Claims,0,2025-09-21 15:29
SR504119,Repairs,Repairs,0,2025-09-21 13:35
SR504120,Consumables,Repairs,1,2025-09-21 10:31
SR504121,Returns & Replacement,Returns & Replacement,0,2025-09-21 13:59
SR504122,Repairs,Repairs,0,2025-09-22 14:40
SR504123,Billing,Billing,0,2025-09-21 13:29
SR504124,Warranty Claims,Warranty Claims,0,2025-09-21 15:27
SR504125,Repairs,Warranty Claims,1,2025-09-21 17:07
SR504126,Returns & Replacement,Returns & Replacement,0,2025-09-21 23:52
SR504127,Repairs,Product Advice,2,2025-09-22 22:18
SR504128,Returns & Replacement,Returns & Replacement,0,2025-09-21 20:58
SR504129,Warranty Claims,Warranty Claims,0,2025-09-22 13:43
SR504130,Installations,Installations,0,2025-09-22 11:11
SR504131,Consumables,Repairs,1,2025-09-24 11:06
SR504132,Installations,Installations,0,2025-09-22 06:42
SR504133,Consumables,Consumables,0,2025-09-22 11:19
SR504134,Repairs,Installations,1,2025-09-22 13:49
SR504135,Installations,Installations,0,2025-09-22 09:00
SR504136,Product Advice,Product Advice,0,2025-09-22 10:53
SR504137,Consumables,Product Advice,2,2025-09-23 00:36
SR504138,Returns & Replacement,Returns & Replacement,0,2025-09-22 12:47
SR504139,Installations,Installations,0,2025-09-22 12:53
SR504140,Warranty Claims,Warranty Claims,0,2025-09-22 17:42
SR504141,Installations,Installations,0,2025-09-22 16:36
SR504142,Consumables,Consumables,0,2025-09-23 02:53
SR504143,Product Advice,Product Advice,0,2025-09-23 05:57
SR504144,Repairs,Repairs,0,2025-09-23 12:08
SR504145,Warranty Claims,Warranty Claims,0,2025-09-22 22:14
SR504146,Billing,Warranty Claims,2,2025-09-23 15:45
SR504147,Installations,Installations,0,2025-09-22 22:34
SR504148,Repairs,Repairs,0,2025-09-23 06:09
SR504149,Consumables,Consumables,0,2025-09-23 19:21
SR504150,Returns & Replacement,Returns & Replacement,0,2025-09-23 12:50
SR504151,Repairs,Product Advice,2,2025-09-23 16:51
SR504152,Repairs,Product Advice,2,2025-09-23 15:50
SR504153,Product Advice,Product Advice,0,2025-09-23 22:43
SR504154,Returns & Replacement,Returns & Replacement,0,2025-09-23 19:34
SR504155,Installations,Installations,0,2025-09-23 08:54
SR504156,Warranty Claims,Warranty Claims,0,2025-09-23 08:04
SR504157,Installations,Installations,0,2025-09-23 22:27
SR504158,Consumables,Consumables,0,2025-09-23 16:12
SR504159,Product Advice,Product Advice,0,2025-09-23 18:37
SR504160,Billing,Billing,0,2025-09-23 15:46
SR504161,Consumables,Consumables,0,2025-09-23 14:19
SR504162,Installations,Installations,0,2025-09-23 22:34
SR504163,Installations,Installations,0,2025-09-23 15:11
SR504164,Consumables,Repairs,1,2025-09-23 20:08
SR504165,Consumables,Consumables,0,2025-09-24 01:12
SR504166,Billing,Returns & Replacement,1,2025-09-23 21:07
SR504167,Consumables,Consumables,0,2025-09-23 23:15
SR504168,Consumables,Repairs,1,2025-09-23 17:51
SR504169,Warranty Claims,Warranty Claims,0,2025-09-23 18:30
SR504170,Product Advice,Product Advice,0,2025-09-24 06:47
SR504171,Repairs,Product Advice,2,2025-09-26 00:21
SR504172,Consumables,Warranty Claims,2,2025-09-28 03:58
SR504173,Installations,Repairs,0,2025-09-24 06:26
SR504174,Product Advice,Product Advice,0,2025-09-24 00:46
SR504175,Consumables,Repairs,2,2025-09-24 07:21
SR504176,Returns & Replacement,Returns & Replacement,0,2025-09-24 03:15
SR504177,Warranty Claims,Warranty Claims,0,2025-09-24 07:30
SR504178,Consumables,Consumables,0,2025-09-24 10:37
SR504179,Repairs,Repairs,0,2025-09-24 07:50
SR504180,Product Advice,Product Advice,0,2025-09-24 15:51
SR504181,Installations,Installations,0,2025-09-24 11:31
SR504182,Repairs,Consumables,2,2025-09-25 12:38
SR504183,Repairs,Billing,1,2025-09-25 10:55
SR504184,Repairs,Repairs,0,2025-09-24 16:03
SR504185,Returns & Replacement,Returns & Replacement,0,2025-09-25 17:18
SR504186,Product Advice,Product Advice,0,2025-09-24 15:40
SR504187,Product Advice,Product Advice,0,2025-09-24 20:49
SR504188,Repairs,Billing,1,2025-09-24 19:37
SR504189,Repairs,Consumables,2,2025-09-25 10:07
SR504190,Product Advice,Product Advice,1,2025-09-24 18:28
SR504191,Repairs,Repairs,0,2025-09-24 16:11
SR504192,Installations,Installations,0,2025-09-25 01:07
SR504193,Repairs,Warranty Claims,2,2025-09-25 06:07
SR504194,Repairs,Repairs,0,2025-09-25 10:24
SR504195,Repairs,Repairs,0,2025-09-25 06:38
SR504196,Product Advice,Product Advice,0,2025-09-26 11:37
SR504197,Product Advice,Product Advice,0,2025-09-25 03:01
SR504198,Installations,Installations,0,2025-09-25 08:26
SR504199,Returns & Replacement,Returns & Replacement,0,2025-09-25 13:27
SR504200,Returns & Replacement,Returns & Replacement,0,2025-09-25 06:50
SR504201,Billing,Billing,0,2025-09-25 18:00
SR504202,Repairs,Consumables,1,2025-09-25 17:43
SR504203,Billing,Billing,0,2025-09-25 22:41
SR504204,Repairs,Returns & Replacement,0,2025-09-25 11:06
SR504205,Consumables,Consumables,0,2025-09-26 10:31
SR504206,Returns & Replacement,Returns & Replacement,0,2025-09-25 21:39
SR504207,Billing,Billing,0,2025-09-25 09:40
SR504208,Consumables,Consumables,0,2025-09-26 02:29
SR504209,Installations,Installations,0,2025-09-26 13:46
SR504210,Repairs,Billing,2,2025-09-25 19:52
SR504211,Returns & Replacement,Returns & Replacement,0,2025-09-25 17:08
SR504212,Installations,Installations,0,2025-09-25 21:22
SR504213,Product Advice,Product Advice,0,2025-09-26 02:32
SR504214,Returns & Replacement,Returns & Replacement,0,2025-09-25 14:14
SR504215,Installations,Installations,0,2025-09-25 15:41
SR504216,Consumables,Returns & Replacement,1,2025-09-26 16:39
SR504217,Returns & Replacement,Returns & Replacement,0,2025-09-26 00:15
SR504218,Installations,Installations,0,2025-09-26 00:28
SR504219,Repairs,Repairs,0,2025-09-26 12:05
SR504220,Repairs,Repairs,0,2025-09-26 03:58
SR504221,Returns & Replacement,Returns & Replacement,0,2025-09-26 15:55
SR504222,Returns & Replacement,Returns & Replacement,0,2025-09-26 05:27
SR504223,Repairs,Repairs,0,2025-09-26 23:43
SR504224,Consumables,Repairs,2,2025-09-26 12:48
SR504225,Returns & Replacement,Returns & Replacement,0,2025-09-26 14:03
SR504226,Installations,Installations,0,2025-09-26 12:20
SR504227,Warranty Claims,Warranty Claims,0,2025-09-26 19:44
SR504228,Installations,Installations,0,2025-09-26 09:24
SR504229,Product Advice,Product Advice,0,2025-09-26 15:15
SR504230,Installations,Installations,0,2025-09-26 20:13
SR504231,Repairs,Repairs,0,2025-09-26 21:07
SR504232,Consumables,Consumables,0,2025-09-27 07:59
SR504233,Repairs,Repairs,0,2025-09-27 02:36
SR504234,Consumables,Consumables,0,2025-09-26 21:10
SR504235,Warranty Claims,Warranty Claims,0,2025-09-27 01:50
SR504236,Repairs,Repairs,2,2025-09-28 16:18
SR504237,Returns & Replacement,Returns & Replacement,0,2025-09-27 12:33
SR504238,Returns & Replacement,Returns & Replacement,0,2025-09-28 05:40
SR504239,Repairs,Repairs,0,2025-09-27 17:31
SR504240,Consumables,Repairs,1,2025-09-27 06:23
SR504241,Billing,Billing,0,2025-09-27 06:58
SR504242,Repairs,Repairs,0,2025-09-27 19:32
SR504243,Warranty Claims,Warranty Claims,0,2025-09-27 18:18
SR504244,Returns & Replacement,Returns & Replacement,0,2025-09-27 22:11
SR504245,Repairs,Repairs,0,2025-09-27 08:37
SR504246,Repairs,Repairs,0,2025-09-27 12:11
SR504247,Billing,Repairs,2,2025-09-27 18:38
SR504248,Billing,Billing,0,2025-09-27 14:14
SR504249,Repairs,Repairs,0,2025-09-27 18:30
SR504250,Billing,Billing,0,2025-09-27 13:41
SR504251,Warranty Claims,Warranty Claims,0,2025-09-27 13:17
SR504252,Returns & Replacement,Returns & Replacement,0,2025-09-28 09:18
SR504253,Consumables,Consumables,0,2025-09-27 18:54
SR504254,Repairs,Product Advice,1,2025-09-28 15:49
SR504255,Returns & Replacement,Returns & Replacement,0,2025-09-28 12:57
SR504256,Billing,Installations,2,2025-09-28 20:10
SR504257,Repairs,Repairs,0,2025-09-27 23:24
SR504258,Repairs,Repairs,0,2025-09-28 04:07
SR504259,Billing,Billing,0,2025-09-28 19:42
SR504260,Product Advice,Product Advice,0,2025-09-28 03:44
SR504261,Repairs,Repairs,0,2025-09-28 07:02
SR504262,Returns & Replacement,Returns & Replacement,0,2025-09-28 23:14
SR504263,Billing,Billing,0,2025-09-28 03:38
SR504264,Returns & Replacement,Returns & Replacement,1,2025-09-28 10:49
SR504265,Repairs,Repairs,0,2025-09-28 10:39
SR504266,Repairs,Repairs,0,2025-09-28 09:01
SR504267,Repairs,Repairs,0,2025-09-28 09:53
SR504268,Product Advice,Product Advice,0,2025-09-28 16:03
SR504269,Returns & Replacement,Returns & Replacement,0,2025-09-30 03:45
SR504270,Consumables,Consumables,0,2025-09-29 14:15
SR504271,Installations,Installations,0,2025-09-28 21:21
SR504272,Returns & Replacement,Returns & Replacement,0,2025-09-29 18:10
SR504273,Repairs,Warranty Claims,2,2025-09-28 22:19
SR504274,Repairs,Repairs,0,2025-09-28 19:59
SR504275,Consumables,Returns & Replacement,1,2025-09-29 06:11
SR504276,Returns & Replacement,Returns & Replacement,0,2025-09-29 09:36
SR504277,Returns & Replacement,Returns & Replacement,0,2025-09-29 08:21
SR504278,Repairs,Repairs,0,2025-09-29 04:46
SR504279,Warranty Claims,Warranty Claims,0,2025-09-29 09:06
SR504280,Returns & Replacement,Repairs,2,2025-09-30 21:22
SR504281,Repairs,Repairs,0,2025-09-29 11:53
SR504282,Billing,Repairs,1,2025-09-29 14:42
SR504283,Consumables,Repairs,1,2025-09-30 00:26
SR504284,Product Advice,Product Advice,0,2025-09-29 14:42
SR504285,Consumables,Consumables,0,2025-09-29 18:04
SR504286,Consumables,Returns & Replacement,2,2025-09-30 09:52
SR504287,Repairs,Repairs,0,2025-09-29 12:02
SR504288,Repairs,Billing,0,2025-09-29 20:44
SR504289,Consumables,Consumables,0,2025-09-29 17:24
SR504290,Returns & Replacement,Returns & Replacement,0,2025-09-29 18:42
SR504291,Consumables,Warranty Claims,1,2025-09-29 20:40
SR504292,Warranty Claims,Warranty Claims,0,2025-09-29 22:15
SR504293,Returns & Replacement,Returns & Replacement,0,2025-09-30 00:20
SR504294,Consumables,Billing,2,2025-09-30 16:35
SR504295,Repairs,Repairs,0,2025-09-30 03:33
SR504296,Repairs,Repairs,0,2025-09-30 01:20
SR504297,Installations,Installations,0,2025-09-30 01:18
SR504298,Returns & Replacement,Returns & Replacement,0,2025-09-30 07:17
SR504299,Returns & Replacement,Returns & Replacement,0,2025-09-30 20:28
SR504300,Repairs,Repairs,0,2025-09-30 07:02
SR504301,Product Advice,Product Advice,0,2025-09-30 20:40
SR504302,Installations,Installations,0,2025-09-30 09:58
SR504303,Product Advice,Product Advice,0,2025-09-30 20:26
SR504304,Repairs,Repairs,0,2025-09-30 10:29
SR504305,Warranty Claims,Warranty Claims,0,2025-09-30 14:39
SR504306,Repairs,Installations,2,2025-10-01 19:21
SR504307,Repairs,Repairs,0,2025-10-02 09:19
SR504308,Product Advice,Product Advice,0,2025-10-01 08:15
SR504309,Warranty Claims,Warranty Claims,0,2025-09-30 21:00
SR504310,Warranty Claims,Warranty Claims,0,2025-09-30 15:26
SR504311,Installations,Installations,0,2025-10-02 22:00
SR504312,Billing,Repairs,1,2025-10-02 23:04
SR504313,Product Advice,Product Advice,0,2025-09-30 17:01
SR504314,Repairs,Product Advice,2,2025-10-01 01:44
SR504315,Billing,Billing,0,2025-09-30 17:51
SR504316,Repairs,Repairs,0,2025-10-01 01:01
SR504317,Repairs,Billing,2,2025-10-01 05:16
SR504318,Warranty Claims,Warranty Claims,0,2025-10-01 00:41
SR504319,Repairs,Repairs,0,2025-10-01 05:36
SR504320,Consumables,Returns & Replacement,1,2025-10-01 04:04
SR504321,Repairs,Repairs,1,2025-10-01 07:30
SR504322,Installations,Installations,0,2025-10-01 06:51
SR504323,Product Advice,Product Advice,0,2025-10-02 21:20
SR504324,Consumables,Product Advice,2,2025-10-03 20:09
SR504325,Installations,Installations,0,2025-10-01 15:31
SR504326,Installations,Installations,0,2025-10-01 17:18
SR504327,Installations,Installations,0,2025-10-01 15:48
SR504328,Repairs,Billing,2,2025-10-03 01:38
SR504329,Repairs,Repairs,0,2025-10-02 00:02
SR504330,Repairs,Repairs,0,2025-10-02 07:41
SR504331,Returns & Replacement,Returns & Replacement,0,2025-10-01 20:00
SR504332,Consumables,Product Advice,1,2025-10-03 08:10
SR504333,Installations,Installations,0,2025-10-02 09:35
SR504334,Repairs,Installations,2,2025-10-03 14:30
SR504335,Installations,Installations,0,2025-10-02 05:35
SR504336,Repairs,Consumables,1,2025-10-02 03:12
SR504337,Returns & Replacement,Returns & Replacement,0,2025-10-02 17:17
SR504338,Warranty Claims,Warranty Claims,0,2025-10-02 05:08
SR504339,Billing,Billing,0,2025-10-02 13:05
SR504340,Billing,Billing,0,2025-10-02 05:33
SR504341,Consumables,Consumables,0,2025-10-02 13:03
SR504342,Warranty Claims,Warranty Claims,0,2025-10-02 15:45
SR504343,Installations,Installations,0,2025-10-02 23:34
SR504344,Repairs,Returns & Replacement,1,2025-10-09 10:43
SR504345,Repairs,Repairs,0,2025-10-02 15:10
SR504346,Installations,Installations,0,2025-10-02 16:52
SR504347,Repairs,Repairs,0,2025-10-02 15:42
SR504348,Installations,Installations,0,2025-10-03 05:38
SR504349,Installations,Installations,0,2025-10-03 02:23
SR504350,Product Advice,Product Advice,0,2025-10-02 22:56
SR504351,Product Advice,Product Advice,0,2025-10-03 09:34
SR504352,Product Advice,Product Advice,0,2025-10-02 20:28
SR504353,Consumables,Repairs,1,2025-10-03 06:15
SR504354,Billing,Repairs,1,2025-10-03 06:06
SR504355,Billing,Billing,1,2025-10-04 11:58
SR504356,Repairs,Installations,2,2025-10-04 04:08
SR504357,Repairs,Warranty Claims,1,2025-10-04 13:27
SR504358,Repairs,Repairs,1,2025-10-03 01:29
SR504359,Repairs,Warranty Claims,1,2025-10-03 12:36
SR504360,Billing,Installations,2,2025-10-07 03:34
SR504361,Billing,Billing,0,2025-10-03 07:46
SR504362,Warranty Claims,Warranty Claims,0,2025-10-03 03:48
SR504363,Consumables,Consumables,0,2025-10-03 10:43
SR504364,Consumables,Billing,1,2025-10-03 08:44
SR504365,Returns & Replacement,Returns & Replacement,0,2025-10-03 20:06
SR504366,Repairs,Repairs,0,2025-10-03 07:02
SR504367,Repairs,Repairs,0,2025-10-03 11:04
SR504368,Billing,Billing,0,2025-10-03 09:06
SR504369,Returns & Replacement,Returns & Replacement,0,2025-10-04 12:33
SR504370,Billing,Billing,0,2025-10-03 10:53
SR504371,Warranty Claims,Warranty Claims,0,2025-10-03 21:14
SR504372,Billing,Installations,1,2025-10-04 04:38
SR504373,Consumables,Consumables,0,2025-10-04 02:57
SR504374,Product Advice,Product Advice,0,2025-10-05 00:55
SR504375,Returns & Replacement,Returns & Replacement,0,2025-10-03 23:56
SR504376,Product Advice,Product Advice,0,2025-10-04 01:56
SR504377,Billing,Returns & Replacement,2,2025-10-04 12:22
SR504378,Returns & Replacement,Returns & Replacement,0,2025-10-03 16:11
SR504379,Returns & Replacement,Returns & Replacement,1,2025-10-03 18:11
SR504380,Product Advice,Product Advice,1,2025-10-03 17:14
SR504381,Installations,Installations,0,2025-10-05 08:03
SR504382,Warranty Claims,Warranty Claims,0,2025-10-03 18:51
SR504383,Warranty Claims,Warranty Claims,0,2025-10-03 21:43
SR504384,Product Advice,Product Advice,0,2025-10-04 01:29
SR504385,Product Advice,Product Advice,0,2025-10-04 19:53
SR504386,Billing,Billing,0,2025-10-04 17:21
SR504387,Billing,Billing,0,2025-10-04 18:18
SR504388,Billing,Warranty Claims,2,2025-10-04 10:06
SR504389,Returns & Replacement,Returns & Replacement,0,2025-10-04 06:52
SR504390,Billing,Billing,0,2025-10-04 08:46
SR504391,Repairs,Repairs,0,2025-10-05 07:26
SR504392,Billing,Billing,0,2025-10-04 21:29
SR504393,Warranty Claims,Warranty Claims,0,2025-10-04 09:56
SR504394,Repairs,Installations,1,2025-10-04 09:12
SR504395,Billing,Billing,0,2025-10-04 18:16
SR504396,Billing,Billing,0,2025-10-04 18:42
SR504397,Installations,Installations,0,2025-10-05 12:05
SR504398,Returns & Replacement,Returns & Replacement,0,2025-10-04 17:21
SR504399,Warranty Claims,Warranty Claims,0,2025-10-04 18:17
SR504400,Repairs,Product Advice,2,2025-10-05 01:54
SR504401,Product Advice,Product Advice,0,2025-10-05 00:56
SR504402,Repairs,Installations,1,2025-10-04 22:37
SR504403,Consumables,Consumables,0,2025-10-05 08:49
SR504404,Repairs,Installations,1,2025-10-05 12:30
SR504405,Installations,Installations,0,2025-10-05 11:47
SR504406,Consumables,Consumables,0,2025-10-05 06:41
SR504407,Billing,Billing,0,2025-10-05 11:46
SR504408,Returns & Replacement,Returns & Replacement,0,2025-10-05 18:20
SR504409,Product Advice,Product Advice,0,2025-10-05 06:28
SR504410,Warranty Claims,Warranty Claims,0,2025-10-05 05:07
SR504411,Billing,Repairs,2,2025-10-08 05:40
SR504412,Returns & Replacement,Returns & Replacement,0,2025-10-05 11:21
SR504413,Repairs,Repairs,0,2025-10-05 08:56
SR504414,Repairs,Installations,1,2025-10-06 06:15
SR504415,Billing,Billing,0,2025-10-05 23:03
SR504416,Returns & Replacement,Returns & Replacement,0,2025-10-05 14:04
SR504417,Consumables,Installations,1,2025-10-05 11:16
SR504418,Warranty Claims,Warranty Claims,0,2025-10-05 16:34
SR504419,Repairs,Repairs,0,2025-10-05 15:53
SR504420,Repairs,Returns & Replacement,2,2025-10-05 18:28
SR504421,Repairs,Repairs,0,2025-10-05 16:42
SR504422,Installations,Installations,0,2025-10-07 04:51
SR504423,Billing,Billing,0,2025-10-06 20:05
SR504424,Repairs,Installations,1,2025-10-06 04:51
SR504425,Returns & Replacement,Returns & Replacement,0,2025-10-06 10:39
SR504426,Repairs,Repairs,1,2025-10-06 03:20
SR504427,Repairs,Repairs,0,2025-10-05 22:24
SR504428,Returns & Replacement,Returns & Replacement,0,2025-10-06 01:12
SR504429,Installations,Installations,0,2025-10-06 13:32
SR504430,Repairs,Repairs,1,2025-10-06 19:38
SR504431,Repairs,Installations,1,2025-10-06 04:22
SR504432,Billing,Billing,0,2025-10-06 07:25
SR504433,Installations,Installations,0,2025-10-06 15:32
SR504434,Consumables,Consumables,0,2025-10-07 04:09
SR504435,Billing,Billing,0,2025-10-06 22:29
SR504436,Billing,Billing,0,2025-10-06 16:57
SR504437,Returns & Replacement,Returns & Replacement,0,2025-10-06 17:03
SR504438,Installations,Installations,1,2025-10-06 15:22
SR504439,Consumables,Repairs,2,2025-10-13 02:41
SR504440,Warranty Claims,Warranty Claims,0,2025-10-06 23:14
SR504441,Repairs,Installations,1,2025-10-07 02:01
SR504442,Installations,Installations,0,2025-10-07 03:35
SR504443,Product Advice,Product Advice,0,2025-10-08 06:15
SR504444,Repairs,Repairs,0,2025-10-07 05:46
SR504445,Repairs,Repairs,0,2025-10-07 21:33
SR504446,Repairs,Returns & Replacement,2,2025-10-08 23:16
SR504447,Consumables,Consumables,0,2025-10-07 17:02
SR504448,Installations,Installations,0,2025-10-08 03:15
SR504449,Returns & Replacement,Returns & Replacement,0,2025-10-08 04:29
SR504450,Repairs,Warranty Claims,1,2025-10-08 12:44
SR504451,Returns & Replacement,Returns & Replacement,0,2025-10-07 18:17
SR504452,Product Advice,Product Advice,0,2025-10-08 00:55
SR504453,Billing,Billing,0,2025-10-09 02:37
SR504454,Billing,Billing,0,2025-10-07 19:47
SR504455,Repairs,Repairs,0,2025-10-08 05:01
SR504456,Repairs,Installations,2,2025-10-08 17:27
SR504457,Repairs,Repairs,0,2025-10-08 01:32
SR504458,Warranty Claims,Warranty Claims,0,2025-10-08 00:33
SR504459,Consumables,Installations,2,2025-10-10 00:21
SR504460,Installations,Installations,0,2025-10-08 10:25
SR504461,Repairs,Repairs,0,2025-10-08 04:34
SR504462,Billing,Returns & Replacement,1,2025-10-09 20:53
SR504463,Repairs,Product Advice,2,2025-10-08 14:34
SR504464,Warranty Claims,Warranty Claims,0,2025-10-08 16:04
SR504465,Consumables,Product Advice,0,2025-10-08 09:36
SR504466,Billing,Repairs,2,2025-10-11 01:12
SR504467,Billing,Returns & Replacement,2,2025-10-09 17:54
SR504468,Billing,Billing,0,2025-10-08 10:57
SR504469,Installations,Installations,0,2025-10-08 06:59
SR504470,Repairs,Billing,1,2025-10-08 23:33
SR504471,Repairs,Repairs,0,2025-10-08 16:15
SR504472,Repairs,Consumables,2,2025-10-08 18:38
SR504473,Repairs,Repairs,0,2025-10-09 10:04
SR504474,Installations,Installations,0,2025-10-08 14:18
SR504475,Repairs,Repairs,0,2025-10-08 17:52
SR504476,Billing,Installations,1,2025-10-08 15:30
SR504477,Warranty Claims,Warranty Claims,0,2025-10-08 16:18
SR504478,Repairs,Repairs,0,2025-10-08 13:38
SR504479,Product Advice,Product Advice,0,2025-10-08 17:44
SR504480,Billing,Repairs,2,2025-10-10 20:34
SR504481,Billing,Billing,0,2025-10-09 19:19
SR504482,Installations,Installations,0,2025-10-09 02:14
SR504483,Product Advice,Product Advice,0,2025-10-08 19:59
SR504484,Repairs,Repairs,0,2025-10-08 17:48
SR504485,Billing,Repairs,2,2025-10-09 08:59
SR504486,Repairs,Repairs,0,2025-10-09 16:16
SR504487,Billing,Billing,0,2025-10-09 06:48
SR504488,Billing,Repairs,2,2025-10-09 15:38
SR504489,Consumables,Repairs,2,2025-10-08 21:11
SR504490,Repairs,Consumables,2,2025-10-09 05:29
SR504491,Installations,Installations,0,2025-10-09 17:11
SR504492,Repairs,Installations,1,2025-10-09 08:45
SR504493,Warranty Claims,Warranty Claims,0,2025-10-09 06:51
SR504494,Repairs,Repairs,0,2025-10-09 05:48
SR504495,Repairs,Repairs,0,2025-10-09 11:38
SR504496,Repairs,Repairs,0,2025-10-09 11:03
SR504497,Returns & Replacement,Returns & Replacement,0,2025-10-09 14:35
SR504498,Repairs,Repairs,0,2025-10-09 12:33
SR504499,Product Advice,Product Advice,0,2025-10-09 18:26
SR504500,Returns & Replacement,Returns & Replacement,0,2025-10-09 13:40
SR504501,Consumables,Consumables,0,2025-10-09 14:38
SR504502,Installations,Installations,0,2025-10-09 13:45
SR504503,Installations,Installations,0,2025-10-09 23:10
SR504504,Repairs,Billing,1,2025-10-10 02:32
SR504505,Repairs,Repairs,0,2025-10-10 03:14
SR504506,Product Advice,Product Advice,0,2025-10-09 19:07
SR504507,Billing,Billing,0,2025-10-10 06:58
SR504508,Consumables,Consumables,0,2025-10-09 22:56
SR504509,Consumables,Consumables,0,2025-10-10 00:31
SR504510,Billing,Consumables,2,2025-10-11 08:54
SR504511,Returns & Replacement,Returns & Replacement,0,2025-10-10 03:17
SR504512,Warranty Claims,Installations,0,2025-10-09 23:23
SR504513,Billing,Installations,2,2025-10-11 01:35
SR504514,Warranty Claims,Warranty Claims,0,2025-10-10 06:32
SR504515,Consumables,Consumables,0,2025-10-10 11:18
SR504516,Billing,Installations,1,2025-10-11 05:29
SR504517,Warranty Claims,Warranty Claims,0,2025-10-11 16:49
SR504518,Product Advice,Product Advice,0,2025-10-10 08:50
SR504519,Returns & Replacement,Returns & Replacement,0,2025-10-11 07:50
SR504520,Billing,Billing,0,2025-10-10 19:00
SR504521,Consumables,Repairs,1,2025-10-10 19:05
SR504522,Returns & Replacement,Billing,1,2025-10-10 18:28
SR504523,Consumables,Consumables,0,2025-10-11 01:18
SR504524,Consumables,Repairs,2,2025-10-12 22:22
SR504525,Billing,Billing,0,2025-10-10 13:15
SR504526,Consumables,Consumables,0,2025-10-11 08:02
SR504527,Repairs,Repairs,0,2025-10-11 05:45
SR504528,Warranty Claims,Warranty Claims,1,2025-10-11 23:45
SR504529,Returns & Replacement,Returns & Replacement,0,2025-10-10 19:57
SR504530,Product Advice,Product Advice,0,2025-10-10 19:41
SR504531,Consumables,Consumables,0,2025-10-11 07:19
SR504532,Warranty Claims,Warranty Claims,0,2025-10-10 19:39
SR504533,Consumables,Installations,2,2025-10-11 08:16
SR504534,Consumables,Consumables,0,2025-10-10 21:28
SR504535,Warranty Claims,Warranty Claims,0,2025-10-11 19:20
SR504536,Product Advice,Product Advice,0,2025-10-11 04:44
SR504537,Installations,Installations,0,2025-10-11 18:49
SR504538,Repairs,Repairs,0,2025-10-11 04:36
SR504539,Returns & Replacement,Returns & Replacement,0,2025-10-11 09:23
SR504540,Returns & Replacement,Returns & Replacement,1,2025-10-11 12:40
SR504541,Product Advice,Product Advice,0,2025-10-11 14:16
SR504542,Warranty Claims,Warranty Claims,0,2025-10-11 19:35
SR504543,Consumables,Repairs,2,2025-10-12 21:52
SR504544,Billing,Repairs,2,2025-10-11 11:24
SR504545,Billing,Billing,0,2025-10-11 11:26
SR504546,Consumables,Installations,2,2025-10-12 02:55
SR504547,Product Advice,Product Advice,0,2025-10-11 15:39
SR504548,Repairs,Repairs,0,2025-10-12 10:39
SR504549,Product Advice,Product Advice,0,2025-10-11 16:35
SR504550,Repairs,Repairs,1,2025-10-11 19:29
SR504551,Billing,Installations,2,2025-10-11 19:28
SR504552,Returns & Replacement,Returns & Replacement,0,2025-10-12 08:29
SR504553,Repairs,Product Advice,1,2025-10-12 08:45
SR504554,Billing,Billing,0,2025-10-12 08:38
SR504555,Repairs,Installations,1,2025-10-12 08:31
SR504556,Product Advice,Product Advice,0,2025-10-12 18:44
SR504557,Billing,Billing,0,2025-10-11 22:09
SR504558,Repairs,Repairs,0,2025-10-12 05:01
SR504559,Repairs,Repairs,0,2025-10-12 12:07
SR504560,Warranty Claims,Warranty Claims,0,2025-10-12 20:29
SR504561,Billing,Billing,0,2025-10-12 15:56
SR504562,Consumables,Repairs,2,2025-10-12 18:33
SR504563,Warranty Claims,Warranty Claims,0,2025-10-12 12:57
SR504564,Consumables,Repairs,1,2025-10-13 12:46
SR504565,Returns & Replacement,Returns & Replacement,0,2025-10-13 03:15
SR504566,Repairs,Returns & Replacement,2,2025-10-13 09:59
SR504567,Billing,Returns & Replacement,1,2025-10-13 07:01
SR504568,Product Advice,Product Advice,0,2025-10-12 19:40
SR504569,Repairs,Returns & Replacement,1,2025-10-12 23:01
SR504570,Consumables,Consumables,0,2025-10-12 18:17
SR504571,Consumables,Returns & Replacement,2,2025-10-12 21:56
SR504572,Product Advice,Product Advice,0,2025-10-13 04:26
SR504573,Warranty Claims,Warranty Claims,0,2025-10-13 02:04
SR504574,Repairs,Repairs,0,2025-10-13 01:15
SR504575,Returns & Replacement,Returns & Replacement,0,2025-10-13 07:25
SR504576,Billing,Billing,0,2025-10-13 18:42
SR504577,Installations,Installations,0,2025-10-14 09:35
SR504578,Billing,Billing,0,2025-10-14 17:56
SR504579,Billing,Billing,0,2025-10-13 15:54
SR504580,Product Advice,Product Advice,0,2025-10-13 14:30
SR504581,Product Advice,Product Advice,0,2025-10-13 16:30
SR504582,Repairs,Repairs,0,2025-10-13 14:55
SR504583,Billing,Billing,1,2025-10-13 14:53
SR504584,Returns & Replacement,Returns & Replacement,1,2025-10-14 11:16
SR504585,Installations,Installations,0,2025-10-13 13:02
SR504586,Repairs,Repairs,0,2025-10-13 22:51
SR504587,Warranty Claims,Warranty Claims,0,2025-10-14 13:07
SR504588,Billing,Repairs,1,2025-10-14 15:19
SR504589,Consumables,Consumables,0,2025-10-14 05:23
SR504590,Product Advice,Product Advice,0,2025-10-14 16:09
SR504591,Repairs,Repairs,0,2025-10-14 02:32
SR504592,Product Advice,Product Advice,0,2025-10-14 02:36
SR504593,Returns & Replacement,Returns & Replacement,0,2025-10-14 08:28
SR504594,Repairs,Repairs,0,2025-10-14 23:05
SR504595,Installations,Installations,0,2025-10-15 05:18
SR504596,Billing,Repairs,2,2025-10-14 05:27
SR504597,Warranty Claims,Warranty Claims,0,2025-10-14 12:40
SR504598,Repairs,Repairs,0,2025-10-14 21:57
SR504599,Installations,Installations,0,2025-10-14 16:29
SR504600,Consumables,Consumables,0,2025-10-14 16:15
SR504601,Repairs,Repairs,0,2025-10-15 04:16
SR504602,Installations,Installations,0,2025-10-15 06:35
SR504603,Billing,Billing,0,2025-10-14 18:49
SR504604,Consumables,Consumables,0,2025-10-15 16:03
SR504605,Repairs,Installations,1,2025-10-14 21:21
SR504606,Repairs,Repairs,0,2025-10-15 01:25
SR504607,Repairs,Repairs,0,2025-10-15 01:13
SR504608,Product Advice,Product Advice,0,2025-10-15 07:48
SR504609,Installations,Installations,0,2025-10-16 05:53
SR504610,Repairs,Installations,1,2025-10-15 02:18
SR504611,Consumables,Consumables,0,2025-10-14 22:48
SR504612,Repairs,Installations,2,2025-10-16 07:55
SR504613,Product Advice,Consumables,0,2025-10-15 14:16
SR504614,Product Advice,Product Advice,0,2025-10-15 07:05
SR504615,Consumables,Consumables,0,2025-10-15 06:25
SR504616,Installations,Installations,0,2025-10-15 16:07
SR504617,Returns & Replacement,Returns & Replacement,0,2025-10-16 14:32
SR504618,Product Advice,Product Advice,0,2025-10-15 02:57
SR504619,Returns & Replacement,Returns & Replacement,0,2025-10-16 00:50
SR504620,Consumables,Repairs,1,2025-10-15 11:09
SR504621,Product Advice,Product Advice,0,2025-10-15 10:30
SR504622,Billing,Billing,0,2025-10-15 04:06
SR504623,Repairs,Repairs,0,2025-10-15 11:28
SR504624,Consumables,Consumables,0,2025-10-15 19:23
SR504625,Repairs,Repairs,0,2025-10-15 11:31
SR504626,Billing,Billing,0,2025-10-15 15:39
SR504627,Consumables,Consumables,0,2025-10-15 14:15
SR504628,Consumables,Product Advice,2,2025-10-16 00:27
SR504629,Repairs,Returns & Replacement,1,2025-10-15 16:47
SR504630,Returns & Replacement,Returns & Replacement,0,2025-10-16 06:59
SR504631,Installations,Installations,0,2025-10-15 18:51
SR504632,Consumables,Repairs,2,2025-10-16 00:51
SR504633,Repairs,Product Advice,1,2025-10-16 16:37
SR504634,Consumables,Repairs,2,2025-10-17 16:03
SR504635,Repairs,Repairs,0,2025-10-16 06:35
SR504636,Repairs,Repairs,0,2025-10-16 04:36
SR504637,Repairs,Repairs,0,2025-10-18 14:54
SR504638,Repairs,Consumables,2,2025-10-16 13:48
SR504639,Warranty Claims,Warranty Claims,0,2025-10-16 06:00
SR504640,Repairs,Repairs,0,2025-10-16 20:08
SR504641,Billing,Billing,0,2025-10-16 02:10
SR504642,Product Advice,Product Advice,0,2025-10-16 12:49
SR504643,Consumables,Consumables,0,2025-10-16 02:11
SR504644,Billing,Billing,0,2025-10-16 15:44
SR504645,Repairs,Repairs,0,2025-10-17 00:11
SR504646,Product Advice,Product Advice,0,2025-10-16 11:21
SR504647,Warranty Claims,Warranty Claims,0,2025-10-16 03:36
SR504648,Installations,Installations,0,2025-10-16 13:22
SR504649,Repairs,Repairs,0,2025-10-18 02:00
SR504650,Product Advice,Product Advice,0,2025-10-16 03:27
SR504651,Repairs,Installations,2,2025-10-17 02:20
SR504652,Billing,Billing,0,2025-10-16 07:04
SR504653,Consumables,Installations,2,2025-10-17 12:25
SR504654,Repairs,Warranty Claims,2,2025-10-18 17:06
SR504655,Returns & Replacement,Returns & Replacement,0,2025-10-16 09:56
SR504656,Warranty Claims,Warranty Claims,0,2025-10-16 18:30
SR504657,Billing,Billing,0,2025-10-17 03:48
SR504658,Billing,Billing,0,2025-10-16 16:22
SR504659,Product Advice,Product Advice,0,2025-10-16 13:03
SR504660,Returns & Replacement,Returns & Replacement,0,2025-10-17 02:15
SR504661,Consumables,Consumables,0,2025-10-17 00:10
SR504662,Consumables,Installations,2,2025-10-17 01:22
SR504663,Repairs,Repairs,0,2025-10-16 18:00
SR504664,Consumables,Consumables,0,2025-10-16 18:19
SR504665,Repairs,Repairs,0,2025-10-16 20:10
SR504666,Consumables,Consumables,0,2025-10-17 02:35
SR504667,Billing,Billing,0,2025-10-17 00:18
SR504668,Returns & Replacement,Returns & Replacement,0,2025-10-17 08:02
SR504669,Product Advice,Product Advice,0,2025-10-17 07:01
SR504670,Warranty Claims,Warranty Claims,0,2025-10-17 01:48
SR504671,Repairs,Returns & Replacement,2,2025-10-17 11:13
SR504672,Repairs,Returns & Replacement,1,2025-10-17 06:31
SR504673,Installations,Installations,0,2025-10-17 09:15
SR504674,Repairs,Consumables,1,2025-10-21 03:31
SR504675,Consumables,Product Advice,2,2025-10-17 04:40
SR504676,Returns & Replacement,Returns & Replacement,1,2025-10-17 05:09
SR504677,Warranty Claims,Warranty Claims,0,2025-10-17 07:33
SR504678,Repairs,Returns & Replacement,1,2025-10-18 00:11
SR504679,Repairs,Billing,1,2025-10-17 10:48
SR504680,Warranty Claims,Warranty Claims,0,2025-10-17 04:02
SR504681,Repairs,Warranty Claims,2,2025-10-18 13:15
SR504682,Repairs,Repairs,0,2025-10-17 10:18
SR504683,Product Advice,Product Advice,0,2025-10-17 20:33
SR504684,Repairs,Returns & Replacement,2,2025-10-17 19:49
SR504685,Billing,Warranty Claims,1,2025-10-17 12:00
SR504686,Repairs,Repairs,0,2025-10-18 05:57
SR504687,Warranty Claims,Warranty Claims,0,2025-10-17 12:58
SR504688,Installations,Installations,0,2025-10-17 12:27
SR504689,Repairs,Billing,2,2025-10-20 05:34
SR504690,Installations,Installations,0,2025-10-17 16:56
SR504691,Billing,Billing,1,2025-10-18 12:28
SR504692,Consumables,Repairs,1,2025-10-18 17:01
SR504693,Product Advice,Product Advice,0,2025-10-20 19:54
SR504694,Repairs,Repairs,0,2025-10-18 05:56
SR504695,Billing,Billing,0,2025-10-18 05:26
SR504696,Repairs,Repairs,0,2025-10-18 05:31
SR504697,Returns & Replacement,Returns & Replacement,0,2025-10-18 04:06
SR504698,Repairs,Returns & Replacement,1,2025-10-19 05:20
SR504699,Repairs,Installations,2,2025-10-18 21:55
SR504700,Repairs,Repairs,0,2025-10-19 07:24
SR504701,Billing,Repairs,2,2025-10-18 15:24
SR504702,Warranty Claims,Returns & Replacement,2,2025-10-18 09:14
SR504703,Warranty Claims,Warranty Claims,0,2025-10-18 23:44
SR504704,Consumables,Consumables,0,2025-10-18 09:38
SR504705,Repairs,Repairs,0,2025-10-18 05:02
SR504706,Billing,Billing,0,2025-10-18 06:04
SR504707,Billing,Installations,1,2025-10-19 08:09
SR504708,Consumables,Repairs,2,2025-10-18 11:01
SR504709,Billing,Billing,0,2025-10-19 20:04
SR504710,Product Advice,Product Advice,0,2025-10-18 10:33
SR504711,Returns & Replacement,Returns & Replacement,0,2025-10-18 16:47
SR504712,Repairs,Repairs,0,2025-10-18 18:12
SR504713,Billing,Billing,0,2025-10-20 02:03
SR504714,Product Advice,Product Advice,0,2025-10-18 16:38
SR504715,Consumables,Consumables,0,2025-10-18 14:56
SR504716,Repairs,Repairs,0,2025-10-18 19:14
SR504717,Repairs,Repairs,0,2025-10-18 20:17
SR504718,Billing,Billing,0,2025-10-19 03:39
SR504719,Repairs,Warranty Claims,1,2025-10-18 16:30
SR504720,Consumables,Product Advice,1,2025-10-19 18:45
SR504721,Repairs,Repairs,0,2025-10-18 15:29
SR504722,Repairs,Repairs,0,2025-10-18 19:57
SR504723,Repairs,Repairs,0,2025-10-18 19:33
SR504724,Returns & Replacement,Returns & Replacement,0,2025-10-18 22:41
SR504725,Repairs,Installations,2,2025-10-19 00:35
SR504726,Repairs,Installations,2,2025-10-19 17:03
SR504727,Repairs,Repairs,0,2025-10-19 19:19
SR504728,Product Advice,Installations,2,2025-10-19 03:47
SR504729,Warranty Claims,Warranty Claims,0,2025-10-19 01:02
SR504730,Consumables,Consumables,0,2025-10-19 02:38
SR504731,Returns & Replacement,Returns & Replacement,0,2025-10-18 21:27
SR504732,Returns & Replacement,Returns & Replacement,0,2025-10-19 22:26
SR504733,Repairs,Returns & Replacement,1,2025-10-20 07:50
SR504734,Consumables,Consumables,0,2025-10-19 20:40
SR504735,Installations,Installations,0,2025-10-19 16:27
SR504736,Product Advice,Product Advice,0,2025-10-19 05:27
SR504737,Billing,Installations,2,2025-10-20 02:15
SR504738,Product Advice,Product Advice,1,2025-10-20 04:18
SR504739,Installations,Installations,0,2025-10-19 09:30
SR504740,Consumables,Consumables,0,2025-10-19 13:47
SR504741,Repairs,Consumables,2,2025-10-19 11:18
SR504742,Product Advice,Product Advice,0,2025-10-19 16:20
SR504743,Consumables,Consumables,0,2025-10-19 13:32
SR504744,Billing,Billing,0,2025-10-19 11:01
SR504745,Returns & Replacement,Returns & Replacement,0,2025-10-19 10:21
SR504746,Billing,Repairs,1,2025-10-20 04:18
SR504747,Returns & Replacement,Returns & Replacement,0,2025-10-19 10:32
SR504748,Product Advice,Product Advice,0,2025-10-19 16:02
SR504749,Repairs,Repairs,0,2025-10-19 20:27
SR504750,Repairs,Repairs,0,2025-10-19 07:57
SR504751,Repairs,Returns & Replacement,2,2025-10-20 02:50
SR504752,Billing,Repairs,1,2025-10-19 16:43
SR504753,Installations,Installations,0,2025-10-19 15:29
SR504754,Repairs,Billing,1,2025-10-20 05:38
SR504755,Product Advice,Product Advice,0,2025-10-19 17:27
SR504756,Repairs,Repairs,0,2025-10-19 20:27
SR504757,Billing,Billing,0,2025-10-21 13:01
SR504758,Returns & Replacement,Returns & Replacement,0,2025-10-20 01:21
SR504759,Repairs,Repairs,0,2025-10-19 16:52
SR504760,Product Advice,Product Advice,0,2025-10-19 22:31
SR504761,Installations,Installations,0,2025-10-20 01:42
SR504762,Installations,Product Advice,2,2025-10-21 20:50
SR504763,Consumables,Warranty Claims,1,2025-10-20 17:35
SR504764,Repairs,Returns & Replacement,1,2025-10-20 00:14
SR504765,Repairs,Warranty Claims,2,2025-10-20 10:40
SR504766,Product Advice,Product Advice,0,2025-10-20 08:41
SR504767,Warranty Claims,Warranty Claims,0,2025-10-20 06:57
SR504768,Repairs,Repairs,1,2025-10-20 04:58
SR504769,Warranty Claims,Warranty Claims,0,2025-10-20 08:08
SR504770,Consumables,Consumables,0,2025-10-20 13:56
SR504771,Consumables,Consumables,0,2025-10-20 12:57
SR504772,Repairs,Returns & Replacement,1,2025-10-20 07:32
SR504773,Repairs,Repairs,0,2025-10-20 19:18
SR504774,Returns & Replacement,Returns & Replacement,0,2025-10-20 11:16
SR504775,Consumables,Consumables,1,2025-10-20 19:04
SR504776,Repairs,Repairs,0,2025-10-20 14:39
SR504777,Installations,Installations,0,2025-10-20 19:17
SR504778,Product Advice,Product Advice,0,2025-10-21 13:46
SR504779,Repairs,Repairs,0,2025-10-21 01:02
SR504780,Billing,Returns & Replacement,2,2025-10-26 11:34
SR504781,Billing,Billing,1,2025-10-21 08:22
SR504782,Billing,Installations,2,2025-10-21 17:57
SR504783,Returns & Replacement,Returns & Replacement,0,2025-10-20 21:37
SR504784,Consumables,Repairs,2,2025-10-21 07:45
SR504785,Repairs,Repairs,0,2025-10-21 00:04
SR504786,Consumables,Consumables,0,2025-10-21 12:45
SR504787,Product Advice,Product Advice,0,2025-10-21 04:48
SR504788,Billing,Billing,1,2025-10-21 10:43
SR504789,Billing,Billing,0,2025-10-21 03:37
SR504790,Repairs,Returns & Replacement,1,2025-10-22 04:17
SR504791,Repairs,Warranty Claims,1,2025-10-22 02:53
SR504792,Repairs,Repairs,0,2025-10-21 16:58
SR504793,Repairs,Repairs,1,2025-10-21 12:04
SR504794,Product Advice,Product Advice,0,2025-10-21 07:31
SR504795,Installations,Installations,0,2025-10-21 12:57
SR504796,Installations,Installations,0,2025-10-21 09:08
SR504797,Repairs,Warranty Claims,1,2025-10-22 07:04
SR504798,Consumables,Consumables,0,2025-10-22 03:18
SR504799,Product Advice,Product Advice,0,2025-10-21 16:49
SR504800,Repairs,Repairs,0,2025-10-21 20:30
SR504801,Consumables,Consumables,0,2025-10-22 00:36
SR504802,Consumables,Repairs,2,2025-10-22 19:13
SR504803,Repairs,Repairs,0,2025-10-21 20:05
SR504804,Product Advice,Product Advice,0,2025-10-21 16:39
SR504805,Returns & Replacement,Returns & Replacement,0,2025-10-21 20:46
SR504806,Repairs,Repairs,0,2025-10-21 23:32
SR504807,Product Advice,Product Advice,0,2025-10-22 03:48
SR504808,Consumables,Installations,1,2025-10-21 23:47
SR504809,Returns & Replacement,Returns & Replacement,0,2025-10-22 02:05
SR504810,Billing,Billing,0,2025-10-21 23:43
SR504811,Billing,Repairs,2,2025-10-22 17:20
SR504812,Product Advice,Product Advice,0,2025-10-22 03:58
SR504813,Repairs,Installations,2,2025-10-22 23:48
SR504814,Product Advice,Product Advice,0,2025-10-22 05:14
SR504815,Repairs,Repairs,0,2025-10-23 04:46
SR504816,Billing,Repairs,2,2025-10-22 12:17
SR504817,Billing,Billing,0,2025-10-24 02:22
SR504818,Installations,Installations,0,2025-10-22 12:27
SR504819,Consumables,Consumables,0,2025-10-22 20:42
SR504820,Repairs,Repairs,0,2025-10-22 21:57
SR504821,Billing,Repairs,1,2025-10-23 01:21
SR504822,Repairs,Repairs,0,2025-10-22 10:35
SR504823,Consumables,Consumables,0,2025-10-22 15:56
SR504824,Warranty Claims,Warranty Claims,0,2025-10-22 17:50
SR504825,Repairs,Repairs,0,2025-10-22 16:05
SR504826,Warranty Claims,Warranty Claims,0,2025-10-22 23:14
SR504827,Billing,Billing,0,2025-10-22 18:31
SR504828,Installations,Installations,0,2025-10-22 17:09
SR504829,Consumables,Consumables,0,2025-10-22 19:08
SR504830,Billing,Product Advice,0,2025-10-22 19:34
SR504831,Product Advice,Product Advice,0,2025-10-22 23:12
SR504832,Installations,Installations,0,2025-10-23 01:02
SR504833,Installations,Installations,0,2025-10-22 23:16
SR504834,Consumables,Consumables,1,2025-10-23 05:59
SR504835,Repairs,Repairs,0,2025-10-22 22:36
SR504836,Returns & Replacement,Returns & Replacement,0,2025-10-23 14:51
SR504837,Repairs,Repairs,0,2025-10-23 15:16
SR504838,Installations,Installations,0,2025-10-23 02:29
SR504839,Billing,Returns & Replacement,2,2025-10-23 11:54
SR504840,Returns & Replacement,Returns & Replacement,0,2025-10-23 19:59
SR504841,Repairs,Repairs,0,2025-10-23 13:00
SR504842,Returns & Replacement,Returns & Replacement,0,2025-10-23 11:14
SR504843,Repairs,Returns & Replacement,1,2025-10-26 06:29
SR504844,Repairs,Repairs,0,2025-10-23 20:53
SR504845,Consumables,Consumables,0,2025-10-23 18:08
SR504846,Product Advice,Product Advice,0,2025-10-24 14:27
SR504847,Repairs,Repairs,0,2025-10-24 03:16
SR504848,Repairs,Repairs,0,2025-10-23 18:09
SR504849,Returns & Replacement,Repairs,2,2025-10-24 08:43
SR504850,Billing,Returns & Replacement,1,2025-10-24 12:16
SR504851,Product Advice,Product Advice,1,2025-10-24 15:08
SR504852,Repairs,Returns & Replacement,2,2025-10-25 03:07
SR504853,Installations,Installations,0,2025-10-24 12:22
SR504854,Product Advice,Product Advice,0,2025-10-24 14:12
SR504855,Repairs,Warranty Claims,1,2025-10-25 01:31
SR504856,Product Advice,Product Advice,0,2025-10-24 23:23
SR504857,Repairs,Repairs,0,2025-10-24 20:34
SR504858,Consumables,Installations,2,2025-10-25 17:50
SR504859,Repairs,Product Advice,2,2025-10-27 05:41
SR504860,Repairs,Installations,2,2025-10-24 22:51
SR504861,Installations,Installations,0,2025-10-25 00:26
SR504862,Warranty Claims,Warranty Claims,0,2025-10-25 02:59
SR504863,Repairs,Consumables,2,2025-10-25 03:32
SR504864,Warranty Claims,Warranty Claims,0,2025-10-25 01:41
SR504865,Consumables,Consumables,0,2025-10-25 08:47
SR504866,Returns & Replacement,Returns & Replacement,0,2025-10-24 23:02
SR504867,Returns & Replacement,Returns & Replacement,0,2025-10-25 12:29
SR504868,Billing,Installations,1,2025-10-25 14:48
SR504869,Repairs,Repairs,0,2025-10-25 15:58
SR504870,Billing,Warranty Claims,2,2025-10-27 01:58
SR504871,Repairs,Repairs,0,2025-10-25 13:06
SR504872,Consumables,Consumables,0,2025-10-25 07:07
SR504873,Billing,Billing,0,2025-10-25 03:42
SR504874,Installations,Installations,0,2025-10-25 12:17
SR504875,Installations,Installations,0,2025-10-25 16:00
SR504876,Billing,Billing,0,2025-10-25 22:01
SR504877,Repairs,Repairs,0,2025-10-25 14:39
SR504878,Consumables,Repairs,1,2025-10-25 20:38
SR504879,Consumables,Consumables,0,2025-10-25 16:34
SR504880,Consumables,Product Advice,1,2025-10-25 18:20
SR504881,Billing,Repairs,2,2025-10-26 07:59
SR504882,Repairs,Repairs,0,2025-10-25 16:47
SR504883,Warranty Claims,Warranty Claims,0,2025-10-25 19:18
SR504884,Repairs,Repairs,0,2025-10-26 12:29
SR504885,Product Advice,Product Advice,0,2025-10-25 18:19
SR504886,Returns & Replacement,Returns & Replacement,0,2025-10-27 10:03
SR504887,Billing,Billing,0,2025-10-25 22:37
SR504888,Product Advice,Product Advice,0,2025-10-26 03:32
SR504889,Repairs,Repairs,0,2025-10-26 00:54
SR504890,Billing,Returns & Replacement,1,2025-10-25 20:01
SR504891,Consumables,Repairs,2,2025-10-26 23:48
SR504892,Consumables,Warranty Claims,2,2025-10-27 06:34
SR504893,Repairs,Repairs,0,2025-10-26 04:46
SR504894,Product Advice,Product Advice,0,2025-10-26 00:57
SR504895,Product Advice,Product Advice,0,2025-10-25 22:59
SR504896,Consumables,Consumables,0,2025-10-26 21:56
SR504897,Repairs,Returns & Replacement,2,2025-10-27 16:43
SR504898,Repairs,Repairs,0,2025-10-26 12:04
SR504899,Billing,Billing,0,2025-10-26 03:40
SR504900,Product Advice,Product Advice,0,2025-10-26 10:41
SR504901,Installations,Installations,0,2025-10-26 03:14
SR504902,Repairs,Repairs,0,2025-10-26 06:15
SR504903,Repairs,Repairs,0,2025-10-26 15:46
SR504904,Warranty Claims,Warranty Claims,0,2025-10-27 00:20
SR504905,Repairs,Repairs,0,2025-10-26 06:07
SR504906,Consumables,Consumables,0,2025-10-26 11:26
SR504907,Repairs,Repairs,0,2025-10-27 15:55
SR504908,Product Advice,Product Advice,0,2025-10-26 10:07
SR504909,Consumables,Consumables,0,2025-10-26 13:01
SR504910,Repairs,Installations,2,2025-10-26 19:10
SR504911,Repairs,Repairs,0,2025-10-26 14:08
SR504912,Consumables,Consumables,0,2025-10-27 08:00
SR504913,Billing,Billing,0,2025-10-27 17:53
SR504914,Consumables,Consumables,0,2025-10-26 23:35
SR504915,Product Advice,Product Advice,0,2025-10-26 22:55
SR504916,Consumables,Product Advice,1,2025-10-27 07:00
SR504917,Product Advice,Product Advice,0,2025-10-27 04:32
SR504918,Warranty Claims,Warranty Claims,0,2025-10-26 23:40
SR504919,Product Advice,Product Advice,0,2025-10-27 05:07
SR504920,Warranty Claims,Warranty Claims,0,2025-10-27 02:55
SR504921,Returns & Replacement,Returns & Replacement,0,2025-10-27 10:46
SR504922,Billing,Billing,1,2025-10-28 12:41
SR504923,Repairs,Returns & Replacement,2,2025-10-28 00:06
SR504924,Returns & Replacement,Repairs,2,2025-10-27 14:29
SR504925,Billing,Billing,0,2025-10-27 17:55
SR504926,Consumables,Consumables,0,2025-10-29 02:37
SR504927,Returns & Replacement,Returns & Replacement,0,2025-10-27 10:39
SR504928,Repairs,Repairs,0,2025-10-27 11:02
SR504929,Billing,Billing,0,2025-10-27 19:20
SR504930,Product Advice,Product Advice,0,2025-10-27 23:08
SR504931,Installations,Installations,0,2025-10-27 08:42
SR504932,Installations,Installations,0,2025-10-27 12:16
SR504933,Repairs,Repairs,0,2025-10-27 10:22
SR504934,Returns & Replacement,Returns & Replacement,0,2025-10-27 12:14
SR504935,Repairs,Product Advice,1,2025-10-28 04:22
SR504936,Billing,Installations,2,2025-10-28 06:18
SR504937,Consumables,Consumables,0,2025-10-28 20:16
SR504938,Warranty Claims,Warranty Claims,0,2025-10-28 02:03
SR504939,Consumables,Consumables,0,2025-10-28 07:51
SR504940,Repairs,Repairs,0,2025-10-28 03:15
SR504941,Installations,Installations,0,2025-10-27 23:28
SR504942,Product Advice,Product Advice,0,2025-10-28 02:59
SR504943,Returns & Replacement,Returns & Replacement,0,2025-10-28 04:29
SR504944,Repairs,Product Advice,2,2025-10-29 05:50
SR504945,Installations,Installations,1,2025-10-28 09:59
SR504946,Warranty Claims,Warranty Claims,0,2025-10-29 00:23
SR504947,Installations,Installations,0,2025-10-28 08:00
SR504948,Warranty Claims,Warranty Claims,0,2025-10-28 16:40
SR504949,Installations,Installations,0,2025-10-28 15:39
SR504950,Consumables,Consumables,0,2025-10-28 22:09
SR504951,Warranty Claims,Warranty Claims,0,2025-10-28 14:20
SR504952,Repairs,Repairs,0,2025-10-28 22:50
SR504953,Consumables,Consumables,0,2025-10-28 20:38
SR504954,Returns & Replacement,Returns & Replacement,0,2025-10-28 17:45
SR504955,Repairs,Repairs,0,2025-10-28 23:52
SR504956,Product Advice,Product Advice,0,2025-10-29 01:41
SR504957,Billing,Billing,0,2025-10-28 17:03
SR504958,Installations,Installations,0,2025-10-29 13:39
SR504959,Consumables,Warranty Claims,1,2025-10-29 04:18
SR504960,Warranty Claims,Warranty Claims,0,2025-10-29 04:03
SR504961,Repairs,Installations,1,2025-10-29 03:01
SR504962,Billing,Billing,0,2025-10-28 20:03
SR504963,Repairs,Warranty Claims,1,2025-11-03 11:36
SR504964,Repairs,Repairs,0,2025-10-29 03:36
SR504965,Repairs,Repairs,0,2025-10-29 03:53
SR504966,Billing,Billing,0,2025-10-29 14:51
SR504967,Repairs,Repairs,1,2025-10-29 07:07
SR504968,Repairs,Repairs,0,2025-10-29 09:12
SR504969,Product Advice,Product Advice,0,2025-10-29 03:24
SR504970,Warranty Claims,Warranty Claims,0,2025-10-29 19:11
SR504971,Product Advice,Product Advice,0,2025-10-29 12:49
SR504972,Consumables,Consumables,0,2025-10-29 09:41
SR504973,Returns & Replacement,Returns & Replacement,0,2025-10-29 15:48
SR504974,Repairs,Repairs,0,2025-10-29 17:50
SR504975,Returns & Replacement,Returns & Replacement,0,2025-10-29 16:26
SR504976,Warranty Claims,Warranty Claims,0,2025-10-30 02:53
SR504977,Billing,Billing,0,2025-10-29 22:21
SR504978,Consumables,Consumables,0,2025-10-29 18:11
SR504979,Product Advice,Product Advice,0,2025-10-30 08:08
SR504980,Billing,Returns & Replacement,2,2025-10-31 01:38
SR504981,Warranty Claims,Warranty Claims,0,2025-10-29 18:38
SR504982,Returns & Replacement,Returns & Replacement,0,2025-10-29 19:32
SR504983,Repairs,Repairs,0,2025-10-30 03:41
SR504984,Product Advice,Product Advice,0,2025-10-30 03:04
SR504985,Repairs,Repairs,1,2025-10-29 23:39
SR504986,Consumables,Consumables,0,2025-10-29 19:10
SR504987,Repairs,Billing,2,2025-10-30 19:56
SR504988,Consumables,Repairs,1,2025-10-30 05:08
SR504989,Product Advice,Product Advice,0,2025-10-30 09:03
SR504990,Product Advice,Product Advice,0,2025-10-30 04:33
SR504991,Billing,Billing,0,2025-10-30 05:57
SR504992,Repairs,Warranty Claims,2,2025-10-30 14:50
SR504993,Repairs,Warranty Claims,2,2025-10-31 08:27
SR504994,Product Advice,Product Advice,0,2025-10-30 09:34
SR504995,Repairs,Repairs,0,2025-10-30 20:30
SR504996,Billing,Installations,1,2025-10-30 23:58
SR504997,Warranty Claims,Warranty Claims,0,2025-10-30 17:51
SR504998,Installations,Installations,0,2025-10-30 20:44
SR504999,Repairs,Repairs,0,2025-10-30 16:05
SR505000,Installations,Installations,0,2025-10-30 18:14
SR505001,Installations,Installations,0,2025-10-30 17:48
SR505002,Warranty Claims,Warranty Claims,0,2025-10-31 01:09
SR505003,Billing,Billing,0,2025-10-30 21:08
SR505004,Repairs,Repairs,0,2025-10-31 01:18
SR505005,Installations,Installations,0,2025-10-30 22:45
SR505006,Returns & Replacement,Returns & Replacement,0,2025-10-31 01:03
SR505007,Installations,Installations,0,2025-10-30 23:10
SR505008,Installations,Installations,0,2025-10-31 00:13
SR505009,Installations,Installations,0,2025-10-31 21:04
SR505010,Consumables,Warranty Claims,2,2025-11-01 00:40
SR505011,Billing,Billing,0,2025-10-31 08:24
SR505012,Repairs,Installations,1,2025-10-31 11:32
SR505013,Repairs,Product Advice,2,2025-11-03 06:48
SR505014,Billing,Warranty Claims,2,2025-11-01 06:07
SR505015,Billing,Billing,0,2025-10-31 10:41
SR505016,Product Advice,Returns & Replacement,0,2025-10-31 09:26
SR505017,Billing,Billing,0,2025-10-31 16:14
SR505018,Warranty Claims,Warranty Claims,1,2025-10-31 21:42
SR505019,Warranty Claims,Product Advice,2,2025-11-01 08:13
SR505020,Returns & Replacement,Returns & Replacement,0,2025-11-01 06:32
SR505021,Product Advice,Product Advice,0,2025-11-01 08:21
SR505022,Product Advice,Product Advice,0,2025-11-01 05:40
SR505023,Product Advice,Product Advice,0,2025-11-01 09:18
SR505024,Repairs,Repairs,0,2025-11-01 06:16
SR505025,Installations,Installations,0,2025-11-01 00:24
SR505026,Repairs,Repairs,0,2025-11-01 04:51
SR505027,Repairs,Consumables,1,2025-11-01 12:04
SR505028,Repairs,Repairs,0,2025-11-01 09:33
SR505029,Repairs,Repairs,0,2025-11-01 06:49
SR505030,Returns & Replacement,Returns & Replacement,0,2025-11-01 20:04
SR505031,Repairs,Repairs,0,2025-11-02 01:42
SR505032,Repairs,Product Advice,1,2025-11-01 16:09
SR505033,Returns & Replacement,Returns & Replacement,0,2025-11-01 19:28
SR505034,Repairs,Consumables,1,2025-11-02 16:55
SR505035,Repairs,Product Advice,1,2025-11-01 16:58
SR505036,Installations,Installations,0,2025-11-01 13:38
SR505037,Repairs,Billing,0,2025-11-02 03:08
SR505038,Billing,Billing,0,2025-11-01 19:41
SR505039,Returns & Replacement,Returns & Replacement,0,2025-11-02 01:36
SR505040,Installations,Installations,0,2025-11-01 18:56
SR505041,Billing,Repairs,1,2025-11-02 08:50
SR505042,Product Advice,Product Advice,0,2025-11-02 00:30
SR505043,Warranty Claims,Warranty Claims,0,2025-11-01 22:14
SR505044,Repairs,Repairs,0,2025-11-02 12:24
SR505045,Consumables,Repairs,1,2025-11-02 00:22
SR505046,Product Advice,Product Advice,0,2025-11-02 14:13
SR505047,Billing,Billing,0,2025-11-03 01:19
SR505048,Repairs,Repairs,0,2025-11-02 07:48
SR505049,Product Advice,Product Advice,0,2025-11-02 08:52
SR505050,Returns & Replacement,Returns & Replacement,0,2025-11-03 17:53
SR505051,Repairs,Repairs,0,2025-11-02 03:40
SR505052,Billing,Billing,0,2025-11-02 03:29
SR505053,Billing,Billing,0,2025-11-02 07:31
SR505054,Repairs,Repairs,0,2025-11-02 16:21
SR505055,Installations,Installations,0,2025-11-02 14:27
SR505056,Repairs,Consumables,2,2025-11-02 12:09
SR505057,Product Advice,Product Advice,0,2025-11-02 11:05
SR505058,Repairs,Consumables,2,2025-11-03 22:05
SR505059,Warranty Claims,Warranty Claims,0,2025-11-02 21:23
SR505060,Repairs,Repairs,0,2025-11-02 19:24
SR505061,Billing,Billing,0,2025-11-02 20:04
SR505062,Warranty Claims,Warranty Claims,0,2025-11-06 05:29
SR505063,Returns & Replacement,Returns & Replacement,0,2025-11-02 20:45
SR505064,Consumables,Consumables,0,2025-11-04 00:42
SR505065,Returns & Replacement,Returns & Replacement,0,2025-11-02 19:35
SR505066,Returns & Replacement,Returns & Replacement,0,2025-11-03 02:15
SR505067,Warranty Claims,Warranty Claims,0,2025-11-03 01:05
SR505068,Repairs,Repairs,0,2025-11-03 05:57
SR505069,Repairs,Consumables,1,2025-11-03 20:12
SR505070,Product Advice,Product Advice,0,2025-11-03 01:04
SR505071,Repairs,Repairs,0,2025-11-02 21:55
SR505072,Repairs,Product Advice,1,2025-11-03 17:16
SR505073,Consumables,Consumables,0,2025-11-03 03:58
SR505074,Installations,Installations,0,2025-11-03 09:31
SR505075,Product Advice,Billing,2,2025-11-03 12:18
SR505076,Product Advice,Product Advice,0,2025-11-03 09:26
SR505077,Consumables,Consumables,0,2025-11-03 05:20
SR505078,Billing,Billing,1,2025-11-03 11:02
SR505079,Warranty Claims,Warranty Claims,0,2025-11-03 11:28
SR505080,Repairs,Repairs,0,2025-11-03 19:04
SR505081,Warranty Claims,Warranty Claims,0,2025-11-03 12:46
SR505082,Returns & Replacement,Returns & Replacement,0,2025-11-05 13:45
SR505083,Billing,Installations,0,2025-11-03 16:24
SR505084,Consumables,Consumables,0,2025-11-05 01:06
SR505085,Repairs,Repairs,0,2025-11-03 13:12
SR505086,Consumables,Consumables,0,2025-11-03 16:08
SR505087,Billing,Billing,0,2025-11-04 12:46
SR505088,Warranty Claims,Warranty Claims,1,2025-11-04 02:46
SR505089,Repairs,Billing,2,2025-11-04 07:03
SR505090,Repairs,Warranty Claims,1,2025-11-04 09:21
SR505091,Returns & Replacement,Returns & Replacement,0,2025-11-04 03:35
SR505092,Product Advice,Product Advice,0,2025-11-04 07:42
SR505093,Repairs,Repairs,0,2025-11-04 04:21
SR505094,Repairs,Repairs,0,2025-11-04 01:42
SR505095,Billing,Returns & Replacement,1,2025-11-04 17:54
SR505096,Product Advice,Product Advice,0,2025-11-04 06:18
SR505097,Consumables,Consumables,0,2025-11-04 18:02
SR505098,Repairs,Repairs,0,2025-11-04 07:55
SR505099,Warranty Claims,Warranty Claims,0,2025-11-04 12:37
SR505100,Installations,Warranty Claims,0,2025-11-04 10:59
SR505101,Warranty Claims,Warranty Claims,0,2025-11-04 18:30
SR505102,Installations,Installations,0,2025-11-05 02:47
SR505103,Product Advice,Product Advice,0,2025-11-04 17:47
SR505104,Billing,Billing,0,2025-11-04 21:37
SR505105,Returns & Replacement,Returns & Replacement,0,2025-11-04 15:27
SR505106,Product Advice,Product Advice,0,2025-11-05 08:02
SR505107,Repairs,Repairs,0,2025-11-04 21:01
SR505108,Billing,Billing,0,2025-11-05 01:29
SR505109,Repairs,Repairs,0,2025-11-04 19:00
SR505110,Repairs,Repairs,0,2025-11-05 01:06
SR505111,Repairs,Installations,1,2025-11-04 22:41
SR505112,Installations,Installations,0,2025-11-06 00:17
SR505113,Warranty Claims,Warranty Claims,0,2025-11-05 03:40
SR505114,Repairs,Repairs,0,2025-11-04 22:23
SR505115,Repairs,Repairs,0,2025-11-05 17:13
SR505116,Repairs,Repairs,0,2025-11-04 23:33
SR505117,Warranty Claims,Warranty Claims,0,2025-11-05 00:11
SR505118,Repairs,Product Advice,2,2025-11-05 11:45
SR505119,Repairs,Returns & Replacement,1,2025-11-05 09:23
SR505120,Billing,Billing,0,2025-11-05 06:09
SR505121,Warranty Claims,Warranty Claims,0,2025-11-05 02:54
SR505122,Billing,Billing,0,2025-11-06 02:42
SR505123,Consumables,Repairs,1,2025-11-05 14:02
SR505124,Returns & Replacement,Returns & Replacement,0,2025-11-05 05:37
SR505125,Repairs,Repairs,0,2025-11-05 13:14
SR505126,Consumables,Repairs,1,2025-11-05 13:05
SR505127,Repairs,Repairs,0,2025-11-05 13:55
SR505128,Repairs,Repairs,0,2025-11-05 05:36
SR505129,Warranty Claims,Warranty Claims,0,2025-11-05 20:41
SR505130,Installations,Installations,0,2025-11-06 02:25
SR505131,Repairs,Repairs,0,2025-11-05 13:34
SR505132,Billing,Billing,0,2025-11-05 13:38
SR505133,Repairs,Repairs,0,2025-11-05 08:33
SR505134,Billing,Billing,0,2025-11-05 21:33
SR505135,Repairs,Repairs,0,2025-11-05 18:54
SR505136,Product Advice,Product Advice,0,2025-11-06 01:05
SR505137,Repairs,Repairs,0,2025-11-06 18:33
SR505138,Consumables,Repairs,2,2025-11-07 09:19
SR505139,Warranty Claims,Warranty Claims,0,2025-11-06 09:16
SR505140,Repairs,Repairs,0,2025-11-06 01:48
SR505141,Installations,Installations,0,2025-11-05 20:41
SR505142,Consumables,Warranty Claims,1,2025-11-06 07:34
SR505143,Installations,Installations,0,2025-11-05 17:58
SR505144,Billing,Returns & Replacement,1,2025-11-06 08:19
SR505145,Warranty Claims,Warranty Claims,0,2025-11-05 16:51
SR505146,Repairs,Repairs,0,2025-11-06 20:07
SR505147,Repairs,Repairs,0,2025-11-06 11:26
SR505148,Consumables,Consumables,0,2025-11-06 06:50
SR505149,Repairs,Repairs,0,2025-11-06 00:47
SR505150,Repairs,Repairs,0,2025-11-06 08:10
SR505151,Billing,Billing,0,2025-11-06 07:18
SR505152,Billing,Billing,0,2025-11-06 06:11
SR505153,Repairs,Installations,2,2025-11-06 09:40
SR505154,Repairs,Repairs,0,2025-11-06 15:06
SR505155,Repairs,Repairs,0,2025-11-06 12:38
SR505156,Installations,Installations,0,2025-11-06 10:08
SR505157,Repairs,Returns & Replacement,2,2025-11-06 17:29
SR505158,Warranty Claims,Warranty Claims,0,2025-11-06 18:07
SR505159,Installations,Installations,0,2025-11-06 16:14
SR505160,Repairs,Repairs,0,2025-11-06 22:02
SR505161,Repairs,Returns & Replacement,1,2025-11-07 23:44
SR505162,Installations,Installations,0,2025-11-06 12:40
SR505163,Warranty Claims,Warranty Claims,0,2025-11-06 18:49
SR505164,Product Advice,Product Advice,0,2025-11-07 04:24
SR505165,Billing,Billing,0,2025-11-07 19:28
SR505166,Returns & Replacement,Returns & Replacement,0,2025-11-07 02:20
SR505167,Product Advice,Product Advice,1,2025-11-07 02:04
SR505168,Repairs,Repairs,0,2025-11-06 22:49
SR505169,Consumables,Billing,1,2025-11-07 14:49
SR505170,Billing,Billing,0,2025-11-08 17:10
SR505171,Billing,Billing,0,2025-11-06 23:32
SR505172,Installations,Installations,0,2025-11-07 05:26
SR505173,Billing,Billing,0,2025-11-07 01:39
SR505174,Returns & Replacement,Returns & Replacement,0,2025-11-07 05:45
SR505175,Repairs,Installations,1,2025-11-07 19:26
SR505176,Repairs,Repairs,0,2025-11-07 12:36
SR505177,Returns & Replacement,Returns & Replacement,0,2025-11-07 23:12
SR505178,Repairs,Product Advice,1,2025-11-07 17:28
SR505179,Repairs,Repairs,0,2025-11-07 09:54
SR505180,Product Advice,Product Advice,0,2025-11-07 12:24
SR505181,Returns & Replacement,Returns & Replacement,0,2025-11-07 05:08
SR505182,Consumables,Consumables,0,2025-11-07 06:56
SR505183,Consumables,Consumables,0,2025-11-07 09:30
SR505184,Returns & Replacement,Product Advice,0,2025-11-07 10:06
SR505185,Repairs,Installations,1,2025-11-07 18:49
SR505186,Billing,Billing,0,2025-11-07 07:33
SR505187,Consumables,Consumables,0,2025-11-07 09:01
SR505188,Warranty Claims,Warranty Claims,0,2025-11-07 11:10
SR505189,Consumables,Consumables,0,2025-11-07 12:53
SR505190,Warranty Claims,Warranty Claims,0,2025-11-07 13:16
SR505191,Billing,Billing,1,2025-11-07 18:13
SR505192,Consumables,Warranty Claims,2,2025-11-09 20:43
SR505193,Warranty Claims,Warranty Claims,0,2025-11-07 13:53
SR505194,Consumables,Consumables,0,2025-11-07 18:02
SR505195,Warranty Claims,Warranty Claims,0,2025-11-07 16:20
SR505196,Product Advice,Product Advice,0,2025-11-07 16:23
SR505197,Product Advice,Product Advice,0,2025-11-08 03:03
SR505198,Consumables,Consumables,0,2025-11-07 21:28
SR505199,Product Advice,Product Advice,0,2025-11-07 18:14
SR505200,Billing,Billing,0,2025-11-08 00:54
SR505201,Installations,Installations,0,2025-11-08 04:58
SR505202,Billing,Billing,0,2025-11-08 09:05
SR505203,Warranty Claims,Warranty Claims,0,2025-11-08 05:18
SR505204,Billing,Billing,0,2025-11-07 22:44
SR505205,Warranty Claims,Warranty Claims,0,2025-11-08 01:09
SR505206,Consumables,Repairs,1,2025-11-09 06:38
SR505207,Consumables,Returns & Replacement,2,2025-11-08 17:47
SR505208,Returns & Replacement,Returns & Replacement,0,2025-11-08 08:19
SR505209,Repairs,Consumables,1,2025-11-09 06:08
SR505210,Repairs,Warranty Claims,2,2025-11-09 16:12
SR505211,Repairs,Warranty Claims,1,2025-11-08 06:41
SR505212,Returns & Replacement,Returns & Replacement,0,2025-11-08 03:11
SR505213,Consumables,Returns & Replacement,2,2025-11-08 06:45
SR505214,Warranty Claims,Repairs,2,2025-11-08 10:25
SR505215,Repairs,Repairs,0,2025-11-09 18:00
SR505216,Returns & Replacement,Returns & Replacement,0,2025-11-09 03:54
SR505217,Repairs,Repairs,0,2025-11-08 08:27
SR505218,Repairs,Repairs,0,2025-11-09 06:55
SR505219,Product Advice,Product Advice,0,2025-11-08 08:50
SR505220,Billing,Warranty Claims,1,2025-11-09 03:31
SR505221,Installations,Installations,0,2025-11-08 19:03
SR505222,Product Advice,Product Advice,0,2025-11-08 16:44
SR505223,Product Advice,Product Advice,0,2025-11-09 10:18
SR505224,Consumables,Consumables,0,2025-11-08 20:47
SR505225,Repairs,Repairs,0,2025-11-08 16:36
SR505226,Installations,Installations,0,2025-11-09 02:16
SR505227,Repairs,Installations,1,2025-11-09 18:05
SR505228,Product Advice,Product Advice,0,2025-11-09 00:01
SR505229,Repairs,Repairs,0,2025-11-09 06:32
SR505230,Repairs,Repairs,0,2025-11-09 04:25
SR505231,Product Advice,Product Advice,0,2025-11-09 07:43
SR505232,Repairs,Returns & Replacement,1,2025-11-09 22:39
SR505233,Repairs,Repairs,0,2025-11-09 10:42
SR505234,Billing,Installations,1,2025-11-10 10:35
SR505235,Warranty Claims,Warranty Claims,0,2025-11-09 18:24
SR505236,Warranty Claims,Warranty Claims,0,2025-11-09 21:36
SR505237,Repairs,Returns & Replacement,1,2025-11-10 13:37
SR505238,Repairs,Repairs,0,2025-11-09 16:00
SR505239,Repairs,Repairs,0,2025-11-10 06:09
SR505240,Installations,Installations,0,2025-11-09 14:26
SR505241,Repairs,Repairs,0,2025-11-09 19:23
SR505242,Billing,Billing,0,2025-11-09 16:18
SR505243,Repairs,Consumables,2,2025-11-12 18:22
SR505244,Repairs,Repairs,0,2025-11-09 22:10
SR505245,Repairs,Product Advice,1,2025-11-10 22:12
SR505246,Installations,Installations,0,2025-11-10 04:34
SR505247,Repairs,Consumables,1,2025-11-11 06:35
SR505248,Product Advice,Product Advice,0,2025-11-10 00:19
SR505249,Billing,Billing,0,2025-11-09 17:27
SR505250,Repairs,Repairs,0,2025-11-09 18:46
SR505251,Consumables,Returns & Replacement,1,2025-11-09 21:42
SR505252,Billing,Installations,2,2025-11-11 15:41
SR505253,Repairs,Repairs,0,2025-11-10 09:50
SR505254,Returns & Replacement,Returns & Replacement,0,2025-11-10 02:01
SR505255,Returns & Replacement,Returns & Replacement,0,2025-11-10 05:31
SR505256,Installations,Installations,0,2025-11-10 06:22
SR505257,Warranty Claims,Warranty Claims,0,2025-11-10 14:16
SR505258,Installations,Installations,0,2025-11-11 01:00
SR505259,Warranty Claims,Warranty Claims,0,2025-11-11 17:27
SR505260,Installations,Installations,0,2025-11-10 05:59
SR505261,Product Advice,Product Advice,0,2025-11-10 08:22
SR505262,Warranty Claims,Warranty Claims,0,2025-11-10 10:04
SR505263,Repairs,Repairs,0,2025-11-10 17:28
SR505264,Billing,Returns & Replacement,1,2025-11-10 11:36
SR505265,Returns & Replacement,Returns & Replacement,0,2025-11-10 11:00
SR505266,Consumables,Repairs,1,2025-11-12 07:26
SR505267,Warranty Claims,Warranty Claims,0,2025-11-10 14:39
SR505268,Warranty Claims,Warranty Claims,0,2025-11-10 07:58
SR505269,Billing,Billing,0,2025-11-11 12:37
SR505270,Consumables,Consumables,0,2025-11-10 17:34
SR505271,Repairs,Installations,2,2025-11-12 23:29
SR505272,Product Advice,Product Advice,0,2025-11-10 09:04
SR505273,Returns & Replacement,Returns & Replacement,0,2025-11-10 22:33
SR505274,Installations,Installations,0,2025-11-10 15:37
SR505275,Repairs,Product Advice,2,2025-11-11 17:50
SR505276,Repairs,Repairs,0,2025-11-10 17:59
SR505277,Installations,Installations,0,2025-11-10 12:52
SR505278,Returns & Replacement,Returns & Replacement,0,2025-11-10 21:35
SR505279,Product Advice,Product Advice,0,2025-11-10 18:47
SR505280,Repairs,Repairs,1,2025-11-11 05:57
SR505281,Repairs,Repairs,0,2025-11-10 22:08
SR505282,Warranty Claims,Warranty Claims,0,2025-11-11 13:30
SR505283,Repairs,Repairs,0,2025-11-11 07:44
SR505284,Repairs,Warranty Claims,1,2025-11-11 07:59
SR505285,Product Advice,Product Advice,0,2025-11-11 06:29
SR505286,Consumables,Repairs,1,2025-11-11 19:55
SR505287,Installations,Installations,0,2025-11-11 08:57
SR505288,Product Advice,Product Advice,0,2025-11-11 13:45
SR505289,Warranty Claims,Warranty Claims,0,2025-11-11 23:38
SR505290,Billing,Billing,1,2025-11-11 12:29
SR505291,Warranty Claims,Warranty Claims,0,2025-11-11 12:01
SR505292,Product Advice,Product Advice,0,2025-11-11 19:33
SR505293,Repairs,Repairs,0,2025-11-11 16:52
SR505294,Repairs,Warranty Claims,2,2025-11-13 07:26
SR505295,Billing,Billing,0,2025-11-12 01:15
SR505296,Product Advice,Product Advice,0,2025-11-11 21:20
SR505297,Installations,Installations,0,2025-11-12 04:03
SR505298,Consumables,Installations,2,2025-11-14 02:43
SR505299,Consumables,Repairs,2,2025-11-12 08:54
SR505300,Repairs,Repairs,0,2025-11-12 13:06
SR505301,Repairs,Warranty Claims,1,2025-11-12 17:02
SR505302,Product Advice,Product Advice,0,2025-11-12 13:07
SR505303,Billing,Billing,0,2025-11-12 06:17
SR505304,Product Advice,Product Advice,0,2025-11-12 05:05
SR505305,Warranty Claims,Warranty Claims,0,2025-11-12 09:36
SR505306,Returns & Replacement,Returns & Replacement,0,2025-11-12 07:14
SR505307,Installations,Installations,0,2025-11-12 16:31
SR505308,Repairs,Repairs,0,2025-11-12 12:47
SR505309,Warranty Claims,Warranty Claims,0,2025-11-12 19:53
SR505310,Repairs,Repairs,0,2025-11-12 13:36
SR505311,Repairs,Repairs,0,2025-11-13 02:29
SR505312,Repairs,Repairs,0,2025-11-12 16:54
SR505313,Repairs,Repairs,0,2025-11-12 17:18
SR505314,Consumables,Consumables,0,2025-11-12 21:03
SR505315,Installations,Installations,0,2025-11-13 01:46
SR505316,Returns & Replacement,Returns & Replacement,0,2025-11-13 02:57
SR505317,Product Advice,Product Advice,0,2025-11-12 22:13
SR505318,Repairs,Repairs,0,2025-11-12 23:44
SR505319,Billing,Repairs,1,2025-11-13 05:50
SR505320,Repairs,Product Advice,1,2025-11-13 07:42
SR505321,Warranty Claims,Warranty Claims,0,2025-11-14 02:08
SR505322,Repairs,Repairs,1,2025-11-13 17:02
SR505323,Product Advice,Product Advice,0,2025-11-13 15:43
SR505324,Consumables,Consumables,0,2025-11-13 09:10
SR505325,Billing,Billing,0,2025-11-13 10:29
SR505326,Product Advice,Product Advice,0,2025-11-13 21:36
SR505327,Repairs,Repairs,0,2025-11-14 02:21
SR505328,Installations,Installations,0,2025-11-13 09:15
SR505329,Repairs,Consumables,2,2025-11-14 06:08
SR505330,Product Advice,Product Advice,0,2025-11-13 13:55
SR505331,Product Advice,Product Advice,0,2025-11-13 14:03
SR505332,Repairs,Repairs,0,2025-11-14 09:43
SR505333,Installations,Installations,0,2025-11-14 06:48
SR505334,Consumables,Consumables,0,2025-11-14 03:55
SR505335,Warranty Claims,Warranty Claims,0,2025-11-14 00:50
SR505336,Repairs,Product Advice,2,2025-11-14 02:27
SR505337,Consumables,Consumables,0,2025-11-13 19:34
SR505338,Repairs,Installations,1,2025-11-14 02:13
SR505339,Billing,Billing,0,2025-11-13 22:37
SR505340,Consumables,Consumables,0,2025-11-16 11:54
SR505341,Product Advice,Repairs,1,2025-11-14 18:45
SR505342,Consumables,Consumables,0,2025-11-14 02:02
SR505343,Repairs,Repairs,0,2025-11-14 08:09
SR505344,Repairs,Warranty Claims,1,2025-11-14 15:55
SR505345,Consumables,Consumables,0,2025-11-14 16:36
SR505346,Repairs,Repairs,0,2025-11-14 16:26
SR505347,Product Advice,Product Advice,0,2025-11-14 08:16
SR505348,Returns & Replacement,Returns & Replacement,1,2025-11-14 07:42
SR505349,Consumables,Consumables,0,2025-11-14 20:36
SR505350,Consumables,Repairs,2,2025-11-16 05:13
SR505351,Consumables,Consumables,0,2025-11-14 14:18
SR505352,Consumables,Warranty Claims,1,2025-11-14 15:43
SR505353,Product Advice,Product Advice,0,2025-11-14 22:50
SR505354,Billing,Returns & Replacement,2,2025-11-16 08:53
SR505355,Consumables,Repairs,1,2025-11-14 20:23
SR505356,Returns & Replacement,Returns & Replacement,0,2025-11-14 20:22
SR505357,Repairs,Warranty Claims,2,2025-11-15 23:55
SR505358,Repairs,Repairs,1,2025-11-16 00:29
SR505359,Warranty Claims,Warranty Claims,0,2025-11-15 02:00
SR505360,Returns & Replacement,Returns & Replacement,0,2025-11-15 01:59
SR505361,Repairs,Repairs,0,2025-11-14 22:46
SR505362,Consumables,Repairs,2,2025-11-15 04:43
SR505363,Billing,Billing,0,2025-11-15 10:30
SR505364,Product Advice,Product Advice,0,2025-11-15 06:22
SR505365,Installations,Installations,0,2025-11-15 10:17
SR505366,Repairs,Repairs,0,2025-11-15 10:11
SR505367,Billing,Billing,0,2025-11-16 06:32
SR505368,Installations,Installations,0,2025-11-15 11:02
SR505369,Consumables,Consumables,0,2025-11-16 02:40
SR505370,Product Advice,Product Advice,0,2025-11-16 03:25
SR505371,Billing,Returns & Replacement,1,2025-11-15 15:13
SR505372,Installations,Installations,0,2025-11-17 21:31
SR505373,Repairs,Repairs,0,2025-11-16 15:32
SR505374,Warranty Claims,Warranty Claims,0,2025-11-16 04:51
SR505375,Returns & Replacement,Returns & Replacement,0,2025-11-16 03:38
SR505376,Billing,Billing,0,2025-11-15 21:05
SR505377,Repairs,Consumables,2,2025-11-16 04:43
SR505378,Repairs,Installations,2,2025-11-15 22:19
SR505379,Returns & Replacement,Returns & Replacement,0,2025-11-16 02:31
SR505380,Repairs,Consumables,2,2025-11-21 11:57
SR505381,Repairs,Installations,1,2025-11-15 17:06
SR505382,Repairs,Repairs,1,2025-11-16 00:58
SR505383,Billing,Billing,0,2025-11-16 13:42
SR505384,Billing,Billing,0,2025-11-16 02:15
SR505385,Returns & Replacement,Returns & Replacement,0,2025-11-16 10:11
SR505386,Billing,Billing,0,2025-11-16 23:02
SR505387,Returns & Replacement,Returns & Replacement,0,2025-11-17 08:16
SR505388,Billing,Installations,2,2025-11-16 18:04
SR505389,Product Advice,Product Advice,0,2025-11-16 03:53
SR505390,Repairs,Repairs,0,2025-11-16 06:29
SR505391,Repairs,Repairs,0,2025-11-16 09:27
SR505392,Consumables,Installations,1,2025-11-19 13:33
SR505393,Warranty Claims,Warranty Claims,0,2025-11-16 19:46
SR505394,Consumables,Consumables,0,2025-11-16 11:35
SR505395,Billing,Repairs,1,2025-11-16 17:23
SR505396,Consumables,Consumables,0,2025-11-16 22:26
SR505397,Installations,Installations,0,2025-11-17 00:35
SR505398,Installations,Installations,0,2025-11-17 02:57
SR505399,Installations,Installations,0,2025-11-16 17:27
SR505400,Repairs,Repairs,0,2025-11-16 13:49
SR505401,Billing,Billing,0,2025-11-16 15:06
SR505402,Consumables,Consumables,0,2025-11-16 21:18
SR505403,Repairs,Repairs,0,2025-11-16 21:02
SR505404,Consumables,Consumables,0,2025-11-16 21:49
SR505405,Repairs,Billing,2,2025-11-17 07:05
SR505406,Returns & Replacement,Returns & Replacement,0,2025-11-17 06:22
SR505407,Repairs,Returns & Replacement,2,2025-11-17 12:12
SR505408,Product Advice,Product Advice,0,2025-11-16 18:35
SR505409,Billing,Billing,0,2025-11-17 00:45
SR505410,Warranty Claims,Warranty Claims,0,2025-11-17 16:00
SR505411,Repairs,Repairs,0,2025-11-16 17:57
SR505412,Returns & Replacement,Returns & Replacement,0,2025-11-17 20:42
SR505413,Billing,Billing,0,2025-11-16 23:43
SR505414,Warranty Claims,Warranty Claims,0,2025-11-16 20:22
SR505415,Repairs,Product Advice,1,2025-11-17 13:27
SR505416,Installations,Installations,0,2025-11-17 15:04
SR505417,Billing,Billing,0,2025-11-17 01:52
SR505418,Billing,Billing,0,2025-11-18 02:00
SR505419,Installations,Installations,0,2025-11-18 00:11
SR505420,Repairs,Repairs,0,2025-11-17 16:21
SR505421,Consumables,Product Advice,2,2025-11-18 01:48
SR505422,Repairs,Repairs,0,2025-11-17 01:17
SR505423,Returns & Replacement,Returns & Replacement,0,2025-11-17 08:52
SR505424,Repairs,Repairs,0,2025-11-17 06:05
SR505425,Returns & Replacement,Returns & Replacement,0,2025-11-17 11:54
SR505426,Warranty Claims,Warranty Claims,0,2025-11-17 09:32
SR505427,Billing,Billing,0,2025-11-17 13:27
SR505428,Repairs,Warranty Claims,1,2025-11-17 11:06
SR505429,Product Advice,Product Advice,0,2025-11-17 15:14
SR505430,Installations,Installations,0,2025-11-17 13:24
SR505431,Returns & Replacement,Returns & Replacement,0,2025-11-18 05:51
SR505432,Product Advice,Product Advice,0,2025-11-18 00:33
SR505433,Consumables,Consumables,0,2025-11-17 16:10
SR505434,Consumables,Product Advice,1,2025-11-17 15:48
SR505435,Warranty Claims,Warranty Claims,0,2025-11-18 00:49
SR505436,Billing,Billing,0,2025-11-18 16:36
SR505437,Repairs,Repairs,0,2025-11-18 00:58
SR505438,Billing,Warranty Claims,2,2025-11-18 03:20
SR505439,Warranty Claims,Warranty Claims,0,2025-11-19 12:00
SR505440,Repairs,Repairs,0,2025-11-18 10:34
SR505441,Returns & Replacement,Returns & Replacement,1,2025-11-18 06:14
SR505442,Consumables,Consumables,0,2025-11-18 11:45
SR505443,Billing,Repairs,2,2025-11-18 08:26
SR505444,Billing,Installations,1,2025-11-19 18:45
SR505445,Installations,Installations,0,2025-11-19 18:01
SR505446,Installations,Installations,1,2025-11-18 16:41
SR505447,Repairs,Billing,2,2025-11-18 12:45
SR505448,Product Advice,Product Advice,0,2025-11-18 06:13
SR505449,Consumables,Consumables,0,2025-11-18 14:01
SR505450,Product Advice,Product Advice,0,2025-11-18 21:41
SR505451,Repairs,Repairs,0,2025-11-18 11:00
SR505452,Consumables,Repairs,1,2025-11-18 16:44
SR505453,Repairs,Returns & Replacement,2,2025-11-19 02:21
SR505454,Consumables,Consumables,0,2025-11-18 15:38
SR505455,Consumables,Consumables,0,2025-11-18 12:19
SR505456,Product Advice,Product Advice,0,2025-11-18 11:22
SR505457,Repairs,Repairs,0,2025-11-18 18:51
SR505458,Consumables,Repairs,2,2025-11-18 23:24
SR505459,Repairs,Repairs,0,2025-11-19 19:08
SR505460,Consumables,Consumables,0,2025-11-19 06:51
SR505461,Repairs,Repairs,0,2025-11-19 06:39
SR505462,Consumables,Consumables,0,2025-11-19 02:34
SR505463,Billing,Installations,2,2025-11-19 08:49
SR505464,Product Advice,Product Advice,0,2025-11-19 12:18
SR505465,Returns & Replacement,Returns & Replacement,0,2025-11-19 17:03
SR505466,Repairs,Repairs,0,2025-11-19 05:14
SR505467,Billing,Repairs,2,2025-11-19 11:11
SR505468,Warranty Claims,Warranty Claims,0,2025-11-19 20:42
SR505469,Billing,Installations,2,2025-11-19 22:39
SR505470,Repairs,Repairs,0,2025-11-19 15:47
SR505471,Returns & Replacement,Returns & Replacement,0,2025-11-19 06:04
SR505472,Repairs,Repairs,0,2025-11-20 02:18
SR505473,Installations,Installations,1,2025-11-19 10:22
SR505474,Installations,Installations,0,2025-11-19 11:47
SR505475,Installations,Installations,0,2025-11-19 17:11
SR505476,Product Advice,Product Advice,0,2025-11-19 08:32
SR505477,Consumables,Consumables,0,2025-11-19 13:46
SR505478,Returns & Replacement,Returns & Replacement,0,2025-11-19 10:16
SR505479,Repairs,Repairs,0,2025-11-19 08:02
SR505480,Installations,Installations,0,2025-11-19 10:11
SR505481,Product Advice,Product Advice,0,2025-11-19 13:26
SR505482,Repairs,Repairs,0,2025-11-19 08:05
SR505483,Installations,Installations,0,2025-11-19 11:48
SR505484,Consumables,Consumables,0,2025-11-20 00:53
SR505485,Warranty Claims,Warranty Claims,0,2025-11-19 18:08
SR505486,Billing,Billing,0,2025-11-19 15:28
SR505487,Repairs,Repairs,0,2025-11-20 07:36
SR505488,Repairs,Repairs,0,2025-11-19 17:01
SR505489,Returns & Replacement,Returns & Replacement,0,2025-11-19 23:01
SR505490,Product Advice,Product Advice,0,2025-11-20 02:53
SR505491,Repairs,Installations,2,2025-11-20 03:36
SR505492,Billing,Billing,0,2025-11-20 06:46
SR505493,Billing,Billing,0,2025-11-19 17:09
SR505494,Consumables,Consumables,0,2025-11-19 20:46
SR505495,Repairs,Repairs,0,2025-11-20 23:14
SR505496,Consumables,Installations,1,2025-11-20 13:18
SR505497,Repairs,Repairs,0,2025-11-20 03:33
SR505498,Warranty Claims,Warranty Claims,0,2025-11-20 01:53
SR505499,Billing,Repairs,2,2025-11-20 02:51
SR505500,Repairs,Consumables,2,2025-11-20 07:59
SR505501,Warranty Claims,Warranty Claims,0,2025-11-23 23:41
SR505502,Billing,Billing,0,2025-11-20 11:56
SR505503,Repairs,Repairs,0,2025-11-20 03:40
SR505504,Product Advice,Product Advice,0,2025-11-20 05:53
SR505505,Billing,Billing,0,2025-11-20 18:12
SR505506,Returns & Replacement,Returns & Replacement,0,2025-11-20 13:25
SR505507,Warranty Claims,Warranty Claims,0,2025-11-20 09:43
SR505508,Billing,Billing,0,2025-11-20 14:53
SR505509,Installations,Installations,0,2025-11-20 12:20
SR505510,Returns & Replacement,Returns & Replacement,0,2025-11-20 13:17
SR505511,Billing,Billing,0,2025-11-20 12:31
SR505512,Installations,Installations,0,2025-11-20 12:20
SR505513,Returns & Replacement,Returns & Replacement,0,2025-11-21 01:59
SR505514,Billing,Repairs,1,2025-11-22 07:13
SR505515,Warranty Claims,Warranty Claims,0,2025-11-20 20:34
SR505516,Returns & Replacement,Returns & Replacement,0,2025-11-20 19:53
SR505517,Installations,Installations,0,2025-11-20 17:21
SR505518,Repairs,Warranty Claims,1,2025-11-21 15:33
SR505519,Installations,Installations,0,2025-11-24 01:46
SR505520,Billing,Billing,0,2025-11-20 21:51
SR505521,Repairs,Repairs,0,2025-11-21 03:50
SR505522,Repairs,Billing,0,2025-11-22 14:24
SR505523,Repairs,Repairs,0,2025-11-21 05:00
SR505524,Billing,Billing,0,2025-11-21 05:40
SR505525,Product Advice,Repairs,0,2025-11-21 12:18
SR505526,Repairs,Repairs,0,2025-11-21 03:44
SR505527,Billing,Billing,0,2025-11-21 12:42
SR505528,Returns & Replacement,Returns & Replacement,0,2025-11-21 12:16
SR505529,Warranty Claims,Warranty Claims,0,2025-11-21 08:02
SR505530,Repairs,Repairs,0,2025-11-21 15:40
SR505531,Repairs,Repairs,0,2025-11-21 10:23
SR505532,Warranty Claims,Warranty Claims,0,2025-11-21 10:04
SR505533,Product Advice,Product Advice,0,2025-11-21 18:46
SR505534,Repairs,Consumables,2,2025-11-22 00:59
SR505535,Repairs,Billing,1,2025-11-21 22:30
SR505536,Billing,Billing,0,2025-11-21 19:23
SR505537,Billing,Billing,0,2025-11-21 19:34
SR505538,Billing,Installations,2,2025-11-21 23:04
SR505539,Repairs,Repairs,0,2025-11-21 22:28
SR505540,Warranty Claims,Warranty Claims,0,2025-11-21 19:18
SR505541,Repairs,Repairs,0,2025-11-22 02:09
SR505542,Billing,Billing,0,2025-11-23 14:26
SR505543,Installations,Installations,0,2025-11-21 19:23
SR505544,Installations,Installations,0,2025-11-21 23:47
SR505545,Returns & Replacement,Returns & Replacement,0,2025-11-22 23:52
SR505546,Consumables,Repairs,2,2025-11-22 07:01
SR505547,Product Advice,Product Advice,0,2025-11-22 07:11
SR505548,Product Advice,Product Advice,0,2025-11-23 04:02
SR505549,Billing,Billing,0,2025-11-23 16:11
SR505550,Repairs,Repairs,0,2025-11-22 10:43
SR505551,Repairs,Repairs,0,2025-11-22 10:47
SR505552,Consumables,Consumables,0,2025-11-22 11:35
SR505553,Warranty Claims,Warranty Claims,0,2025-11-22 08:46
SR505554,Warranty Claims,Warranty Claims,0,2025-11-22 14:10
SR505555,Billing,Billing,0,2025-11-22 23:21
SR505556,Warranty Claims,Warranty Claims,0,2025-11-22 14:27
SR505557,Repairs,Repairs,0,2025-11-22 10:32
SR505558,Installations,Installations,0,2025-11-22 22:33
SR505559,Installations,Installations,0,2025-11-22 22:46
SR505560,Repairs,Warranty Claims,1,2025-11-22 19:28
SR505561,Repairs,Repairs,0,2025-11-23 06:36
SR505562,Warranty Claims,Warranty Claims,0,2025-11-23 06:25
SR505563,Billing,Billing,0,2025-11-22 23:22
SR505564,Repairs,Repairs,0,2025-11-23 10:17
SR505565,Consumables,Consumables,1,2025-11-23 12:39
SR505566,Returns & Replacement,Returns & Replacement,0,2025-11-23 07:30
SR505567,Installations,Installations,0,2025-11-23 04:20
SR505568,Repairs,Repairs,0,2025-11-23 05:05
SR505569,Returns & Replacement,Returns & Replacement,1,2025-11-24 03:38
SR505570,Repairs,Repairs,0,2025-11-23 12:28
SR505571,Installations,Installations,0,2025-11-23 17:48
SR505572,Consumables,Repairs,1,2025-11-24 01:18
SR505573,Repairs,Warranty Claims,2,2025-11-24 13:38
SR505574,Repairs,Installations,2,2025-11-25 03:00
SR505575,Installations,Installations,0,2025-11-23 13:39
SR505576,Consumables,Consumables,0,2025-11-24 03:29
SR505577,Product Advice,Product Advice,0,2025-11-24 06:25
SR505578,Repairs,Installations,1,2025-11-24 04:48
SR505579,Consumables,Consumables,0,2025-11-23 16:21
SR505580,Product Advice,Product Advice,0,2025-11-24 16:49
SR505581,Repairs,Repairs,0,2025-11-24 17:31
SR505582,Consumables,Repairs,2,2025-11-24 22:01
SR505583,Billing,Warranty Claims,1,2025-11-23 23:27
SR505584,Repairs,Installations,1,2025-11-24 16:02
SR505585,Repairs,Repairs,0,2025-11-24 10:12
SR505586,Billing,Billing,0,2025-11-24 12:31
SR505587,Product Advice,Product Advice,0,2025-11-24 05:58
SR505588,Billing,Returns & Replacement,1,2025-11-24 15:06
SR505589,Repairs,Installations,0,2025-11-24 20:05
SR505590,Warranty Claims,Warranty Claims,0,2025-11-24 16:07
SR505591,Returns & Replacement,Returns & Replacement,0,2025-11-24 14:27
SR505592,Billing,Billing,0,2025-11-24 10:39
SR505593,Warranty Claims,Warranty Claims,0,2025-11-24 23:02
SR505594,Repairs,Returns & Replacement,2,2025-12-07 08:24
SR505595,Repairs,Billing,2,2025-11-25 04:01
SR505596,Warranty Claims,Warranty Claims,0,2025-11-25 00:44
SR505597,Repairs,Returns & Replacement,2,2025-11-25 20:02
SR505598,Returns & Replacement,Returns & Replacement,0,2025-11-25 10:24
SR505599,Repairs,Product Advice,2,2025-11-25 05:49
SR505600,Warranty Claims,Warranty Claims,0,2025-11-25 02:40
SR505601,Repairs,Product Advice,2,2025-11-25 14:11
SR505602,Repairs,Repairs,0,2025-11-25 03:37
SR505603,Returns & Replacement,Returns & Replacement,1,2025-11-26 12:18
SR505604,Repairs,Repairs,0,2025-11-25 01:47
SR505605,Repairs,Repairs,0,2025-11-25 09:50
SR505606,Billing,Billing,0,2025-11-25 09:14
SR505607,Repairs,Warranty Claims,2,2025-11-26 16:32
SR505608,Billing,Repairs,1,2025-11-25 17:18
SR505609,Returns & Replacement,Returns & Replacement,0,2025-11-25 16:18
SR505610,Consumables,Warranty Claims,1,2025-11-26 04:57
SR505611,Repairs,Installations,2,2025-11-25 21:36
SR505612,Installations,Installations,0,2025-11-25 13:13
SR505613,Returns & Replacement,Returns & Replacement,0,2025-11-25 13:52
SR505614,Billing,Billing,0,2025-11-25 12:33
SR505615,Consumables,Consumables,0,2025-11-25 14:28
SR505616,Warranty Claims,Warranty Claims,0,2025-11-26 07:01
SR505617,Repairs,Repairs,0,2025-11-28 08:10
SR505618,Returns & Replacement,Returns & Replacement,0,2025-11-25 22:59
SR505619,Installations,Installations,0,2025-11-25 16:36
SR505620,Billing,Billing,0,2025-11-25 16:22
SR505621,Billing,Billing,0,2025-11-25 13:23
SR505622,Repairs,Repairs,0,2025-11-26 02:16
SR505623,Repairs,Repairs,1,2025-11-25 16:50
SR505624,Billing,Repairs,1,2025-11-25 21:57
SR505625,Returns & Replacement,Returns & Replacement,0,2025-11-25 18:02
SR505626,Returns & Replacement,Returns & Replacement,0,2025-11-25 19:04
SR505627,Installations,Installations,0,2025-11-25 19:17
SR505628,Consumables,Consumables,0,2025-11-25 21:20
SR505629,Repairs,Repairs,0,2025-11-25 23:46
SR505630,Returns & Replacement,Returns & Replacement,0,2025-11-26 02:42
SR505631,Product Advice,Product Advice,0,2025-11-25 22:21
SR505632,Billing,Repairs,1,2025-11-27 06:47
SR505633,Returns & Replacement,Returns & Replacement,0,2025-11-26 00:16
SR505634,Repairs,Repairs,0,2025-11-26 17:53
SR505635,Product Advice,Product Advice,0,2025-11-26 03:59
SR505636,Repairs,Billing,1,2025-11-26 18:57
SR505637,Consumables,Consumables,0,2025-11-26 10:56
SR505638,Consumables,Consumables,0,2025-11-26 03:37
SR505639,Billing,Billing,0,2025-11-26 10:40
SR505640,Repairs,Installations,1,2025-11-26 05:45
SR505641,Consumables,Repairs,2,2025-11-26 14:32
SR505642,Repairs,Repairs,0,2025-11-26 08:03
SR505643,Returns & Replacement,Returns & Replacement,0,2025-11-26 09:00
SR505644,Repairs,Repairs,0,2025-11-27 09:26
SR505645,Product Advice,Product Advice,0,2025-11-26 16:34
SR505646,Warranty Claims,Warranty Claims,0,2025-11-26 16:03
SR505647,Billing,Repairs,2,2025-11-26 16:25
SR505648,Billing,Billing,0,2025-11-27 08:57
SR505649,Repairs,Repairs,0,2025-11-27 10:38
SR505650,Installations,Installations,0,2025-11-26 14:37
SR505651,Repairs,Repairs,0,2025-11-27 09:17
SR505652,Repairs,Repairs,0,2025-11-27 03:53
SR505653,Repairs,Consumables,2,2025-12-02 06:57
SR505654,Warranty Claims,Warranty Claims,0,2025-11-27 05:55
SR505655,Repairs,Repairs,0,2025-11-27 09:28
SR505656,Consumables,Consumables,0,2025-11-27 01:35
SR505657,Installations,Installations,0,2025-11-27 02:09
SR505658,Repairs,Warranty Claims,1,2025-11-27 10:54
SR505659,Consumables,Repairs,1,2025-11-27 17:26
SR505660,Billing,Billing,0,2025-11-27 03:25
SR505661,Billing,Billing,0,2025-11-27 09:31
SR505662,Repairs,Warranty Claims,2,2025-11-29 02:05
SR505663,Consumables,Repairs,1,2025-11-28 04:59
SR505664,Billing,Warranty Claims,2,2025-11-27 20:53
SR505665,Billing,Billing,0,2025-11-27 12:49
SR505666,Billing,Consumables,2,2025-11-28 04:15
SR505667,Warranty Claims,Warranty Claims,0,2025-11-27 22:18
SR505668,Product Advice,Product Advice,0,2025-11-27 13:10
SR505669,Repairs,Repairs,1,2025-11-28 02:35
SR505670,Warranty Claims,Warranty Claims,0,2025-11-27 16:51
SR505671,Repairs,Repairs,0,2025-11-28 08:44
SR505672,Billing,Billing,0,2025-11-28 00:49
SR505673,Returns & Replacement,Returns & Replacement,0,2025-11-28 09:53
SR505674,Returns & Replacement,Returns & Replacement,0,2025-11-28 03:30
SR505675,Billing,Billing,0,2025-11-28 00:04
SR505676,Repairs,Repairs,0,2025-11-28 17:57
SR505677,Repairs,Repairs,0,2025-11-29 05:32
SR505678,Warranty Claims,Warranty Claims,0,2025-11-28 08:50
SR505679,Billing,Product Advice,1,2025-11-28 21:51
SR505680,Returns & Replacement,Returns & Replacement,0,2025-11-28 17:25
SR505681,Product Advice,Product Advice,0,2025-11-28 08:12
SR505682,Consumables,Consumables,0,2025-11-28 19:20
SR505683,Returns & Replacement,Returns & Replacement,0,2025-11-28 10:28
SR505684,Repairs,Repairs,0,2025-11-28 09:13
SR505685,Product Advice,Product Advice,1,2025-11-29 05:15
SR505686,Billing,Installations,1,2025-11-29 00:34
SR505687,Installations,Installations,0,2025-11-28 09:18
SR505688,Installations,Installations,0,2025-11-28 15:30
SR505689,Billing,Billing,0,2025-11-28 15:59
SR505690,Billing,Billing,0,2025-11-28 15:47
SR505691,Warranty Claims,Warranty Claims,0,2025-11-28 18:13
SR505692,Consumables,Repairs,1,2025-11-28 16:32
SR505693,Repairs,Repairs,0,2025-11-28 17:31
SR505694,Installations,Installations,0,2025-11-28 23:17
SR505695,Returns & Replacement,Returns & Replacement,0,2025-11-28 21:40
SR505696,Repairs,Product Advice,2,2025-11-30 00:39
SR505697,Repairs,Billing,1,2025-11-29 19:02
SR505698,Installations,Installations,0,2025-11-29 02:44
SR505699,Repairs,Repairs,0,2025-11-30 00:28
SR505700,Installations,Installations,0,2025-11-29 08:02
SR505701,Repairs,Repairs,0,2025-11-29 06:31
SR505702,Repairs,Billing,2,2025-11-30 11:04
SR505703,Installations,Installations,0,2025-11-29 09:51
SR505704,Returns & Replacement,Returns & Replacement,0,2025-11-29 10:21
SR505705,Product Advice,Product Advice,0,2025-11-29 05:46
SR505706,Product Advice,Repairs,2,2025-11-30 20:10
SR505707,Repairs,Repairs,0,2025-11-29 23:40
SR505708,Installations,Installations,0,2025-11-29 11:55
SR505709,Consumables,Billing,1,2025-11-29 08:01
SR505710,Repairs,Repairs,0,2025-11-29 13:11
SR505711,Returns & Replacement,Returns & Replacement,0,2025-11-29 11:35
SR505712,Warranty Claims,Warranty Claims,0,2025-11-30 04:14
SR505713,Warranty Claims,Warranty Claims,0,2025-11-29 13:48
SR505714,Repairs,Repairs,0,2025-11-29 22:36
SR505715,Returns & Replacement,Returns & Replacement,0,2025-11-29 13:48
SR505716,Installations,Installations,0,2025-11-29 16:29
SR505717,Repairs,Repairs,0,2025-11-30 04:23
SR505718,Returns & Replacement,Returns & Replacement,0,2025-11-29 20:14
SR505719,Repairs,Repairs,0,2025-11-30 01:52
SR505720,Installations,Installations,0,2025-11-30 02:32
SR505721,Billing,Billing,0,2025-11-29 17:36
SR505722,Consumables,Consumables,0,2025-11-30 06:10
SR505723,Repairs,Repairs,0,2025-11-30 16:48
SR505724,Billing,Billing,0,2025-12-02 20:18
SR505725,Repairs,Repairs,0,2025-11-30 01:52
SR505726,Warranty Claims,Warranty Claims,0,2025-11-30 07:17
SR505727,Product Advice,Product Advice,0,2025-11-30 07:28
SR505728,Billing,Repairs,2,2025-11-30 08:47
SR505729,Consumables,Consumables,0,2025-11-30 07:07
SR505730,Consumables,Consumables,0,2025-11-30 02:45
SR505731,Warranty Claims,Warranty Claims,0,2025-11-30 12:08
SR505732,Billing,Billing,0,2025-11-30 02:15
SR505733,Billing,Billing,0,2025-11-30 11:29
SR505734,Billing,Billing,0,2025-11-30 10:32
SR505735,Consumables,Consumables,0,2025-11-30 19:36
SR505736,Consumables,Repairs,1,2025-11-30 22:37
SR505737,Product Advice,Product Advice,0,2025-11-30 16:25
SR505738,Consumables,Consumables,0,2025-11-30 09:48
SR505739,Repairs,Returns & Replacement,2,2025-11-30 20:22
SR505740,Product Advice,Product Advice,0,2025-11-30 14:23
SR505741,Returns & Replacement,Returns & Replacement,0,2025-11-30 19:40
SR505742,Installations,Installations,0,2025-11-30 14:30
SR505743,Repairs,Repairs,0,2025-12-01 02:46
SR505744,Warranty Claims,Installations,2,2025-12-01 09:02
SR505745,Consumables,Product Advice,2,2025-11-30 17:59
SR505746,Product Advice,Product Advice,0,2025-11-30 19:35
SR505747,Product Advice,Product Advice,0,2025-11-30 19:48
SR505748,Repairs,Repairs,0,2025-12-01 00:24
SR505749,Consumables,Repairs,1,2025-12-02 02:24
SR505750,Returns & Replacement,Returns & Replacement,0,2025-12-01 02:57
SR505751,Returns & Replacement,Returns & Replacement,0,2025-12-01 11:42
SR505752,Billing,Billing,0,2025-12-01 02:05
SR505753,Installations,Installations,0,2025-12-01 10:32
SR505754,Product Advice,Product Advice,0,2025-12-01 06:01
SR505755,Repairs,Warranty Claims,2,2025-12-02 00:06
SR505756,Repairs,Installations,1,2025-12-01 20:22
SR505757,Product Advice,Product Advice,0,2025-12-01 15:11
SR505758,Repairs,Repairs,0,2025-12-01 13:16
SR505759,Repairs,Repairs,0,2025-12-01 07:25
SR505760,Warranty Claims,Warranty Claims,0,2025-12-01 14:12
SR505761,Billing,Repairs,2,2025-12-02 01:34
SR505762,Consumables,Repairs,2,2025-12-04 00:08
SR505763,Consumables,Repairs,1,2025-12-01 18:31
SR505764,Repairs,Repairs,0,2025-12-01 13:54
SR505765,Repairs,Repairs,0,2025-12-01 11:58
SR505766,Repairs,Repairs,0,2025-12-02 10:08
SR505767,Billing,Warranty Claims,1,2025-12-04 13:05
SR505768,Warranty Claims,Warranty Claims,0,2025-12-01 19:38
SR505769,Installations,Installations,0,2025-12-01 18:06
SR505770,Repairs,Installations,2,2025-12-02 15:50
SR505771,Consumables,Product Advice,1,2025-12-03 17:14
SR505772,Returns & Replacement,Returns & Replacement,0,2025-12-01 22:02
SR505773,Installations,Installations,0,2025-12-02 00:56
SR505774,Repairs,Returns & Replacement,2,2025-12-02 08:20
SR505775,Returns & Replacement,Billing,2,2025-12-02 13:11
SR505776,Installations,Installations,0,2025-12-02 03:35
SR505777,Returns & Replacement,Returns & Replacement,0,2025-12-02 01:07
SR505778,Repairs,Repairs,0,2025-12-02 02:07
SR505779,Product Advice,Product Advice,0,2025-12-02 04:25
SR505780,Installations,Installations,0,2025-12-03 11:05
SR505781,Consumables,Warranty Claims,1,2025-12-02 22:45
SR505782,Repairs,Installations,1,2025-12-02 16:26
SR505783,Repairs,Repairs,1,2025-12-02 08:14
SR505784,Returns & Replacement,Returns & Replacement,0,2025-12-02 12:21
SR505785,Warranty Claims,Warranty Claims,0,2025-12-02 15:07
SR505786,Installations,Installations,0,2025-12-03 01:46
SR505787,Installations,Installations,0,2025-12-03 08:36
SR505788,Repairs,Repairs,0,2025-12-02 12:47
SR505789,Repairs,Consumables,2,2025-12-02 20:56
SR505790,Consumables,Consumables,0,2025-12-02 17:51
SR505791,Consumables,Consumables,0,2025-12-02 13:27
SR505792,Billing,Billing,0,2025-12-02 14:25
SR505793,Billing,Billing,0,2025-12-02 15:15
SR505794,Repairs,Repairs,1,2025-12-02 20:28
SR505795,Consumables,Repairs,1,2025-12-03 08:57
SR505796,Repairs,Repairs,0,2025-12-04 00:55
SR505797,Returns & Replacement,Returns & Replacement,0,2025-12-04 17:18
SR505798,Product Advice,Product Advice,0,2025-12-03 20:46
SR505799,Repairs,Repairs,0,2025-12-03 23:35
SR505800,Billing,Billing,0,2025-12-03 03:00
SR505801,Consumables,Consumables,0,2025-12-03 06:14
SR505802,Repairs,Billing,2,2025-12-02 23:52
SR505803,Billing,Billing,0,2025-12-03 06:34
SR505804,Repairs,Repairs,0,2025-12-03 04:48
SR505805,Repairs,Product Advice,2,2025-12-04 04:37
SR505806,Consumables,Consumables,0,2025-12-04 04:33
SR505807,Installations,Installations,0,2025-12-03 04:04
SR505808,Installations,Installations,0,2025-12-03 05:10
SR505809,Warranty Claims,Warranty Claims,0,2025-12-03 04:48
SR505810,Warranty Claims,Warranty Claims,0,2025-12-03 10:27
SR505811,Repairs,Installations,1,2025-12-04 01:19
SR505812,Returns & Replacement,Returns & Replacement,0,2025-12-03 09:17
SR505813,Installations,Installations,0,2025-12-03 15:59
SR505814,Warranty Claims,Warranty Claims,0,2025-12-03 19:36
SR505815,Installations,Installations,0,2025-12-04 07:49
SR505816,Consumables,Installations,2,2025-12-04 02:37
SR505817,Repairs,Repairs,0,2025-12-03 16:11
SR505818,Repairs,Repairs,0,2025-12-03 16:29
SR505819,Repairs,Repairs,0,2025-12-05 00:16
SR505820,Repairs,Repairs,0,2025-12-04 00:29
SR505821,Repairs,Product Advice,2,2025-12-04 10:26
SR505822,Consumables,Consumables,1,2025-12-04 04:23
SR505823,Repairs,Repairs,0,2025-12-04 01:40
SR505824,Billing,Billing,0,2025-12-04 03:32
SR505825,Consumables,Repairs,1,2025-12-06 01:56
SR505826,Installations,Installations,0,2025-12-05 01:41
SR505827,Installations,Installations,0,2025-12-04 10:45
SR505828,Consumables,Returns & Replacement,1,2025-12-05 05:18
SR505829,Product Advice,Product Advice,0,2025-12-04 11:16
SR505830,Consumables,Consumables,0,2025-12-04 09:24
SR505831,Consumables,Consumables,0,2025-12-04 07:49
SR505832,Installations,Installations,0,2025-12-04 18:54
SR505833,Billing,Installations,2,2025-12-05 03:01
SR505834,Billing,Installations,1,2025-12-05 03:11
SR505835,Repairs,Consumables,1,2025-12-05 03:59
SR505836,Billing,Billing,0,2025-12-05 22:00
SR505837,Consumables,Consumables,0,2025-12-04 15:19
SR505838,Billing,Installations,2,2025-12-06 12:59
SR505839,Repairs,Repairs,0,2025-12-04 19:55
SR505840,Billing,Returns & Replacement,0,2025-12-04 18:39
SR505841,Repairs,Repairs,0,2025-12-04 18:00
SR505842,Product Advice,Product Advice,0,2025-12-05 12:42
SR505843,Consumables,Installations,2,2025-12-05 17:39
SR505844,Warranty Claims,Warranty Claims,0,2025-12-05 01:40
SR505845,Installations,Installations,0,2025-12-04 23:56
SR505846,Repairs,Repairs,0,2025-12-05 05:48
SR505847,Returns & Replacement,Returns & Replacement,0,2025-12-06 03:44
SR505848,Billing,Billing,0,2025-12-05 09:15
SR505849,Repairs,Repairs,0,2025-12-05 04:09
SR505850,Billing,Billing,0,2025-12-05 15:27
SR505851,Billing,Warranty Claims,2,2025-12-05 15:00
SR505852,Repairs,Returns & Replacement,1,2025-12-05 14:23
SR505853,Installations,Installations,0,2025-12-05 07:59
SR505854,Repairs,Returns & Replacement,2,2025-12-05 19:16
SR505855,Installations,Installations,0,2025-12-05 15:53
SR505856,Billing,Repairs,1,2025-12-05 12:16
SR505857,Repairs,Warranty Claims,2,2025-12-05 20:48
SR505858,Returns & Replacement,Returns & Replacement,0,2025-12-05 19:31
SR505859,Installations,Installations,0,2025-12-05 22:03
SR505860,Repairs,Installations,2,2025-12-06 03:59
SR505861,Product Advice,Product Advice,1,2025-12-05 22:25
SR505862,Repairs,Repairs,0,2025-12-06 01:31
SR505863,Product Advice,Billing,2,2025-12-06 08:29
SR505864,Product Advice,Product Advice,0,2025-12-06 00:25
SR505865,Repairs,Warranty Claims,1,2025-12-05 22:25
SR505866,Returns & Replacement,Returns & Replacement,0,2025-12-05 22:14
SR505867,Returns & Replacement,Returns & Replacement,0,2025-12-06 13:31
SR505868,Warranty Claims,Warranty Claims,0,2025-12-06 04:46
SR505869,Installations,Installations,0,2025-12-06 02:21
SR505870,Consumables,Consumables,0,2025-12-06 04:04
SR505871,Repairs,Repairs,0,2025-12-06 04:24
SR505872,Repairs,Returns & Replacement,2,2025-12-08 11:08
SR505873,Returns & Replacement,Returns & Replacement,0,2025-12-06 08:31
SR505874,Installations,Installations,0,2025-12-06 08:35
SR505875,Product Advice,Product Advice,0,2025-12-06 14:47
SR505876,Repairs,Repairs,0,2025-12-06 18:19
SR505877,Returns & Replacement,Returns & Replacement,0,2025-12-06 13:48
SR505878,Consumables,Repairs,2,2025-12-08 12:15
SR505879,Billing,Returns & Replacement,1,2025-12-06 11:26
SR505880,Consumables,Returns & Replacement,2,2025-12-09 00:21
SR505881,Product Advice,Product Advice,0,2025-12-07 19:36
SR505882,Repairs,Warranty Claims,2,2025-12-06 20:05
SR505883,Product Advice,Product Advice,0,2025-12-06 13:25
SR505884,Warranty Claims,Warranty Claims,0,2025-12-06 21:02
SR505885,Repairs,Consumables,2,2025-12-06 18:14
SR505886,Repairs,Repairs,0,2025-12-07 03:52
SR505887,Installations,Installations,0,2025-12-07 04:49
SR505888,Product Advice,Product Advice,0,2025-12-08 04:29
SR505889,Warranty Claims,Warranty Claims,0,2025-12-06 14:04
SR505890,Product Advice,Product Advice,0,2025-12-06 15:19
SR505891,Repairs,Repairs,0,2025-12-07 01:12
SR505892,Repairs,Billing,2,2025-12-09 01:39
SR505893,Installations,Installations,0,2025-12-07 05:12
SR505894,Installations,Installations,0,2025-12-07 08:37
SR505895,Billing,Billing,0,2025-12-07 11:39
SR505896,Repairs,Repairs,0,2025-12-07 09:14
SR505897,Returns & Replacement,Returns & Replacement,0,2025-12-07 10:41
SR505898,Billing,Billing,1,2025-12-07 12:50
SR505899,Returns & Replacement,Returns & Replacement,1,2025-12-10 16:37
SR505900,Repairs,Repairs,0,2025-12-07 04:38
SR505901,Repairs,Installations,2,2025-12-07 16:45
SR505902,Repairs,Warranty Claims,1,2025-12-08 11:22
SR505903,Product Advice,Product Advice,0,2025-12-07 10:20
SR505904,Returns & Replacement,Returns & Replacement,0,2025-12-07 17:43
SR505905,Billing,Billing,0,2025-12-08 03:43
SR505906,Repairs,Repairs,0,2025-12-07 13:35
SR505907,Billing,Billing,0,2025-12-07 15:54
SR505908,Returns & Replacement,Returns & Replacement,0,2025-12-08 03:27
SR505909,Returns & Replacement,Returns & Replacement,0,2025-12-08 03:16
SR505910,Repairs,Repairs,0,2025-12-07 19:50
SR505911,Product Advice,Product Advice,0,2025-12-07 23:09
SR505912,Consumables,Consumables,0,2025-12-07 22:48
SR505913,Repairs,Repairs,0,2025-12-08 11:22
SR505914,Repairs,Warranty Claims,1,2025-12-09 06:12
SR505915,Returns & Replacement,Returns & Replacement,0,2025-12-08 09:45
SR505916,Billing,Billing,0,2025-12-08 12:33
SR505917,Installations,Installations,0,2025-12-09 08:04
SR505918,Consumables,Installations,1,2025-12-08 12:28
SR505919,Consumables,Repairs,2,2025-12-08 21:34
SR505920,Billing,Billing,0,2025-12-08 11:38
SR505921,Product Advice,Product Advice,0,2025-12-09 00:08
SR505922,Consumables,Repairs,2,2025-12-09 04:59
SR505923,Billing,Billing,0,2025-12-08 15:24
SR505924,Product Advice,Product Advice,0,2025-12-08 17:26
SR505925,Repairs,Billing,1,2025-12-08 18:40
SR505926,Repairs,Repairs,0,2025-12-08 14:54
SR505927,Billing,Billing,0,2025-12-09 06:35
SR505928,Returns & Replacement,Returns & Replacement,0,2025-12-08 18:50
SR505929,Repairs,Installations,1,2025-12-08 18:40
SR505930,Product Advice,Product Advice,0,2025-12-09 01:37
SR505931,Repairs,Returns & Replacement,1,2025-12-09 00:49
SR505932,Product Advice,Product Advice,0,2025-12-08 23:41
SR505933,Billing,Returns & Replacement,2,2025-12-10 17:46
SR505934,Repairs,Repairs,0,2025-12-10 02:55
SR505935,Returns & Replacement,Returns & Replacement,0,2025-12-09 03:04
SR505936,Billing,Repairs,2,2025-12-09 09:19
SR505937,Installations,Installations,0,2025-12-09 13:24
SR505938,Warranty Claims,Warranty Claims,0,2025-12-10 10:02
SR505939,Installations,Installations,0,2025-12-09 09:58
SR505940,Repairs,Repairs,0,2025-12-09 12:48
SR505941,Repairs,Consumables,1,2025-12-09 06:01
SR505942,Billing,Warranty Claims,1,2025-12-09 09:42
SR505943,Billing,Billing,0,2025-12-09 05:10
SR505944,Consumables,Warranty Claims,2,2025-12-09 13:26
SR505945,Billing,Installations,2,2025-12-09 06:28
SR505946,Installations,Installations,0,2025-12-09 18:20
SR505947,Product Advice,Product Advice,0,2025-12-10 04:01
SR505948,Warranty Claims,Warranty Claims,0,2025-12-09 21:10
SR505949,Returns & Replacement,Returns & Replacement,0,2025-12-09 19:50
SR505950,Returns & Replacement,Returns & Replacement,0,2025-12-09 15:32
SR505951,Repairs,Repairs,0,2025-12-09 23:58
SR505952,Repairs,Repairs,0,2025-12-10 02:23
SR505953,Product Advice,Product Advice,0,2025-12-10 05:38
SR505954,Repairs,Repairs,0,2025-12-10 18:01
SR505955,Billing,Installations,1,2025-12-12 22:12
SR505956,Consumables,Consumables,0,2025-12-10 11:03
SR505957,Returns & Replacement,Returns & Replacement,0,2025-12-10 17:58
SR505958,Warranty Claims,Warranty Claims,0,2025-12-10 10:43
SR505959,Product Advice,Product Advice,0,2025-12-10 05:58
SR505960,Product Advice,Product Advice,0,2025-12-10 14:16
SR505961,Repairs,Repairs,0,2025-12-10 08:32
SR505962,Repairs,Consumables,2,2025-12-12 11:11
SR505963,Product Advice,Product Advice,0,2025-12-10 13:34
SR505964,Repairs,Repairs,0,2025-12-10 16:08
SR505965,Repairs,Repairs,0,2025-12-10 11:50
SR505966,Repairs,Repairs,0,2025-12-10 11:09
SR505967,Product Advice,Product Advice,0,2025-12-10 19:04
SR505968,Product Advice,Product Advice,0,2025-12-10 20:31
SR505969,Repairs,Product Advice,2,2025-12-10 23:19
SR505970,Consumables,Consumables,0,2025-12-10 14:42
SR505971,Warranty Claims,Warranty Claims,0,2025-12-10 16:43
SR505972,Billing,Billing,0,2025-12-10 23:05
SR505973,Consumables,Repairs,2,2025-12-11 14:23
SR505974,Consumables,Warranty Claims,2,2025-12-10 23:45
SR505975,Repairs,Repairs,0,2025-12-11 01:42
SR505976,Consumables,Consumables,0,2025-12-11 10:55
SR505977,Installations,Installations,0,2025-12-10 19:40
SR505978,Returns & Replacement,Returns & Replacement,0,2025-12-10 22:30
SR505979,Repairs,Installations,1,2025-12-11 16:48
SR505980,Product Advice,Product Advice,0,2025-12-11 02:01
SR505981,Repairs,Repairs,0,2025-12-11 05:40
SR505982,Repairs,Repairs,0,2025-12-11 21:10
SR505983,Repairs,Repairs,0,2025-12-11 13:22
SR505984,Consumables,Consumables,0,2025-12-11 04:54
SR505985,Product Advice,Product Advice,0,2025-12-11 12:29
SR505986,Billing,Billing,0,2025-12-11 09:21
SR505987,Repairs,Warranty Claims,1,2025-12-11 11:46
SR505988,Installations,Installations,0,2025-12-12 08:15
SR505989,Warranty Claims,Warranty Claims,0,2025-12-11 12:00
SR505990,Billing,Billing,0,2025-12-11 13:51
SR505991,Repairs,Repairs,0,2025-12-12 02:07
SR505992,Consumables,Consumables,0,2025-12-12 02:27
SR505993,Repairs,Repairs,0,2025-12-12 04:57
SR505994,Returns & Replacement,Returns & Replacement,0,2025-12-11 17:52
SR505995,Installations,Installations,0,2025-12-12 03:35
SR505996,Returns & Replacement,Returns & Replacement,1,2025-12-12 00:33
SR505997,Product Advice,Product Advice,0,2025-12-11 15:33
SR505998,Billing,Billing,0,2025-12-11 19:24
SR505999,Consumables,Consumables,0,2025-12-11 17:12
SR506000,Product Advice,Product Advice,0,2025-12-12 01:48
SR506001,Product Advice,Product Advice,0,2025-12-12 18:01
SR506002,Repairs,Repairs,0,2025-12-11 22:26
SR506003,Billing,Billing,0,2025-12-12 01:57
SR506004,Consumables,Repairs,1,2025-12-12 02:24
SR506005,Consumables,Consumables,0,2025-12-12 07:33
SR506006,Repairs,Product Advice,1,2025-12-12 07:26
SR506007,Consumables,Consumables,0,2025-12-11 23:41
SR506008,Repairs,Repairs,0,2025-12-12 03:46
SR506009,Warranty Claims,Warranty Claims,0,2025-12-12 10:49
SR506010,Installations,Installations,0,2025-12-12 02:35
SR506011,Returns & Replacement,Returns & Replacement,1,2025-12-12 12:06
SR506012,Billing,Billing,0,2025-12-12 23:22
SR506013,Product Advice,Product Advice,0,2025-12-12 05:56
SR506014,Warranty Claims,Warranty Claims,0,2025-12-14 09:58
SR506015,Billing,Billing,0,2025-12-13 13:37
SR506016,Installations,Billing,0,2025-12-12 23:15
SR506017,Billing,Installations,1,2025-12-12 07:15
SR506018,Warranty Claims,Warranty Claims,0,2025-12-12 12:00
SR506019,Billing,Billing,0,2025-12-13 02:12
SR506020,Billing,Billing,0,2025-12-12 21:51
SR506021,Repairs,Repairs,0,2025-12-12 21:21
SR506022,Product Advice,Product Advice,0,2025-12-13 06:56
SR506023,Returns & Replacement,Returns & Replacement,0,2025-12-12 19:07
SR506024,Warranty Claims,Billing,0,2025-12-12 19:27
SR506025,Installations,Installations,0,2025-12-13 12:51
SR506026,Consumables,Repairs,1,2025-12-14 15:39
SR506027,Consumables,Billing,2,2025-12-18 02:15
SR506028,Returns & Replacement,Returns & Replacement,0,2025-12-12 23:42
SR506029,Billing,Billing,0,2025-12-13 07:14
SR506030,Consumables,Warranty Claims,2,2025-12-13 06:53
SR506031,Repairs,Returns & Replacement,1,2025-12-13 02:24
SR506032,Repairs,Warranty Claims,2,2025-12-14 16:00
SR506033,Product Advice,Product Advice,0,2025-12-13 08:26
SR506034,Repairs,Installations,1,2025-12-17 11:06
SR506035,Billing,Billing,0,2025-12-14 14:25
SR506036,Installations,Installations,1,2025-12-13 22:42
SR506037,Product Advice,Product Advice,0,2025-12-13 17:07
SR506038,Repairs,Repairs,0,2025-12-13 04:15
SR506039,Returns & Replacement,Returns & Replacement,0,2025-12-13 12:52
SR506040,Repairs,Repairs,0,2025-12-13 16:56
SR506041,Installations,Installations,0,2025-12-14 02:24
SR506042,Consumables,Repairs,1,2025-12-13 10:44
SR506043,Repairs,Repairs,0,2025-12-13 16:52
SR506044,Consumables,Consumables,0,2025-12-13 15:07
SR506045,Repairs,Repairs,0,2025-12-13 09:39
SR506046,Consumables,Consumables,0,2025-12-13 17:51
SR506047,Billing,Returns & Replacement,2,2025-12-13 23:06
SR506048,Installations,Installations,0,2025-12-13 14:09
SR506049,Repairs,Repairs,0,2025-12-13 16:11
SR506050,Installations,Installations,0,2025-12-14 09:08
SR506051,Consumables,Billing,2,2025-12-13 21:34
SR506052,Repairs,Repairs,0,2025-12-14 00:28
SR506053,Repairs,Repairs,0,2025-12-14 04:45
SR506054,Warranty Claims,Warranty Claims,0,2025-12-13 20:04
SR506055,Billing,Billing,0,2025-12-14 18:40
SR506056,Installations,Installations,0,2025-12-13 20:55
SR506057,Consumables,Installations,2,2025-12-15 01:00
SR506058,Installations,Installations,0,2025-12-14 02:03
SR506059,Consumables,Repairs,2,2025-12-14 19:25
SR506060,Installations,Installations,0,2025-12-14 00:51
SR506061,Repairs,Repairs,0,2025-12-15 08:17
SR506062,Installations,Installations,0,2025-12-15 06:58
SR506063,Repairs,Repairs,0,2025-12-14 04:32
SR506064,Product Advice,Product Advice,0,2025-12-14 04:09
SR506065,Consumables,Consumables,0,2025-12-14 16:44
SR506066,Product Advice,Product Advice,0,2025-12-14 11:20
SR506067,Repairs,Repairs,0,2025-12-15 00:26
SR506068,Returns & Replacement,Returns & Replacement,0,2025-12-14 12:25
SR506069,Repairs,Repairs,0,2025-12-14 12:31
SR506070,Billing,Billing,0,2025-12-14 12:03
SR506071,Billing,Installations,2,2025-12-17 04:53
SR506072,Installations,Installations,0,2025-12-14 12:41
SR506073,Returns & Replacement,Returns & Replacement,0,2025-12-14 13:05
SR506074,Returns & Replacement,Returns & Replacement,0,2025-12-14 14:10
SR506075,Repairs,Returns & Replacement,2,2025-12-14 19:01
SR506076,Product Advice,Product Advice,0,2025-12-15 03:17
SR506077,Warranty Claims,Warranty Claims,0,2025-12-14 21:31
SR506078,Repairs,Repairs,0,2025-12-14 20:22
SR506079,Installations,Installations,0,2025-12-14 16:31
SR506080,Warranty Claims,Warranty Claims,0,2025-12-15 05:36
SR506081,Product Advice,Product Advice,0,2025-12-14 20:23
SR506082,Billing,Billing,0,2025-12-14 18:18
SR506083,Repairs,Repairs,0,2025-12-15 04:04
SR506084,Installations,Installations,0,2025-12-15 01:39
SR506085,Repairs,Repairs,0,2025-12-14 22:57
SR506086,Installations,Installations,0,2025-12-14 21:34
SR506087,Billing,Billing,0,2025-12-15 07:03
SR506088,Consumables,Consumables,0,2025-12-15 02:48
SR506089,Repairs,Installations,1,2025-12-15 03:54
SR506090,Billing,Billing,0,2025-12-15 06:01
SR506091,Repairs,Repairs,0,2025-12-15 02:07
SR506092,Consumables,Repairs,2,2025-12-15 09:23
SR506093,Returns & Replacement,Returns & Replacement,0,2025-12-15 06:22
SR506094,Returns & Replacement,Returns & Replacement,0,2025-12-17 00:45
SR506095,Repairs,Warranty Claims,1,2025-12-15 03:44
SR506096,Repairs,Repairs,0,2025-12-15 09:14
SR506097,Installations,Installations,0,2025-12-15 09:48
SR506098,Product Advice,Product Advice,0,2025-12-15 12:27
SR506099,Repairs,Repairs,0,2025-12-15 08:48
SR506100,Repairs,Consumables,1,2025-12-15 08:57
SR506101,Billing,Billing,0,2025-12-15 23:49
SR506102,Billing,Billing,0,2025-12-15 20:44
SR506103,Warranty Claims,Warranty Claims,0,2025-12-15 11:33
SR506104,Product Advice,Product Advice,0,2025-12-15 20:48
SR506105,Billing,Repairs,2,2025-12-17 01:21
SR506106,Returns & Replacement,Returns & Replacement,0,2025-12-15 22:16
SR506107,Repairs,Repairs,0,2025-12-16 05:11
SR506108,Returns & Replacement,Returns & Replacement,0,2025-12-16 00:45
SR506109,Billing,Billing,0,2025-12-15 23:31
SR506110,Returns & Replacement,Returns & Replacement,0,2025-12-16 05:01
SR506111,Returns & Replacement,Returns & Replacement,0,2025-12-16 03:54
SR506112,Repairs,Billing,1,2025-12-16 10:15
SR506113,Returns & Replacement,Returns & Replacement,0,2025-12-16 11:00
SR506114,Warranty Claims,Warranty Claims,0,2025-12-16 15:25
SR506115,Returns & Replacement,Returns & Replacement,0,2025-12-16 05:32
SR506116,Consumables,Installations,2,2025-12-16 06:10
SR506117,Repairs,Repairs,0,2025-12-16 14:51
SR506118,Consumables,Consumables,0,2025-12-16 18:53
SR506119,Repairs,Warranty Claims,1,2025-12-16 21:30
SR506120,Installations,Installations,0,2025-12-16 15:56
SR506121,Billing,Repairs,1,2025-12-16 16:30
SR506122,Product Advice,Product Advice,0,2025-12-16 10:42
SR506123,Returns & Replacement,Returns & Replacement,0,2025-12-16 09:34
SR506124,Consumables,Installations,2,2025-12-16 17:35
SR506125,Product Advice,Product Advice,0,2025-12-16 16:54
SR506126,Billing,Billing,0,2025-12-16 13:24
SR506127,Billing,Billing,0,2025-12-16 17:07
SR506128,Returns & Replacement,Returns & Replacement,0,2025-12-16 17:56
SR506129,Repairs,Repairs,0,2025-12-16 19:40
SR506130,Returns & Replacement,Returns & Replacement,0,2025-12-16 21:39
SR506131,Returns & Replacement,Returns & Replacement,0,2025-12-16 22:53
SR506132,Installations,Installations,0,2025-12-17 03:02
SR506133,Installations,Installations,0,2025-12-17 01:34
SR506134,Consumables,Warranty Claims,2,2025-12-17 13:25
SR506135,Consumables,Consumables,0,2025-12-17 04:21
SR506136,Billing,Warranty Claims,2,2025-12-17 14:56
SR506137,Product Advice,Product Advice,0,2025-12-17 09:12
SR506138,Product Advice,Product Advice,0,2025-12-17 05:32
SR506139,Returns & Replacement,Returns & Replacement,0,2025-12-17 11:14
SR506140,Billing,Billing,0,2025-12-17 08:00
SR506141,Consumables,Consumables,0,2025-12-17 11:31
SR506142,Repairs,Repairs,0,2025-12-17 19:44
SR506143,Installations,Installations,0,2025-12-17 12:30
SR506144,Repairs,Repairs,0,2025-12-17 10:54
SR506145,Consumables,Consumables,0,2025-12-17 17:42
SR506146,Billing,Billing,0,2025-12-17 16:41
SR506147,Repairs,Warranty Claims,1,2025-12-17 21:57
SR506148,Billing,Billing,0,2025-12-17 19:43
SR506149,Repairs,Repairs,0,2025-12-18 08:46
SR506150,Repairs,Repairs,0,2025-12-18 03:11
SR506151,Billing,Billing,0,2025-12-17 21:38
SR506152,Billing,Billing,0,2025-12-19 07:30
SR506153,Returns & Replacement,Returns & Replacement,0,2025-12-17 19:45
SR506154,Consumables,Consumables,0,2025-12-18 00:22
SR506155,Product Advice,Product Advice,1,2025-12-18 07:29
SR506156,Repairs,Warranty Claims,2,2025-12-18 12:02
SR506157,Repairs,Returns & Replacement,2,2025-12-18 11:40
SR506158,Repairs,Repairs,0,2025-12-18 13:33
SR506159,Repairs,Repairs,0,2025-12-18 02:10
SR506160,Repairs,Repairs,0,2025-12-18 11:49
SR506161,Repairs,Product Advice,2,2025-12-18 06:36
SR506162,Consumables,Repairs,2,2025-12-19 07:13
SR506163,Repairs,Repairs,0,2025-12-18 04:15
SR506164,Billing,Billing,0,2025-12-18 03:03
SR506165,Product Advice,Product Advice,0,2025-12-18 17:06
SR506166,Returns & Replacement,Returns & Replacement,0,2025-12-19 20:18
SR506167,Billing,Billing,0,2025-12-18 08:14
SR506168,Repairs,Repairs,0,2025-12-19 00:06
SR506169,Consumables,Billing,2,2025-12-18 12:35
SR506170,Returns & Replacement,Returns & Replacement,0,2025-12-18 12:58
SR506171,Installations,Installations,0,2025-12-18 10:55
SR506172,Returns & Replacement,Returns & Replacement,0,2025-12-18 13:52
SR506173,Repairs,Returns & Replacement,2,2025-12-22 00:04
SR506174,Warranty Claims,Warranty Claims,0,2025-12-18 11:40
SR506175,Returns & Replacement,Returns & Replacement,0,2025-12-18 13:39
SR506176,Installations,Installations,0,2025-12-19 02:56
SR506177,Billing,Billing,0,2025-12-19 02:12
SR506178,Warranty Claims,Warranty Claims,0,2025-12-18 22:55
SR506179,Product Advice,Product Advice,0,2025-12-18 17:05
SR506180,Product Advice,Product Advice,0,2025-12-20 15:27
SR506181,Warranty Claims,Warranty Claims,0,2025-12-18 20:25
SR506182,Billing,Billing,0,2025-12-19 16:25
SR506183,Billing,Installations,2,2025-12-19 10:23
SR506184,Installations,Installations,0,2025-12-19 08:21
SR506185,Product Advice,Product Advice,1,2025-12-20 03:30
SR506186,Installations,Installations,0,2025-12-19 01:20
SR506187,Returns & Replacement,Returns & Replacement,0,2025-12-19 05:12
SR506188,Repairs,Installations,2,2025-12-20 02:54
SR506189,Returns & Replacement,Returns & Replacement,0,2025-12-19 19:38
SR506190,Returns & Replacement,Returns & Replacement,0,2025-12-19 07:14
SR506191,Repairs,Repairs,0,2025-12-19 06:46
SR506192,Repairs,Repairs,0,2025-12-19 18:59
SR506193,Billing,Billing,0,2025-12-19 22:13
SR506194,Product Advice,Product Advice,0,2025-12-19 10:58
SR506195,Consumables,Returns & Replacement,1,2025-12-19 07:46
SR506196,Repairs,Repairs,0,2025-12-19 23:14
SR506197,Returns & Replacement,Returns & Replacement,0,2025-12-19 23:19
SR506198,Billing,Billing,0,2025-12-20 05:16
SR506199,Warranty Claims,Warranty Claims,0,2025-12-20 01:03
SR506200,Repairs,Billing,1,2025-12-26 01:25
SR506201,Warranty Claims,Warranty Claims,0,2025-12-19 15:32
SR506202,Warranty Claims,Warranty Claims,0,2025-12-20 15:22
SR506203,Repairs,Repairs,0,2025-12-19 20:02
SR506204,Repairs,Repairs,0,2025-12-19 18:33
SR506205,Installations,Installations,0,2025-12-20 16:30
SR506206,Repairs,Repairs,0,2025-12-20 01:57
SR506207,Billing,Returns & Replacement,2,2025-12-20 23:16
SR506208,Repairs,Repairs,0,2025-12-20 06:59
SR506209,Repairs,Product Advice,2,2025-12-20 10:07
SR506210,Consumables,Repairs,2,2025-12-21 04:02
SR506211,Installations,Installations,0,2025-12-20 08:00
SR506212,Installations,Installations,0,2025-12-20 00:42
SR506213,Warranty Claims,Warranty Claims,0,2025-12-20 03:45
SR506214,Consumables,Consumables,0,2025-12-20 16:31
SR506215,Installations,Installations,0,2025-12-20 05:36
SR506216,Product Advice,Product Advice,0,2025-12-20 04:33
SR506217,Product Advice,Product Advice,0,2025-12-20 15:30
SR506218,Installations,Installations,0,2025-12-20 09:38
SR506219,Billing,Billing,1,2025-12-20 21:21
SR506220,Billing,Billing,0,2025-12-20 12:44
SR506221,Repairs,Installations,1,2025-12-20 09:25
SR506222,Billing,Billing,0,2025-12-20 12:50
SR506223,Consumables,Consumables,0,2025-12-20 17:36
SR506224,Returns & Replacement,Returns & Replacement,0,2025-12-20 15:35
SR506225,Installations,Installations,0,2025-12-20 13:18
SR506226,Warranty Claims,Warranty Claims,0,2025-12-21 03:51
SR506227,Returns & Replacement,Returns & Replacement,0,2025-12-21 02:56
SR506228,Warranty Claims,Warranty Claims,0,2025-12-20 22:50
SR506229,Repairs,Repairs,0,2025-12-21 13:38
SR506230,Consumables,Consumables,0,2025-12-20 21:06
SR506231,Installations,Installations,0,2025-12-21 11:57
SR506232,Product Advice,Consumables,1,2025-12-21 11:07
SR506233,Warranty Claims,Warranty Claims,0,2025-12-21 02:15
SR506234,Repairs,Repairs,0,2025-12-21 03:54
SR506235,Consumables,Consumables,0,2025-12-21 19:16
SR506236,Consumables,Returns & Replacement,1,2025-12-21 06:19
SR506237,Product Advice,Product Advice,0,2025-12-21 04:32
SR506238,Warranty Claims,Warranty Claims,0,2025-12-21 07:11
SR506239,Billing,Warranty Claims,1,2025-12-23 09:00
SR506240,Repairs,Returns & Replacement,2,2025-12-22 07:08
SR506241,Repairs,Repairs,0,2025-12-21 06:49
SR506242,Installations,Installations,0,2025-12-21 19:28
SR506243,Billing,Billing,0,2025-12-21 12:59
SR506244,Product Advice,Product Advice,0,2025-12-21 08:25
SR506245,Repairs,Repairs,0,2025-12-22 13:24
SR506246,Product Advice,Product Advice,0,2025-12-22 07:12
SR506247,Billing,Product Advice,1,2025-12-22 13:16
SR506248,Repairs,Repairs,0,2025-12-22 01:13
SR506249,Consumables,Consumables,0,2025-12-22 08:47
SR506250,Billing,Billing,0,2025-12-22 10:04
SR506251,Repairs,Returns & Replacement,2,2025-12-23 05:30
SR506252,Repairs,Warranty Claims,1,2025-12-22 01:53
SR506253,Consumables,Consumables,0,2025-12-22 07:56
SR506254,Returns & Replacement,Returns & Replacement,0,2025-12-22 04:40
SR506255,Repairs,Repairs,0,2025-12-22 11:59
SR506256,Installations,Installations,0,2025-12-22 14:52
SR506257,Repairs,Repairs,0,2025-12-22 07:21
SR506258,Repairs,Repairs,0,2025-12-22 05:34
SR506259,Billing,Repairs,1,2025-12-22 21:33
SR506260,Returns & Replacement,Returns & Replacement,0,2025-12-22 14:35
SR506261,Repairs,Installations,1,2025-12-22 18:11
SR506262,Repairs,Consumables,1,2025-12-22 12:16
SR506263,Warranty Claims,Warranty Claims,0,2025-12-22 17:04
SR506264,Repairs,Repairs,0,2025-12-23 02:42
SR506265,Consumables,Installations,1,2025-12-23 09:38
SR506266,Repairs,Repairs,0,2025-12-23 13:27
SR506267,Installations,Installations,0,2025-12-22 22:16
SR506268,Consumables,Consumables,0,2025-12-23 00:10
SR506269,Repairs,Repairs,0,2025-12-23 10:48
SR506270,Installations,Installations,0,2025-12-23 03:13
SR506271,Product Advice,Product Advice,0,2025-12-23 04:42
SR506272,Installations,Installations,0,2025-12-23 01:03
SR506273,Returns & Replacement,Returns & Replacement,0,2025-12-23 02:10
SR506274,Repairs,Repairs,0,2025-12-23 12:28
SR506275,Consumables,Warranty Claims,2,2025-12-25 19:41
SR506276,Warranty Claims,Warranty Claims,0,2025-12-22 23:35
SR506277,Returns & Replacement,Returns & Replacement,0,2025-12-23 02:22
SR506278,Repairs,Billing,2,2025-12-24 22:28
SR506279,Installations,Installations,0,2025-12-23 20:10
SR506280,Repairs,Repairs,0,2025-12-23 05:30
SR506281,Repairs,Repairs,0,2025-12-23 17:19
SR506282,Installations,Installations,0,2025-12-23 06:54
SR506283,Billing,Repairs,2,2025-12-24 09:07
SR506284,Consumables,Consumables,0,2025-12-24 07:27
SR506285,Installations,Installations,0,2025-12-23 17:21
SR506286,Installations,Installations,0,2025-12-23 13:40
SR506287,Installations,Installations,0,2025-12-23 12:27
SR506288,Repairs,Repairs,0,2025-12-23 16:54
SR506289,Billing,Repairs,1,2025-12-24 00:53
SR506290,Repairs,Repairs,1,2025-12-23 20:22
SR506291,Product Advice,Product Advice,0,2025-12-24 03:31
SR506292,Repairs,Repairs,0,2025-12-23 19:37
SR506293,Warranty Claims,Warranty Claims,0,2025-12-23 22:42
SR506294,Installations,Installations,0,2025-12-23 15:59
SR506295,Consumables,Consumables,0,2025-12-23 15:39
SR506296,Consumables,Consumables,0,2025-12-23 22:45
SR506297,Returns & Replacement,Returns & Replacement,0,2025-12-23 19:55
SR506298,Returns & Replacement,Returns & Replacement,0,2025-12-23 23:08
SR506299,Warranty Claims,Warranty Claims,1,2025-12-23 16:57
SR506300,Returns & Replacement,Returns & Replacement,0,2025-12-23 17:29
SR506301,Consumables,Consumables,0,2025-12-23 17:13
SR506302,Repairs,Installations,1,2025-12-24 05:01
SR506303,Installations,Installations,0,2025-12-24 01:12
SR506304,Installations,Installations,0,2025-12-23 23:09
SR506305,Billing,Billing,0,2025-12-23 21:24
SR506306,Consumables,Product Advice,1,2025-12-24 08:38
SR506307,Warranty Claims,Warranty Claims,0,2025-12-24 17:35
SR506308,Consumables,Repairs,2,2025-12-25 08:51
SR506309,Warranty Claims,Warranty Claims,0,2025-12-24 00:37
SR506310,Product Advice,Product Advice,0,2025-12-24 03:10
SR506311,Billing,Warranty Claims,2,2025-12-24 08:32
SR506312,Product Advice,Product Advice,1,2025-12-25 05:29
SR506313,Returns & Replacement,Returns & Replacement,0,2025-12-24 06:13
SR506314,Returns & Replacement,Returns & Replacement,0,2025-12-25 01:57
SR506315,Consumables,Consumables,0,2025-12-24 10:51
SR506316,Product Advice,Product Advice,0,2025-12-24 12:31
SR506317,Billing,Billing,0,2025-12-24 18:09
SR506318,Warranty Claims,Warranty Claims,0,2025-12-24 17:41
SR506319,Product Advice,Product Advice,0,2025-12-24 08:05
SR506320,Returns & Replacement,Returns & Replacement,0,2025-12-24 19:24
SR506321,Repairs,Repairs,0,2025-12-24 10:28
SR506322,Repairs,Repairs,0,2025-12-25 10:34
SR506323,Repairs,Consumables,2,2025-12-24 22:28
SR506324,Warranty Claims,Warranty Claims,0,2025-12-24 13:22
SR506325,Consumables,Repairs,1,2025-12-24 20:48
SR506326,Warranty Claims,Warranty Claims,0,2025-12-24 13:11
SR506327,Repairs,Repairs,0,2025-12-24 16:55
SR506328,Billing,Billing,0,2025-12-24 22:46
SR506329,Warranty Claims,Billing,0,2025-12-24 16:35
SR506330,Repairs,Repairs,0,2025-12-25 12:13
SR506331,Repairs,Installations,2,2025-12-25 23:04
SR506332,Repairs,Repairs,0,2025-12-25 08:02
SR506333,Repairs,Returns & Replacement,1,2025-12-26 14:37
SR506334,Installations,Installations,0,2025-12-25 01:13
SR506335,Repairs,Repairs,0,2025-12-24 22:36
SR506336,Repairs,Repairs,0,2025-12-25 00:26
SR506337,Returns & Replacement,Returns & Replacement,0,2025-12-25 06:17
SR506338,Installations,Installations,0,2025-12-25 17:07
SR506339,Returns & Replacement,Returns & Replacement,0,2025-12-25 08:39
SR506340,Warranty Claims,Warranty Claims,0,2025-12-25 01:17
SR506341,Warranty Claims,Warranty Claims,0,2025-12-25 03:17
SR506342,Installations,Installations,0,2025-12-25 05:50
SR506343,Returns & Replacement,Returns & Replacement,0,2025-12-26 04:47
SR506344,Billing,Billing,1,2025-12-27 14:01
SR506345,Billing,Billing,0,2025-12-25 15:47
SR506346,Installations,Installations,0,2025-12-25 10:13
SR506347,Repairs,Repairs,0,2025-12-25 14:21
SR506348,Returns & Replacement,Returns & Replacement,1,2025-12-29 17:36
SR506349,Consumables,Consumables,0,2025-12-25 14:29
SR506350,Installations,Installations,0,2025-12-26 07:52
SR506351,Installations,Installations,0,2025-12-25 17:20
SR506352,Repairs,Repairs,0,2025-12-26 03:13
SR506353,Repairs,Repairs,0,2025-12-25 19:02
SR506354,Installations,Installations,0,2025-12-25 22:32
SR506355,Repairs,Installations,2,2025-12-25 21:42
SR506356,Repairs,Repairs,0,2025-12-25 20:23
SR506357,Product Advice,Product Advice,0,2025-12-25 23:23
SR506358,Installations,Installations,0,2025-12-26 08:43
SR506359,Repairs,Repairs,0,2025-12-26 19:28
SR506360,Billing,Billing,0,2025-12-26 23:13
SR506361,Billing,Billing,0,2025-12-27 00:45
SR506362,Product Advice,Product Advice,0,2025-12-26 03:39
SR506363,Returns & Replacement,Returns & Replacement,0,2025-12-26 12:10
SR506364,Repairs,Repairs,0,2025-12-26 14:05
SR506365,Billing,Billing,0,2025-12-26 18:11
SR506366,Consumables,Consumables,0,2025-12-26 12:39
SR506367,Returns & Replacement,Returns & Replacement,0,2025-12-26 10:30
SR506368,Warranty Claims,Warranty Claims,0,2025-12-26 13:53
SR506369,Repairs,Repairs,0,2025-12-26 13:55
SR506370,Billing,Warranty Claims,2,2025-12-27 17:11
SR506371,Consumables,Consumables,0,2025-12-26 21:54
SR506372,Consumables,Consumables,0,2025-12-27 10:52
SR506373,Returns & Replacement,Returns & Replacement,0,2025-12-26 18:09
SR506374,Product Advice,Product Advice,1,2025-12-27 03:04
SR506375,Billing,Billing,0,2025-12-26 17:52
SR506376,Product Advice,Product Advice,0,2025-12-26 17:24
SR506377,Returns & Replacement,Returns & Replacement,0,2025-12-27 08:53
SR506378,Billing,Billing,0,2025-12-27 00:33
SR506379,Product Advice,Product Advice,0,2025-12-27 06:33
SR506380,Repairs,Repairs,0,2025-12-27 04:05
SR506381,Returns & Replacement,Returns & Replacement,0,2025-12-26 20:52
SR506382,Billing,Billing,0,2025-12-26 22:15
SR506383,Repairs,Repairs,0,2025-12-26 20:40
SR506384,Warranty Claims,Warranty Claims,0,2025-12-27 04:43
SR506385,Consumables,Consumables,0,2025-12-27 05:37
SR506386,Product Advice,Product Advice,0,2025-12-27 00:06
SR506387,Installations,Installations,0,2025-12-27 07:12
SR506388,Repairs,Repairs,0,2025-12-27 13:56
SR506389,Returns & Replacement,Returns & Replacement,0,2025-12-27 11:31
SR506390,Repairs,Consumables,1,2025-12-27 21:24
SR506391,Repairs,Installations,1,2025-12-27 10:50
SR506392,Repairs,Returns & Replacement,2,2025-12-28 13:42
SR506393,Billing,Billing,0,2025-12-27 13:22
SR506394,Repairs,Repairs,0,2025-12-27 11:44
SR506395,Product Advice,Product Advice,0,2025-12-27 10:12
SR506396,Product Advice,Product Advice,0,2025-12-27 14:19
SR506397,Consumables,Consumables,0,2025-12-27 12:39
SR506398,Repairs,Repairs,0,2025-12-27 18:28
SR506399,Repairs,Consumables,1,2025-12-29 09:18
SR506400,Consumables,Consumables,0,2025-12-28 02:03
SR506401,Billing,Billing,0,2025-12-28 18:54
SR506402,Product Advice,Product Advice,0,2025-12-28 03:24
SR506403,Warranty Claims,Warranty Claims,0,2025-12-27 20:40
SR506404,Repairs,Repairs,0,2025-12-28 16:49
SR506405,Warranty Claims,Warranty Claims,0,2025-12-28 12:54
SR506406,Installations,Installations,0,2025-12-28 00:11
SR506407,Billing,Returns & Replacement,2,2025-12-28 23:05
SR506408,Returns & Replacement,Returns & Replacement,0,2025-12-28 18:23
SR506409,Repairs,Repairs,0,2025-12-28 05:08
SR506410,Billing,Warranty Claims,1,2025-12-28 06:16
SR506411,Installations,Installations,0,2025-12-29 01:44
SR506412,Billing,Warranty Claims,2,2025-12-29 14:14
SR506413,Installations,Installations,1,2025-12-28 14:51
SR506414,Warranty Claims,Warranty Claims,0,2025-12-28 09:25
SR506415,Returns & Replacement,Returns & Replacement,0,2025-12-29 02:10
SR506416,Returns & Replacement,Returns & Replacement,0,2025-12-28 06:51
SR506417,Repairs,Repairs,0,2025-12-28 07:17
SR506418,Repairs,Installations,1,2025-12-28 10:31
SR506419,Billing,Billing,0,2025-12-28 13:45
SR506420,Billing,Repairs,1,2025-12-29 10:32
SR506421,Installations,Installations,0,2025-12-28 16:44
SR506422,Repairs,Repairs,0,2025-12-28 18:15
SR506423,Billing,Repairs,2,2025-12-29 08:22
SR506424,Consumables,Consumables,0,2025-12-28 18:25
SR506425,Returns & Replacement,Returns & Replacement,0,2025-12-28 16:02
SR506426,Consumables,Consumables,0,2025-12-29 19:00
SR506427,Repairs,Billing,1,2025-12-29 05:25
SR506428,Repairs,Repairs,0,2025-12-28 23:06
SR506429,Product Advice,Product Advice,0,2025-12-30 09:22
SR506430,Consumables,Returns & Replacement,2,2026-01-02 06:08
SR506431,Consumables,Warranty Claims,1,2025-12-29 11:05
SR506432,Warranty Claims,Warranty Claims,0,2025-12-28 22:37
SR506433,Repairs,Repairs,0,2025-12-28 20:39
SR506434,Product Advice,Product Advice,1,2025-12-29 04:16
SR506435,Repairs,Repairs,0,2025-12-28 23:57
SR506436,Product Advice,Product Advice,0,2025-12-29 07:55
SR506437,Product Advice,Product Advice,0,2025-12-29 07:14
SR506438,Installations,Installations,0,2025-12-29 02:32
SR506439,Product Advice,Product Advice,0,2025-12-30 03:35
SR506440,Warranty Claims,Warranty Claims,0,2025-12-29 10:36
SR506441,Repairs,Repairs,0,2025-12-29 04:34
SR506442,Consumables,Consumables,0,2025-12-29 09:57
SR506443,Repairs,Repairs,0,2025-12-29 17:07
SR506444,Repairs,Repairs,0,2025-12-29 05:49
SR506445,Product Advice,Product Advice,0,2025-12-29 11:49
SR506446,Returns & Replacement,Returns & Replacement,0,2025-12-30 15:27
SR506447,Repairs,Repairs,0,2025-12-29 13:08
SR506448,Installations,Installations,0,2025-12-29 13:19
SR506449,Consumables,Consumables,0,2025-12-29 12:51
SR506450,Consumables,Consumables,0,2025-12-29 11:27
SR506451,Billing,Warranty Claims,1,2025-12-30 15:10
SR506452,Repairs,Repairs,0,2025-12-29 22:45
SR506453,Billing,Billing,0,2025-12-29 18:59
SR506454,Installations,Installations,0,2025-12-29 17:31
SR506455,Billing,Billing,0,2025-12-30 01:55
SR506456,Installations,Installations,0,2025-12-29 23:17
SR506457,Product Advice,Product Advice,0,2025-12-29 17:55
SR506458,Installations,Installations,0,2025-12-30 00:27
SR506459,Consumables,Repairs,1,2026-01-02 08:06
SR506460,Consumables,Consumables,0,2025-12-29 22:53
SR506461,Repairs,Repairs,0,2025-12-29 22:10
SR506462,Consumables,Repairs,2,2026-01-01 07:53
SR506463,Warranty Claims,Warranty Claims,0,2025-12-29 19:43
SR506464,Consumables,Consumables,0,2025-12-29 20:48
SR506465,Repairs,Repairs,0,2025-12-30 08:16
SR506466,Warranty Claims,Warranty Claims,0,2025-12-30 15:17
SR506467,Repairs,Warranty Claims,2,2025-12-30 15:04
SR506468,Repairs,Returns & Replacement,2,2025-12-30 19:13
SR506469,Consumables,Consumables,0,2025-12-30 01:06
SR506470,Returns & Replacement,Returns & Replacement,0,2025-12-30 03:03
SR506471,Billing,Billing,0,2025-12-30 08:15
SR506472,Product Advice,Product Advice,0,2025-12-30 09:44
SR506473,Warranty Claims,Warranty Claims,0,2025-12-30 03:50
SR506474,Repairs,Repairs,0,2025-12-31 22:46
SR506475,Billing,Billing,0,2025-12-30 12:52
SR506476,Consumables,Consumables,0,2025-12-30 11:59
SR506477,Repairs,Product Advice,1,2026-01-01 20:27
SR506478,Billing,Repairs,1,2025-12-30 12:36
SR506479,Warranty Claims,Warranty Claims,0,2025-12-30 10:43
SR506480,Warranty Claims,Warranty Claims,0,2025-12-30 13:51
SR506481,Repairs,Repairs,0,2025-12-30 12:18
SR506482,Repairs,Returns & Replacement,1,2026-01-01 21:37
SR506483,Product Advice,Product Advice,0,2025-12-30 19:25
SR506484,Returns & Replacement,Returns & Replacement,0,2025-12-31 10:33
SR506485,Consumables,Repairs,1,2025-12-30 21:41
SR506486,Product Advice,Product Advice,0,2025-12-31 08:05
SR506487,Repairs,Repairs,0,2025-12-30 18:38
SR506488,Consumables,Consumables,0,2025-12-31 13:26
SR506489,Consumables,Repairs,1,2025-12-31 02:02
SR506490,Installations,Installations,0,2025-12-31 05:14
SR506491,Consumables,Warranty Claims,1,2025-12-31 17:50
SR506492,Installations,Installations,0,2025-12-31 02:52
SR506493,Consumables,Consumables,0,2025-12-31 02:04
SR506494,Warranty Claims,Warranty Claims,0,2026-01-01 08:25
SR506495,Installations,Installations,0,2025-12-31 04:36
SR506496,Warranty Claims,Warranty Claims,0,2025-12-31 01:55
SR506497,Repairs,Consumables,1,2025-12-31 03:49
SR506498,Warranty Claims,Warranty Claims,0,2025-12-31 09:18
SR506499,Returns & Replacement,Returns & Replacement,0,2025-12-31 05:22
SR506500,Warranty Claims,Warranty Claims,0,2025-12-31 09:40
SR506501,Returns & Replacement,Returns & Replacement,0,2025-12-31 07:41
SR506502,Consumables,Returns & Replacement,2,2026-01-01 15:06
SR506503,Billing,Returns & Replacement,2,2025-12-31 11:45
SR506504,Consumables,Returns & Replacement,2,2026-01-01 03:33
SR506505,Repairs,Repairs,0,2025-12-31 15:00
SR506506,Billing,Billing,0,2025-12-31 11:03
SR506507,Billing,Billing,0,2025-12-31 08:45
SR506508,Returns & Replacement,Returns & Replacement,0,2025-12-31 12:48
SR506509,Repairs,Billing,1,2025-12-31 18:25
SR506510,Installations,Installations,0,2025-12-31 15:28
SR506511,Product Advice,Product Advice,0,2026-01-01 03:41
SR506512,Repairs,Repairs,0,2025-12-31 21:07
SR506513,Warranty Claims,Warranty Claims,0,2026-01-01 09:05
SR506514,Billing,Billing,0,2025-12-31 19:24
SR506515,Repairs,Repairs,0,2026-01-01 08:24
SR506516,Repairs,Returns & Replacement,0,2025-12-31 23:58
SR506517,Repairs,Repairs,0,2026-01-01 13:11
SR506518,Repairs,Repairs,0,2026-01-01 02:00
SR506519,Consumables,Repairs,1,2026-01-02 15:52
SR506520,Returns & Replacement,Returns & Replacement,0,2026-01-01 03:52
SR506521,Repairs,Consumables,1,2026-01-01 10:32
SR506522,Warranty Claims,Warranty Claims,0,2026-01-01 06:35
SR506523,Returns & Replacement,Returns & Replacement,1,2026-01-03 07:35
SR506524,Billing,Billing,0,2026-01-01 21:49
SR506525,Repairs,Repairs,0,2026-01-02 07:07
SR506526,Billing,Billing,0,2026-01-01 15:48
SR506527,Installations,Installations,0,2026-01-01 16:52
SR506528,Repairs,Repairs,0,2026-01-01 13:41
SR506529,Returns & Replacement,Returns & Replacement,0,2026-01-01 14:25
SR506530,Repairs,Repairs,0,2026-01-01 13:14
SR506531,Repairs,Repairs,0,2026-01-01 20:30
SR506532,Returns & Replacement,Returns & Replacement,0,2026-01-01 21:15
SR506533,Returns & Replacement,Returns & Replacement,0,2026-01-02 04:07
SR506534,Warranty Claims,Warranty Claims,0,2026-01-02 00:57
SR506535,Repairs,Repairs,0,2026-01-01 17:06
SR506536,Billing,Billing,0,2026-01-01 19:57
SR506537,Consumables,Consumables,0,2026-01-01 23:55
SR506538,Warranty Claims,Warranty Claims,0,2026-01-02 02:21
SR506539,Repairs,Repairs,0,2026-01-02 03:13
SR506540,Consumables,Consumables,0,2026-01-02 06:06
SR506541,Repairs,Returns & Replacement,2,2026-01-04 00:34
SR506542,Returns & Replacement,Returns & Replacement,0,2026-01-01 22:30
SR506543,Repairs,Repairs,0,2026-01-02 03:38
SR506544,Consumables,Consumables,0,2026-01-02 17:35
SR506545,Product Advice,Product Advice,0,2026-01-02 03:44
SR506546,Warranty Claims,Warranty Claims,0,2026-01-02 11:27
SR506547,Returns & Replacement,Returns & Replacement,0,2026-01-02 16:25
SR506548,Billing,Billing,0,2026-01-02 14:56
SR506549,Repairs,Warranty Claims,1,2026-01-03 06:34
SR506550,Repairs,Repairs,0,2026-01-03 20:40
SR506551,Warranty Claims,Warranty Claims,0,2026-01-02 11:07
SR506552,Repairs,Repairs,0,2026-01-02 08:24
SR506553,Consumables,Repairs,1,2026-01-02 13:29
SR506554,Returns & Replacement,Returns & Replacement,0,2026-01-02 13:54
SR506555,Product Advice,Product Advice,0,2026-01-02 18:49
SR506556,Repairs,Repairs,0,2026-01-02 15:44
SR506557,Product Advice,Product Advice,0,2026-01-02 22:22
SR506558,Warranty Claims,Warranty Claims,0,2026-01-03 12:38
SR506559,Product Advice,Product Advice,0,2026-01-02 15:33
SR506560,Installations,Installations,0,2026-01-02 15:14
SR506561,Product Advice,Product Advice,0,2026-01-02 20:13
SR506562,Consumables,Consumables,0,2026-01-03 02:57
SR506563,Returns & Replacement,Returns & Replacement,1,2026-01-02 14:48
SR506564,Billing,Billing,0,2026-01-03 07:49
SR506565,Repairs,Repairs,1,2026-01-02 16:30
SR506566,Repairs,Billing,2,2026-01-03 19:00
SR506567,Repairs,Consumables,2,2026-01-03 05:22
SR506568,Billing,Warranty Claims,2,2026-01-03 11:14
SR506569,Returns & Replacement,Returns & Replacement,0,2026-01-02 23:04
SR506570,Consumables,Consumables,0,2026-01-02 19:58
SR506571,Consumables,Consumables,0,2026-01-02 20:17
SR506572,Product Advice,Product Advice,0,2026-01-02 23:57
SR506573,Repairs,Consumables,1,2026-01-04 21:21
SR506574,Installations,Installations,0,2026-01-03 07:53
SR506575,Product Advice,Product Advice,0,2026-01-03 07:40
SR506576,Returns & Replacement,Consumables,2,2026-01-03 16:43
SR506577,Warranty Claims,Installations,0,2026-01-03 09:07
SR506578,Product Advice,Product Advice,0,2026-01-03 11:31
SR506579,Product Advice,Product Advice,0,2026-01-03 13:31
SR506580,Installations,Installations,0,2026-01-04 02:39
SR506581,Repairs,Repairs,0,2026-01-03 12:13
SR506582,Installations,Installations,0,2026-01-03 11:03
SR506583,Billing,Billing,0,2026-01-03 15:13
SR506584,Repairs,Repairs,0,2026-01-03 17:02
SR506585,Consumables,Consumables,0,2026-01-04 06:16
SR506586,Repairs,Repairs,0,2026-01-03 13:12
SR506587,Product Advice,Product Advice,0,2026-01-03 17:36
SR506588,Repairs,Repairs,0,2026-01-03 14:58
SR506589,Billing,Billing,0,2026-01-03 19:20
SR506590,Consumables,Consumables,0,2026-01-04 00:26
SR506591,Repairs,Repairs,0,2026-01-03 19:05
SR506592,Consumables,Repairs,2,2026-01-05 05:06
SR506593,Repairs,Warranty Claims,2,2026-01-03 20:57
SR506594,Consumables,Consumables,0,2026-01-04 15:00
SR506595,Consumables,Consumables,0,2026-01-03 20:19
SR506596,Repairs,Repairs,0,2026-01-03 18:38
SR506597,Repairs,Repairs,0,2026-01-03 22:18
SR506598,Repairs,Repairs,0,2026-01-04 09:06
SR506599,Repairs,Installations,2,2026-01-04 02:17
SR506600,Returns & Replacement,Returns & Replacement,0,2026-01-04 03:22
SR506601,Product Advice,Product Advice,0,2026-01-03 23:48
SR506602,Repairs,Repairs,0,2026-01-04 00:03
SR506603,Consumables,Repairs,1,2026-01-05 16:34
SR506604,Consumables,Consumables,0,2026-01-05 21:56
SR506605,Repairs,Returns & Replacement,1,2026-01-04 14:53
SR506606,Warranty Claims,Warranty Claims,0,2026-01-04 17:33
SR506607,Returns & Replacement,Returns & Replacement,0,2026-01-04 05:59
SR506608,Installations,Installations,0,2026-01-04 06:33
SR506609,Repairs,Repairs,0,2026-01-04 12:03
SR506610,Billing,Billing,0,2026-01-04 18:37
SR506611,Repairs,Repairs,0,2026-01-05 03:14
SR506612,Product Advice,Product Advice,0,2026-01-04 12:09
SR506613,Installations,Installations,0,2026-01-04 23:42
SR506614,Repairs,Product Advice,2,2026-01-07 11:17
SR506615,Product Advice,Product Advice,0,2026-01-05 03:25
SR506616,Repairs,Repairs,0,2026-01-05 00:32
SR506617,Billing,Billing,0,2026-01-05 05:13
SR506618,Returns & Replacement,Returns & Replacement,0,2026-01-04 21:00
SR506619,Product Advice,Product Advice,0,2026-01-05 10:38
SR506620,Product Advice,Product Advice,0,2026-01-05 03:47
SR506621,Installations,Installations,0,2026-01-05 06:18
SR506622,Billing,Billing,0,2026-01-05 12:14
SR506623,Billing,Billing,0,2026-01-04 20:59
SR506624,Installations,Installations,0,2026-01-04 21:44
SR506625,Billing,Billing,0,2026-01-05 06:14
SR506626,Warranty Claims,Warranty Claims,0,2026-01-04 20:56
SR506627,Product Advice,Product Advice,0,2026-01-05 10:22
SR506628,Billing,Returns & Replacement,1,2026-01-05 09:34
SR506629,Installations,Warranty Claims,0,2026-01-05 06:12
SR506630,Warranty Claims,Warranty Claims,0,2026-01-05 05:57
SR506631,Product Advice,Product Advice,0,2026-01-05 07:06
SR506632,Consumables,Consumables,0,2026-01-05 02:22
SR506633,Repairs,Billing,1,2026-01-06 21:27
SR506634,Billing,Billing,0,2026-01-05 06:24
SR506635,Repairs,Repairs,0,2026-01-05 11:37
SR506636,Warranty Claims,Warranty Claims,0,2026-01-05 14:11
SR506637,Consumables,Consumables,0,2026-01-05 11:39
SR506638,Billing,Warranty Claims,1,2026-01-06 01:20
SR506639,Installations,Installations,0,2026-01-05 22:52
SR506640,Repairs,Consumables,2,2026-01-09 05:23
SR506641,Warranty Claims,Warranty Claims,0,2026-01-07 09:14
SR506642,Product Advice,Product Advice,0,2026-01-05 19:47
SR506643,Consumables,Consumables,0,2026-01-05 20:04
SR506644,Warranty Claims,Warranty Claims,0,2026-01-06 03:53
SR506645,Repairs,Repairs,0,2026-01-05 23:50
SR506646,Warranty Claims,Warranty Claims,0,2026-01-05 21:34
SR506647,Product Advice,Product Advice,0,2026-01-05 23:13
SR506648,Repairs,Product Advice,1,2026-01-06 20:05
SR506649,Billing,Billing,0,2026-01-06 06:55
SR506650,Product Advice,Product Advice,0,2026-01-06 10:05
SR506651,Repairs,Installations,2,2026-01-07 10:46
SR506652,Consumables,Consumables,0,2026-01-06 00:17
SR506653,Repairs,Repairs,0,2026-01-06 02:06
SR506654,Consumables,Consumables,0,2026-01-06 08:13
SR506655,Billing,Billing,0,2026-01-06 14:27
SR506656,Repairs,Repairs,0,2026-01-06 19:32
SR506657,Returns & Replacement,Returns & Replacement,0,2026-01-06 20:28
SR506658,Consumables,Consumables,0,2026-01-06 09:50
SR506659,Warranty Claims,Warranty Claims,0,2026-01-06 12:07
SR506660,Installations,Installations,0,2026-01-06 10:34
SR506661,Warranty Claims,Warranty Claims,0,2026-01-07 03:08
SR506662,Billing,Billing,0,2026-01-06 13:52
SR506663,Product Advice,Product Advice,0,2026-01-06 19:57
SR506664,Repairs,Consumables,2,2026-01-06 14:15
SR506665,Warranty Claims,Warranty Claims,0,2026-01-06 15:46
SR506666,Billing,Billing,0,2026-01-07 02:19
SR506667,Product Advice,Product Advice,0,2026-01-06 22:42
SR506668,Product Advice,Product Advice,0,2026-01-06 15:02
SR506669,Consumables,Consumables,0,2026-01-06 23:19
SR506670,Consumables,Warranty Claims,1,2026-01-07 04:10
SR506671,Warranty Claims,Warranty Claims,0,2026-01-06 23:04
SR506672,Warranty Claims,Warranty Claims,0,2026-01-07 04:13
SR506673,Repairs,Repairs,0,2026-01-07 00:13
SR506674,Warranty Claims,Warranty Claims,0,2026-01-07 01:49
SR506675,Installations,Installations,0,2026-01-07 03:39
SR506676,Repairs,Repairs,0,2026-01-07 02:02
SR506677,Warranty Claims,Warranty Claims,0,2026-01-07 15:38
SR506678,Repairs,Repairs,0,2026-01-07 07:24
SR506679,Consumables,Consumables,0,2026-01-07 21:45
SR506680,Billing,Billing,0,2026-01-07 17:33
SR506681,Repairs,Repairs,0,2026-01-07 09:25
SR506682,Repairs,Repairs,0,2026-01-07 08:27
SR506683,Installations,Installations,0,2026-01-07 13:55
SR506684,Installations,Installations,0,2026-01-07 20:46
SR506685,Repairs,Repairs,0,2026-01-08 16:18
SR506686,Billing,Warranty Claims,2,2026-01-08 09:55
SR506687,Repairs,Repairs,0,2026-01-08 11:12
SR506688,Repairs,Repairs,0,2026-01-07 22:13
SR506689,Repairs,Repairs,0,2026-01-08 03:00
SR506690,Repairs,Repairs,0,2026-01-08 03:41
SR506691,Repairs,Warranty Claims,1,2026-01-08 05:20
SR506692,Returns & Replacement,Returns & Replacement,0,2026-01-08 12:11
SR506693,Warranty Claims,Warranty Claims,0,2026-01-08 12:48
SR506694,Product Advice,Product Advice,0,2026-01-08 16:38
SR506695,Consumables,Returns & Replacement,2,2026-01-08 07:00
SR506696,Repairs,Repairs,0,2026-01-08 09:39
SR506697,Warranty Claims,Warranty Claims,0,2026-01-08 16:55
SR506698,Repairs,Repairs,1,2026-01-08 09:51
SR506699,Returns & Replacement,Returns & Replacement,0,2026-01-09 07:02
SR506700,Billing,Returns & Replacement,1,2026-01-08 12:27
SR506701,Billing,Billing,0,2026-01-08 16:10
SR506702,Repairs,Repairs,1,2026-01-08 15:52
SR506703,Product Advice,Product Advice,0,2026-01-08 14:25
SR506704,Repairs,Repairs,0,2026-01-08 23:34
SR506705,Returns & Replacement,Returns & Replacement,0,2026-01-09 03:09
SR506706,Billing,Billing,0,2026-01-09 01:18
SR506707,Billing,Billing,0,2026-01-09 05:36
SR506708,Repairs,Consumables,1,2026-01-09 13:28
SR506709,Billing,Billing,0,2026-01-09 03:47
SR506710,Installations,Installations,0,2026-01-09 08:56
SR506711,Repairs,Installations,2,2026-01-09 17:34
SR506712,Repairs,Repairs,0,2026-01-09 09:01
SR506713,Product Advice,Product Advice,0,2026-01-09 05:24
SR506714,Warranty Claims,Warranty Claims,0,2026-01-09 17:19
SR506715,Billing,Billing,0,2026-01-09 14:01
SR506716,Billing,Billing,0,2026-01-09 09:24
SR506717,Repairs,Consumables,1,2026-01-12 02:42
SR506718,Billing,Warranty Claims,1,2026-01-09 12:43
SR506719,Billing,Warranty Claims,1,2026-01-10 05:48
SR506720,Repairs,Repairs,0,2026-01-09 13:16
SR506721,Repairs,Repairs,0,2026-01-09 17:50
SR506722,Returns & Replacement,Returns & Replacement,0,2026-01-09 20:48
SR506723,Repairs,Repairs,0,2026-01-09 16:51
SR506724,Repairs,Repairs,0,2026-01-11 02:31
SR506725,Installations,Installations,0,2026-01-09 21:15
SR506726,Billing,Billing,0,2026-01-09 23:27
SR506727,Repairs,Repairs,0,2026-01-10 06:13
SR506728,Repairs,Repairs,0,2026-01-10 10:23
SR506729,Billing,Warranty Claims,2,2026-01-11 02:00
SR506730,Repairs,Returns & Replacement,2,2026-01-10 13:44
SR506731,Warranty Claims,Warranty Claims,0,2026-01-10 18:29
SR506732,Consumables,Consumables,0,2026-01-10 02:26
SR506733,Warranty Claims,Warranty Claims,0,2026-01-10 08:33
SR506734,Installations,Installations,0,2026-01-10 05:24
SR506735,Billing,Returns & Replacement,1,2026-01-10 06:08
SR506736,Returns & Replacement,Returns & Replacement,1,2026-01-10 08:02
SR506737,Returns & Replacement,Returns & Replacement,0,2026-01-10 04:21
SR506738,Returns & Replacement,Returns & Replacement,0,2026-01-10 09:56
SR506739,Installations,Installations,0,2026-01-10 23:14
SR506740,Repairs,Repairs,0,2026-01-10 09:38
SR506741,Returns & Replacement,Returns & Replacement,0,2026-01-10 13:08
SR506742,Consumables,Repairs,1,2026-01-11 11:48
SR506743,Repairs,Repairs,0,2026-01-10 14:04
SR506744,Installations,Installations,0,2026-01-11 04:33
SR506745,Repairs,Repairs,0,2026-01-10 17:20
SR506746,Billing,Billing,0,2026-01-10 20:27
SR506747,Product Advice,Product Advice,0,2026-01-10 23:09
SR506748,Consumables,Consumables,0,2026-01-10 20:24
SR506749,Returns & Replacement,Returns & Replacement,0,2026-01-11 12:05
SR506750,Billing,Returns & Replacement,1,2026-01-12 00:55
SR506751,Billing,Installations,1,2026-01-11 02:46
SR506752,Product Advice,Product Advice,0,2026-01-11 02:17
SR506753,Consumables,Billing,2,2026-01-11 02:15
SR506754,Repairs,Returns & Replacement,2,2026-01-11 23:57
SR506755,Repairs,Warranty Claims,2,2026-01-11 07:00
SR506756,Repairs,Repairs,0,2026-01-11 06:27
SR506757,Warranty Claims,Warranty Claims,0,2026-01-11 12:24
SR506758,Warranty Claims,Warranty Claims,0,2026-01-11 06:21
SR506759,Product Advice,Product Advice,0,2026-01-11 20:25
SR506760,Billing,Billing,0,2026-01-11 18:24
SR506761,Repairs,Warranty Claims,1,2026-01-12 15:18
SR506762,Billing,Billing,0,2026-01-11 16:11
SR506763,Returns & Replacement,Returns & Replacement,0,2026-01-12 07:25
SR506764,Billing,Billing,0,2026-01-11 22:40
SR506765,Repairs,Repairs,0,2026-01-11 16:44
SR506766,Warranty Claims,Warranty Claims,1,2026-01-11 18:01
SR506767,Billing,Billing,0,2026-01-12 05:13
SR506768,Warranty Claims,Warranty Claims,1,2026-01-12 10:41
SR506769,Returns & Replacement,Returns & Replacement,0,2026-01-12 03:26
SR506770,Billing,Returns & Replacement,1,2026-01-12 03:32
SR506771,Product Advice,Product Advice,0,2026-01-12 22:39
SR506772,Product Advice,Product Advice,0,2026-01-11 23:06
SR506773,Repairs,Repairs,0,2026-01-12 02:38
SR506774,Warranty Claims,Warranty Claims,0,2026-01-11 23:57
SR506775,Repairs,Returns & Replacement,1,2026-01-12 12:07
SR506776,Billing,Warranty Claims,1,2026-01-12 09:25
SR506777,Installations,Installations,0,2026-01-12 05:50
SR506778,Billing,Billing,0,2026-01-12 04:51
SR506779,Repairs,Billing,2,2026-01-13 02:56
SR506780,Billing,Billing,0,2026-01-12 10:52
SR506781,Repairs,Repairs,0,2026-01-12 16:37
SR506782,Repairs,Repairs,0,2026-01-12 04:01
SR506783,Returns & Replacement,Returns & Replacement,0,2026-01-12 06:03
SR506784,Repairs,Repairs,0,2026-01-12 09:16
SR506785,Warranty Claims,Warranty Claims,0,2026-01-12 07:54
SR506786,Warranty Claims,Warranty Claims,0,2026-01-12 07:32
SR506787,Repairs,Repairs,0,2026-01-12 10:44
SR506788,Installations,Installations,0,2026-01-12 15:10
SR506789,Billing,Warranty Claims,2,2026-01-12 19:39
SR506790,Product Advice,Product Advice,0,2026-01-13 04:04
SR506791,Installations,Installations,0,2026-01-14 03:49
SR506792,Warranty Claims,Warranty Claims,1,2026-01-13 01:36
SR506793,Consumables,Repairs,1,2026-01-12 20:38
SR506794,Repairs,Repairs,0,2026-01-13 04:16
SR506795,Warranty Claims,Warranty Claims,0,2026-01-13 23:05
SR506796,Repairs,Repairs,0,2026-01-12 20:18
SR506797,Billing,Installations,2,2026-01-13 18:52
SR506798,Product Advice,Product Advice,0,2026-01-12 23:08
SR506799,Repairs,Repairs,0,2026-01-13 02:09
SR506800,Consumables,Consumables,0,2026-01-12 19:24
SR506801,Product Advice,Product Advice,0,2026-01-13 03:01
SR506802,Product Advice,Product Advice,0,2026-01-14 06:51
SR506803,Consumables,Consumables,0,2026-01-12 23:51
SR506804,Repairs,Consumables,2,2026-01-15 15:09
SR506805,Consumables,Consumables,0,2026-01-12 21:14
SR506806,Repairs,Repairs,0,2026-01-13 08:21
SR506807,Warranty Claims,Warranty Claims,0,2026-01-13 02:02
SR506808,Repairs,Repairs,0,2026-01-13 16:23
SR506809,Repairs,Product Advice,1,2026-01-13 09:31
SR506810,Warranty Claims,Warranty Claims,0,2026-01-13 15:49
SR506811,Repairs,Product Advice,2,2026-01-13 08:49
SR506812,Repairs,Repairs,0,2026-01-13 04:24
SR506813,Product Advice,Product Advice,0,2026-01-14 22:16
SR506814,Consumables,Consumables,0,2026-01-13 11:53
SR506815,Returns & Replacement,Returns & Replacement,1,2026-01-13 14:43
SR506816,Consumables,Consumables,0,2026-01-13 15:08
SR506817,Repairs,Installations,1,2026-01-14 08:09
SR506818,Repairs,Repairs,0,2026-01-13 13:54
SR506819,Consumables,Repairs,2,2026-01-15 13:20
SR506820,Product Advice,Product Advice,0,2026-01-13 15:26
SR506821,Repairs,Repairs,0,2026-01-13 21:27
SR506822,Repairs,Repairs,0,2026-01-13 22:36
SR506823,Product Advice,Product Advice,0,2026-01-14 00:09
SR506824,Repairs,Repairs,0,2026-01-14 01:32
SR506825,Repairs,Warranty Claims,1,2026-01-15 16:19
SR506826,Returns & Replacement,Returns & Replacement,0,2026-01-13 23:47
SR506827,Billing,Returns & Replacement,2,2026-01-14 15:43
SR506828,Warranty Claims,Warranty Claims,0,2026-01-14 03:10
SR506829,Installations,Installations,0,2026-01-14 05:45
SR506830,Billing,Repairs,2,2026-01-14 11:23
SR506831,Consumables,Consumables,0,2026-01-14 07:37
SR506832,Repairs,Repairs,0,2026-01-15 06:39
SR506833,Billing,Billing,0,2026-01-14 04:50
SR506834,Installations,Installations,0,2026-01-14 10:47
SR506835,Repairs,Repairs,0,2026-01-14 18:34
SR506836,Consumables,Consumables,0,2026-01-14 17:17
SR506837,Repairs,Repairs,0,2026-01-15 02:24
SR506838,Returns & Replacement,Returns & Replacement,0,2026-01-14 10:26
SR506839,Repairs,Warranty Claims,1,2026-01-14 13:11
SR506840,Returns & Replacement,Returns & Replacement,0,2026-01-14 13:59
SR506841,Billing,Billing,0,2026-01-14 19:34
SR506842,Consumables,Repairs,1,2026-01-16 03:08
SR506843,Installations,Installations,0,2026-01-15 06:21
SR506844,Product Advice,Product Advice,0,2026-01-14 15:34
SR506845,Repairs,Repairs,0,2026-01-14 17:37
SR506846,Billing,Billing,0,2026-01-15 11:43
SR506847,Billing,Billing,0,2026-01-15 01:09
SR506848,Product Advice,Product Advice,0,2026-01-14 17:09
SR506849,Repairs,Repairs,0,2026-01-14 20:29
SR506850,Repairs,Installations,1,2026-01-15 01:19
SR506851,Installations,Installations,0,2026-01-15 11:14
SR506852,Repairs,Installations,1,2026-01-15 09:01
SR506853,Consumables,Consumables,0,2026-01-14 23:14
SR506854,Billing,Installations,2,2026-01-15 19:16
SR506855,Repairs,Installations,1,2026-01-17 00:59
SR506856,Billing,Billing,0,2026-01-15 15:10
SR506857,Repairs,Product Advice,1,2026-01-15 15:24
SR506858,Returns & Replacement,Returns & Replacement,0,2026-01-15 08:55
SR506859,Repairs,Repairs,0,2026-01-15 09:43
SR506860,Repairs,Repairs,0,2026-01-15 20:13
SR506861,Billing,Billing,0,2026-01-16 03:01
SR506862,Repairs,Repairs,0,2026-01-15 12:55
SR506863,Returns & Replacement,Returns & Replacement,0,2026-01-15 20:00
SR506864,Billing,Billing,0,2026-01-16 17:17
SR506865,Filters & Consumables,Filters & Consumables,0,2026-01-15 19:12
SR506866,Filters & Consumables,Repairs,1,2026-01-16 04:19
SR506867,Repairs,Repairs,0,2026-01-16 02:32
SR506868,Installs & Demo,Installs & Demo,0,2026-01-15 22:38
SR506869,Repairs,Returns & Replacement,2,2026-01-16 17:03
SR506870,Warranty Claims,Warranty Claims,0,2026-01-16 03:34
SR506871,Filters & Consumables,Filters & Consumables,0,2026-01-16 06:48
SR506872,Returns & Replacement,Returns & Replacement,0,2026-01-16 07:48
SR506873,Repairs,Returns & Replacement,2,2026-01-18 11:46
SR506874,Filters & Consumables,Billing,2,2026-01-24 18:48
SR506875,Billing,Billing,0,2026-01-17 23:47
SR506876,Repairs,Repairs,0,2026-01-16 09:33
SR506877,Product Advice,Product Advice,0,2026-01-17 00:31
SR506878,Returns & Replacement,Returns & Replacement,0,2026-01-17 05:05
SR506879,Installs & Demo,Installs & Demo,0,2026-01-16 23:18
SR506880,Filters & Consumables,Filters & Consumables,0,2026-01-16 21:15
SR506881,Installs & Demo,Installs & Demo,0,2026-01-16 15:50
SR506882,Installs & Demo,Installs & Demo,1,2026-01-18 04:54
SR506883,Product Advice,Product Advice,0,2026-01-17 03:25
SR506884,Repairs,Installs & Demo,1,2026-01-18 09:36
SR506885,Filters & Consumables,Filters & Consumables,1,2026-01-16 18:16
SR506886,Repairs,Repairs,0,2026-01-17 04:27
SR506887,Repairs,Repairs,0,2026-01-16 21:35
SR506888,Repairs,Warranty Claims,2,2026-01-16 22:52
SR506889,Product Advice,Product Advice,0,2026-01-17 01:09
SR506890,Repairs,Repairs,0,2026-01-17 09:19
SR506891,Filters & Consumables,Filters & Consumables,0,2026-01-17 01:41
SR506892,Repairs,Repairs,0,2026-01-16 21:19
SR506893,Installs & Demo,Installs & Demo,0,2026-01-17 08:42
SR506894,Billing,Billing,0,2026-01-17 03:55
SR506895,Installs & Demo,Installs & Demo,0,2026-01-17 02:40
SR506896,Product Advice,Product Advice,0,2026-01-17 04:53
SR506897,Repairs,Product Advice,2,2026-01-18 02:42
SR506898,Repairs,Repairs,0,2026-01-17 16:48
SR506899,Billing,Billing,0,2026-01-17 18:17
SR506900,Product Advice,Product Advice,0,2026-01-17 13:20
SR506901,Repairs,Repairs,1,2026-01-17 19:30
SR506902,Installs & Demo,Installs & Demo,0,2026-01-18 11:16
SR506903,Product Advice,Product Advice,0,2026-01-18 04:44
SR506904,Repairs,Repairs,0,2026-01-19 00:04
SR506905,Returns & Replacement,Returns & Replacement,0,2026-01-18 04:24
SR506906,Repairs,Warranty Claims,2,2026-01-18 04:54
SR506907,Filters & Consumables,Filters & Consumables,0,2026-01-18 17:26
SR506908,Filters & Consumables,Repairs,2,2026-01-18 12:56
SR506909,Returns & Replacement,Returns & Replacement,0,2026-01-17 22:31
SR506910,Product Advice,Product Advice,0,2026-01-18 04:19
SR506911,Repairs,Filters & Consumables,1,2026-01-18 23:12
SR506912,Product Advice,Product Advice,0,2026-01-18 05:41
SR506913,Installs & Demo,Installs & Demo,0,2026-01-18 09:33
SR506914,Repairs,Installs & Demo,2,2026-01-18 22:40
SR506915,Repairs,Returns & Replacement,1,2026-01-18 21:05
SR506916,Returns & Replacement,Returns & Replacement,0,2026-01-18 04:25
SR506917,Billing,Billing,0,2026-01-18 06:45
SR506918,Filters & Consumables,Billing,1,2026-01-19 20:54
SR506919,Warranty Claims,Warranty Claims,0,2026-01-18 21:47
SR506920,Product Advice,Product Advice,0,2026-01-19 02:33
SR506921,Filters & Consumables,Filters & Consumables,0,2026-01-18 13:23
SR506922,Returns & Replacement,Returns & Replacement,0,2026-01-20 02:46
SR506923,Returns & Replacement,Returns & Replacement,0,2026-01-18 16:34
SR506924,Billing,Installs & Demo,1,2026-01-19 01:34
SR506925,Repairs,Repairs,0,2026-01-19 15:38
SR506926,Billing,Billing,0,2026-01-19 18:56
SR506927,Repairs,Billing,2,2026-01-18 22:43
SR506928,Product Advice,Product Advice,0,2026-01-18 18:47
SR506929,Filters & Consumables,Filters & Consumables,0,2026-01-18 20:43
SR506930,Warranty Claims,Warranty Claims,0,2026-01-18 23:49
SR506931,Filters & Consumables,Filters & Consumables,0,2026-01-19 03:05
SR506932,Billing,Billing,0,2026-01-18 22:48
SR506933,Repairs,Repairs,0,2026-01-19 05:30
SR506934,Returns & Replacement,Returns & Replacement,0,2026-01-19 08:24
SR506935,Warranty Claims,Warranty Claims,0,2026-01-19 10:01
SR506936,Billing,Repairs,2,2026-01-19 19:12
SR506937,Returns & Replacement,Returns & Replacement,0,2026-01-19 18:42
SR506938,Repairs,Filters & Consumables,1,2026-01-19 13:32
SR506939,Filters & Consumables,Filters & Consumables,0,2026-01-20 08:49
SR506940,Installs & Demo,Installs & Demo,0,2026-01-20 17:59
SR506941,Product Advice,Product Advice,0,2026-01-20 00:41
SR506942,Product Advice,Product Advice,0,2026-01-21 03:02
SR506943,Filters & Consumables,Repairs,1,2026-01-20 01:53
SR506944,Installs & Demo,Installs & Demo,0,2026-01-20 07:39
SR506945,Warranty Claims,Warranty Claims,0,2026-01-20 20:28
SR506946,Filters & Consumables,Returns & Replacement,1,2026-01-20 02:56
SR506947,Filters & Consumables,Warranty Claims,2,2026-01-20 18:22
SR506948,Product Advice,Product Advice,0,2026-01-20 11:54
SR506949,Returns & Replacement,Returns & Replacement,0,2026-01-20 01:48
SR506950,Returns & Replacement,Returns & Replacement,0,2026-01-21 15:06
SR506951,Product Advice,Product Advice,0,2026-01-20 03:54
SR506952,Repairs,Repairs,0,2026-01-20 03:54
SR506953,Installs & Demo,Installs & Demo,0,2026-01-20 17:09
SR506954,Product Advice,Product Advice,0,2026-01-20 04:31
SR506955,Returns & Replacement,Returns & Replacement,0,2026-01-21 10:51
SR506956,Repairs,Repairs,0,2026-01-20 13:02
SR506957,Billing,Billing,0,2026-01-20 15:26
SR506958,Billing,Repairs,2,2026-01-21 01:26
SR506959,Returns & Replacement,Returns & Replacement,0,2026-01-22 09:29
SR506960,Warranty Claims,Returns & Replacement,0,2026-01-20 10:33
SR506961,Installs & Demo,Installs & Demo,0,2026-01-20 15:49
SR506962,Returns & Replacement,Returns & Replacement,0,2026-01-20 12:30
SR506963,Repairs,Warranty Claims,2,2026-01-20 15:01
SR506964,Filters & Consumables,Repairs,1,2026-01-20 17:39
SR506965,Installs & Demo,Installs & Demo,0,2026-01-20 17:29
SR506966,Warranty Claims,Warranty Claims,0,2026-01-21 13:31
SR506967,Billing,Billing,0,2026-01-21 04:39
SR506968,Installs & Demo,Installs & Demo,0,2026-01-21 13:03
SR506969,Repairs,Repairs,0,2026-01-21 17:57
SR506970,Product Advice,Product Advice,0,2026-01-21 05:34
SR506971,Billing,Installs & Demo,2,2026-01-21 17:38
SR506972,Repairs,Repairs,0,2026-01-22 23:27
SR506973,Warranty Claims,Warranty Claims,0,2026-01-21 23:10
SR506974,Repairs,Billing,2,2026-01-22 09:18
SR506975,Installs & Demo,Installs & Demo,0,2026-01-21 06:00
SR506976,Warranty Claims,Warranty Claims,0,2026-01-21 03:39
SR506977,Billing,Warranty Claims,1,2026-01-21 08:36
SR506978,Returns & Replacement,Returns & Replacement,0,2026-01-21 05:22
SR506979,Warranty Claims,Warranty Claims,0,2026-01-21 06:40
SR506980,Product Advice,Product Advice,0,2026-01-21 12:30
SR506981,Installs & Demo,Installs & Demo,0,2026-01-21 12:55
SR506982,Warranty Claims,Warranty Claims,0,2026-01-21 20:56
SR506983,Repairs,Warranty Claims,1,2026-01-22 02:11
SR506984,Billing,Billing,0,2026-01-21 09:43
SR506985,Repairs,Repairs,0,2026-01-21 10:06
SR506986,Repairs,Repairs,0,2026-01-21 13:29
SR506987,Repairs,Billing,2,2026-01-23 09:56
SR506988,Warranty Claims,Warranty Claims,0,2026-01-21 14:49
SR506989,Filters & Consumables,Repairs,1,2026-01-21 21:50
SR506990,Filters & Consumables,Billing,1,2026-01-22 03:58
SR506991,Repairs,Repairs,0,2026-01-21 13:07
SR506992,Warranty Claims,Warranty Claims,0,2026-01-23 04:40
SR506993,Installs & Demo,Installs & Demo,0,2026-01-22 08:33
SR506994,Product Advice,Product Advice,0,2026-01-21 15:45
SR506995,Returns & Replacement,Returns & Replacement,0,2026-01-21 15:34
SR506996,Warranty Claims,Warranty Claims,0,2026-01-21 15:49
SR506997,Filters & Consumables,Filters & Consumables,0,2026-01-22 22:18
SR506998,Filters & Consumables,Filters & Consumables,0,2026-01-22 01:25
SR506999,Warranty Claims,Warranty Claims,0,2026-01-22 06:16
SR507000,Product Advice,Product Advice,0,2026-01-22 01:04
SR507001,Repairs,Repairs,0,2026-01-22 05:37
SR507002,Billing,Billing,0,2026-01-22 03:12
SR507003,Warranty Claims,Warranty Claims,0,2026-01-22 14:14
SR507004,Returns & Replacement,Returns & Replacement,0,2026-01-22 05:59
SR507005,Filters & Consumables,Filters & Consumables,0,2026-01-22 06:09
SR507006,Product Advice,Product Advice,0,2026-01-22 04:58
SR507007,Repairs,Installs & Demo,1,2026-01-23 10:47
SR507008,Product Advice,Product Advice,1,2026-01-23 01:40
SR507009,Repairs,Repairs,0,2026-01-22 16:39
SR507010,Returns & Replacement,Returns & Replacement,0,2026-01-22 10:24
SR507011,Warranty Claims,Warranty Claims,0,2026-01-22 17:35
SR507012,Filters & Consumables,Filters & Consumables,0,2026-01-22 16:28
SR507013,Product Advice,Product Advice,0,2026-01-22 15:42
SR507014,Returns & Replacement,Returns & Replacement,0,2026-01-22 19:23
SR507015,Billing,Billing,0,2026-01-22 14:45
SR507016,Installs & Demo,Installs & Demo,0,2026-01-22 18:22
SR507017,Repairs,Repairs,0,2026-01-22 21:39
SR507018,Filters & Consumables,Repairs,2,2026-01-23 02:08
SR507019,Repairs,Installs & Demo,2,2026-01-23 10:37
SR507020,Repairs,Repairs,0,2026-01-22 23:56
SR507021,Filters & Consumables,Returns & Replacement,2,2026-01-23 09:34
SR507022,Repairs,Repairs,0,2026-01-23 11:51
SR507023,Product Advice,Product Advice,0,2026-01-23 19:28
SR507024,Product Advice,Product Advice,0,2026-01-23 02:02
SR507025,Repairs,Repairs,0,2026-01-22 23:38
SR507026,Product Advice,Product Advice,1,2026-01-23 04:15
SR507027,Installs & Demo,Installs & Demo,0,2026-01-23 06:50
SR507028,Repairs,Returns & Replacement,2,2026-01-24 10:30
SR507029,Filters & Consumables,Filters & Consumables,0,2026-01-23 10:46
SR507030,Returns & Replacement,Returns & Replacement,0,2026-01-23 09:25
SR507031,Repairs,Repairs,0,2026-01-23 08:56
SR507032,Returns & Replacement,Returns & Replacement,0,2026-01-23 12:31
SR507033,Warranty Claims,Warranty Claims,0,2026-01-23 19:15
SR507034,Installs & Demo,Installs & Demo,0,2026-01-23 14:13
SR507035,Repairs,Repairs,0,2026-01-24 01:11
SR507036,Installs & Demo,Installs & Demo,0,2026-01-23 15:01
SR507037,Warranty Claims,Warranty Claims,0,2026-01-24 11:45
SR507038,Filters & Consumables,Filters & Consumables,0,2026-01-23 18:16
SR507039,Billing,Warranty Claims,2,2026-01-26 07:03
SR507040,Installs & Demo,Installs & Demo,0,2026-01-23 18:39
SR507041,Installs & Demo,Installs & Demo,0,2026-01-24 04:07
SR507042,Billing,Billing,0,2026-01-23 22:09
SR507043,Repairs,Repairs,0,2026-01-24 04:47
SR507044,Repairs,Repairs,0,2026-01-23 21:01
SR507045,Billing,Billing,0,2026-01-24 04:19
SR507046,Repairs,Repairs,0,2026-01-24 01:00
SR507047,Product Advice,Product Advice,0,2026-01-23 23:39
SR507048,Repairs,Billing,1,2026-01-24 12:06
SR507049,Returns & Replacement,Returns & Replacement,0,2026-01-24 01:27
SR507050,Filters & Consumables,Filters & Consumables,0,2026-01-24 23:32
SR507051,Warranty Claims,Warranty Claims,0,2026-01-24 10:43
SR507052,Warranty Claims,Warranty Claims,0,2026-01-24 19:41
SR507053,Filters & Consumables,Installs & Demo,2,2026-01-24 18:16
SR507054,Billing,Returns & Replacement,1,2026-01-24 18:55
SR507055,Product Advice,Product Advice,0,2026-01-24 11:21
SR507056,Product Advice,Product Advice,0,2026-01-24 08:05
SR507057,Product Advice,Product Advice,0,2026-01-25 12:20
SR507058,Installs & Demo,Installs & Demo,0,2026-01-24 13:08
SR507059,Repairs,Repairs,0,2026-01-24 16:58
SR507060,Installs & Demo,Installs & Demo,0,2026-01-24 21:28
SR507061,Warranty Claims,Warranty Claims,0,2026-01-25 16:07
SR507062,Warranty Claims,Warranty Claims,0,2026-01-24 21:20
SR507063,Repairs,Installs & Demo,2,2026-01-25 19:34
SR507064,Filters & Consumables,Repairs,1,2026-01-25 03:00
SR507065,Filters & Consumables,Filters & Consumables,0,2026-01-25 19:32
SR507066,Billing,Billing,0,2026-01-25 04:26
SR507067,Filters & Consumables,Filters & Consumables,0,2026-01-25 04:40
SR507068,Billing,Warranty Claims,2,2026-01-25 18:36
SR507069,Repairs,Billing,1,2026-01-25 07:37
SR507070,Warranty Claims,Warranty Claims,0,2026-01-25 03:36
SR507071,Billing,Billing,0,2026-01-25 06:43
SR507072,Product Advice,Product Advice,0,2026-01-26 05:04
SR507073,Billing,Filters & Consumables,1,2026-01-25 15:50
SR507074,Billing,Billing,0,2026-01-25 11:54
SR507075,Repairs,Repairs,0,2026-01-25 15:25
SR507076,Warranty Claims,Warranty Claims,0,2026-01-25 11:45
SR507077,Product Advice,Product Advice,0,2026-01-26 02:29
SR507078,Warranty Claims,Warranty Claims,0,2026-01-25 13:17
SR507079,Repairs,Repairs,0,2026-01-25 13:19
SR507080,Billing,Billing,0,2026-01-25 14:04
SR507081,Returns & Replacement,Warranty Claims,1,2026-01-25 20:28
SR507082,Returns & Replacement,Returns & Replacement,0,2026-01-25 23:44
SR507083,Billing,Returns & Replacement,1,2026-01-26 00:51
SR507084,Repairs,Billing,1,2026-01-26 05:04
SR507085,Repairs,Repairs,0,2026-01-26 11:38
SR507086,Warranty Claims,Filters & Consumables,1,2026-01-26 09:52
SR507087,Product Advice,Product Advice,0,2026-01-26 18:11
SR507088,Warranty Claims,Warranty Claims,0,2026-01-26 06:54
SR507089,Installs & Demo,Installs & Demo,0,2026-01-27 03:11
SR507090,Repairs,Installs & Demo,2,2026-01-30 07:01
SR507091,Product Advice,Product Advice,0,2026-01-26 09:07
SR507092,Repairs,Returns & Replacement,1,2026-01-26 11:03
SR507093,Returns & Replacement,Returns & Replacement,0,2026-01-26 17:35
SR507094,Repairs,Repairs,0,2026-01-26 08:15
SR507095,Installs & Demo,Installs & Demo,0,2026-01-26 14:18
SR507096,Installs & Demo,Installs & Demo,0,2026-01-26 21:59
SR507097,Billing,Billing,0,2026-01-26 22:17
SR507098,Installs & Demo,Installs & Demo,0,2026-01-28 01:49
SR507099,Filters & Consumables,Filters & Consumables,1,2026-01-27 12:55
SR507100,Repairs,Repairs,0,2026-01-26 22:26
SR507101,Billing,Repairs,2,2026-01-27 05:06
SR507102,Installs & Demo,Installs & Demo,0,2026-01-27 08:46
SR507103,Returns & Replacement,Returns & Replacement,0,2026-01-26 23:28
SR507104,Warranty Claims,Warranty Claims,0,2026-01-27 10:58
SR507105,Filters & Consumables,Filters & Consumables,0,2026-01-27 10:14
SR507106,Product Advice,Product Advice,0,2026-01-27 01:20
SR507107,Product Advice,Product Advice,1,2026-01-27 08:25
SR507108,Filters & Consumables,Repairs,1,2026-01-27 08:07
SR507109,Product Advice,Product Advice,0,2026-01-27 10:35
SR507110,Repairs,Repairs,0,2026-01-27 07:29
SR507111,Billing,Returns & Replacement,0,2026-01-27 19:25
SR507112,Filters & Consumables,Filters & Consumables,0,2026-01-27 09:45
SR507113,Filters & Consumables,Filters & Consumables,0,2026-01-27 16:05
SR507114,Repairs,Billing,2,2026-01-27 21:35
SR507115,Filters & Consumables,Filters & Consumables,0,2026-01-28 02:15
SR507116,Repairs,Warranty Claims,1,2026-01-28 03:13
SR507117,Returns & Replacement,Product Advice,2,2026-01-27 23:44
SR507118,Product Advice,Product Advice,0,2026-01-27 15:23
SR507119,Repairs,Repairs,0,2026-01-27 15:26
SR507120,Filters & Consumables,Filters & Consumables,0,2026-01-28 02:35
SR507121,Repairs,Repairs,0,2026-01-27 15:13
SR507122,Repairs,Repairs,0,2026-01-27 21:02
SR507123,Returns & Replacement,Returns & Replacement,0,2026-01-27 22:47
SR507124,Repairs,Repairs,0,2026-01-28 01:09
SR507125,Product Advice,Product Advice,0,2026-01-31 09:20
SR507126,Returns & Replacement,Returns & Replacement,0,2026-01-28 04:00
SR507127,Repairs,Repairs,0,2026-01-28 18:46
SR507128,Returns & Replacement,Returns & Replacement,0,2026-01-28 02:30
SR507129,Repairs,Filters & Consumables,1,2026-01-28 02:18
SR507130,Filters & Consumables,Filters & Consumables,0,2026-01-28 22:15
SR507131,Product Advice,Product Advice,0,2026-01-28 08:37
SR507132,Billing,Billing,0,2026-01-28 05:48
SR507133,Billing,Returns & Replacement,2,2026-01-28 08:26
SR507134,Billing,Repairs,1,2026-01-28 12:57
SR507135,Installs & Demo,Installs & Demo,0,2026-01-28 13:42
SR507136,Repairs,Installs & Demo,1,2026-01-29 04:00
SR507137,Repairs,Filters & Consumables,2,2026-01-30 15:12
SR507138,Repairs,Repairs,0,2026-01-28 10:17
SR507139,Repairs,Billing,1,2026-01-28 13:22
SR507140,Filters & Consumables,Installs & Demo,1,2026-01-29 08:25
SR507141,Returns & Replacement,Returns & Replacement,1,2026-01-29 05:58
SR507142,Billing,Warranty Claims,1,2026-01-28 13:01
SR507143,Repairs,Returns & Replacement,2,2026-01-31 07:40
SR507144,Filters & Consumables,Repairs,1,2026-01-29 11:08
SR507145,Repairs,Repairs,0,2026-01-29 00:12
SR507146,Filters & Consumables,Filters & Consumables,0,2026-01-28 14:09
SR507147,Returns & Replacement,Returns & Replacement,0,2026-01-30 05:32
SR507148,Installs & Demo,Installs & Demo,1,2026-01-28 18:10
SR507149,Repairs,Returns & Replacement,1,2026-01-29 00:38
SR507150,Installs & Demo,Installs & Demo,0,2026-01-29 03:07
SR507151,Repairs,Repairs,0,2026-01-29 21:52
SR507152,Product Advice,Product Advice,0,2026-01-28 23:06
SR507153,Billing,Billing,0,2026-01-29 01:19
SR507154,Filters & Consumables,Repairs,2,2026-01-29 21:07
SR507155,Installs & Demo,Installs & Demo,0,2026-01-29 01:52
SR507156,Filters & Consumables,Filters & Consumables,0,2026-01-28 23:05
SR507157,Returns & Replacement,Returns & Replacement,0,2026-01-29 03:38
SR507158,Billing,Billing,0,2026-01-29 05:05
SR507159,Filters & Consumables,Repairs,2,2026-01-29 13:10
SR507160,Repairs,Repairs,0,2026-01-29 18:07
SR507161,Filters & Consumables,Filters & Consumables,0,2026-01-29 10:28
SR507162,Repairs,Repairs,0,2026-01-29 07:56
SR507163,Installs & Demo,Installs & Demo,1,2026-01-29 09:50
SR507164,Billing,Billing,0,2026-01-30 18:18
SR507165,Repairs,Installs & Demo,1,2026-01-29 10:40
SR507166,Repairs,Installs & Demo,2,2026-01-30 10:29
SR507167,Billing,Repairs,2,2026-01-29 16:12
SR507168,Billing,Billing,0,2026-01-29 14:56
SR507169,Billing,Warranty Claims,1,2026-01-29 13:23
SR507170,Filters & Consumables,Filters & Consumables,0,2026-01-30 04:28
SR507171,Billing,Billing,0,2026-01-29 17:05
SR507172,Product Advice,Product Advice,0,2026-01-29 16:54
SR507173,Filters & Consumables,Repairs,1,2026-01-29 17:49
SR507174,Installs & Demo,Installs & Demo,0,2026-01-29 20:39
SR507175,Billing,Billing,0,2026-01-29 19:01
SR507176,Returns & Replacement,Returns & Replacement,0,2026-01-29 19:51
SR507177,Repairs,Repairs,0,2026-01-30 01:06
SR507178,Repairs,Installs & Demo,2,2026-01-30 09:35
SR507179,Billing,Billing,0,2026-01-30 08:27
SR507180,Returns & Replacement,Returns & Replacement,0,2026-01-29 22:21
SR507181,Product Advice,Product Advice,0,2026-01-29 23:14
SR507182,Installs & Demo,Product Advice,1,2026-01-30 06:04
SR507183,Product Advice,Product Advice,0,2026-01-30 14:39
SR507184,Filters & Consumables,Filters & Consumables,0,2026-01-30 04:32
SR507185,Warranty Claims,Warranty Claims,0,2026-01-30 16:17
SR507186,Installs & Demo,Installs & Demo,0,2026-01-30 04:54
SR507187,Repairs,Repairs,0,2026-01-31 23:14
SR507188,Filters & Consumables,Filters & Consumables,0,2026-01-30 16:06
SR507189,Returns & Replacement,Returns & Replacement,0,2026-01-30 18:00
SR507190,Billing,Repairs,2,2026-01-30 16:14
SR507191,Installs & Demo,Installs & Demo,0,2026-01-30 11:49
SR507192,Repairs,Installs & Demo,1,2026-01-31 01:08
SR507193,Repairs,Installs & Demo,2,2026-02-03 17:44
SR507194,Installs & Demo,Installs & Demo,0,2026-01-30 13:08
SR507195,Repairs,Repairs,0,2026-01-30 11:01
SR507196,Returns & Replacement,Returns & Replacement,0,2026-01-30 19:06
SR507197,Filters & Consumables,Filters & Consumables,0,2026-01-30 20:16
SR507198,Billing,Filters & Consumables,1,2026-02-03 02:24
SR507199,Repairs,Repairs,0,2026-01-30 15:44
SR507200,Filters & Consumables,Billing,2,2026-01-31 21:37
SR507201,Billing,Billing,0,2026-01-30 19:15
SR507202,Repairs,Repairs,0,2026-01-30 21:03
SR507203,Returns & Replacement,Returns & Replacement,1,2026-01-30 18:45
SR507204,Repairs,Repairs,0,2026-01-31 04:54
SR507205,Billing,Returns & Replacement,2,2026-02-01 17:15
SR507206,Returns & Replacement,Returns & Replacement,0,2026-01-31 10:22
SR507207,Installs & Demo,Installs & Demo,0,2026-01-31 10:53
SR507208,Billing,Installs & Demo,2,2026-01-31 16:25
SR507209,Repairs,Repairs,0,2026-01-31 11:48
SR507210,Filters & Consumables,Filters & Consumables,0,2026-02-02 05:15
SR507211,Repairs,Repairs,1,2026-01-31 16:36
SR507212,Filters & Consumables,Repairs,2,2026-02-01 05:22
SR507213,Installs & Demo,Installs & Demo,0,2026-01-31 19:09
SR507214,Repairs,Repairs,0,2026-01-31 14:11
SR507215,Billing,Billing,0,2026-01-31 13:12
SR507216,Installs & Demo,Installs & Demo,0,2026-02-01 04:02
SR507217,Repairs,Repairs,0,2026-01-31 20:44
SR507218,Warranty Claims,Warranty Claims,0,2026-02-01 10:17
SR507219,Billing,Installs & Demo,1,2026-02-01 22:55
SR507220,Filters & Consumables,Filters & Consumables,0,2026-02-01 00:15
SR507221,Installs & Demo,Installs & Demo,0,2026-02-02 04:45
SR507222,Warranty Claims,Warranty Claims,0,2026-02-01 05:35
SR507223,Billing,Billing,0,2026-02-01 16:56
SR507224,Returns & Replacement,Returns & Replacement,0,2026-02-01 05:33
SR507225,Installs & Demo,Installs & Demo,0,2026-02-01 07:17
SR507226,Installs & Demo,Installs & Demo,0,2026-02-01 12:32
SR507227,Returns & Replacement,Returns & Replacement,0,2026-02-02 03:40
SR507228,Repairs,Repairs,0,2026-02-02 01:19
SR507229,Installs & Demo,Installs & Demo,0,2026-02-02 15:24
SR507230,Billing,Billing,0,2026-02-01 13:46
SR507231,Returns & Replacement,Returns & Replacement,0,2026-02-01 12:15
SR507232,Warranty Claims,Warranty Claims,0,2026-02-01 19:36
SR507233,Filters & Consumables,Filters & Consumables,0,2026-02-02 04:59
SR507234,Filters & Consumables,Product Advice,2,2026-02-02 04:34
SR507235,Product Advice,Product Advice,0,2026-02-02 23:30
SR507236,Repairs,Billing,2,2026-02-02 22:12
SR507237,Repairs,Warranty Claims,2,2026-02-02 04:03
SR507238,Product Advice,Product Advice,0,2026-02-01 18:49
SR507239,Repairs,Repairs,0,2026-02-01 17:40
SR507240,Filters & Consumables,Filters & Consumables,0,2026-02-01 22:09
SR507241,Repairs,Repairs,1,2026-02-01 22:36
SR507242,Billing,Billing,0,2026-02-05 14:04
SR507243,Repairs,Warranty Claims,1,2026-02-02 08:19
SR507244,Billing,Warranty Claims,1,2026-02-02 08:34
SR507245,Filters & Consumables,Filters & Consumables,0,2026-02-03 04:59
SR507246,Repairs,Product Advice,2,2026-02-02 11:17
SR507247,Returns & Replacement,Returns & Replacement,0,2026-02-02 05:16
SR507248,Repairs,Repairs,0,2026-02-01 23:06
SR507249,Billing,Billing,0,2026-02-02 00:59
SR507250,Installs & Demo,Installs & Demo,0,2026-02-01 21:21
SR507251,Billing,Billing,0,2026-02-02 03:12
SR507252,Billing,Billing,0,2026-02-02 02:04
SR507253,Filters & Consumables,Filters & Consumables,0,2026-02-02 04:09
SR507254,Product Advice,Product Advice,0,2026-02-02 10:12
SR507255,Product Advice,Product Advice,0,2026-02-02 09:32
SR507256,Billing,Billing,0,2026-02-02 09:09
SR507257,Installs & Demo,Installs & Demo,0,2026-02-02 13:58
SR507258,Product Advice,Product Advice,0,2026-02-02 07:41
SR507259,Billing,Installs & Demo,2,2026-02-02 13:51
SR507260,Repairs,Repairs,0,2026-02-03 03:33
SR507261,Repairs,Repairs,0,2026-02-03 07:52
SR507262,Returns & Replacement,Returns & Replacement,0,2026-02-03 03:35
SR507263,Returns & Replacement,Returns & Replacement,0,2026-02-02 11:38
SR507264,Repairs,Product Advice,1,2026-02-03 05:33
SR507265,Billing,Billing,0,2026-02-02 13:38
SR507266,Installs & Demo,Filters & Consumables,1,2026-02-02 17:53
SR507267,Repairs,Filters & Consumables,2,2026-02-03 17:38
SR507268,Warranty Claims,Warranty Claims,0,2026-02-02 18:09
SR507269,Billing,Repairs,1,2026-02-02 22:50
SR507270,Repairs,Returns & Replacement,0,2026-02-02 22:30
SR507271,Repairs,Repairs,0,2026-02-02 22:07
SR507272,Repairs,Product Advice,1,2026-02-03 10:54
SR507273,Billing,Billing,0,2026-02-03 19:16
SR507274,Billing,Repairs,1,2026-02-03 21:10
SR507275,Installs & Demo,Installs & Demo,0,2026-02-03 10:45
SR507276,Product Advice,Product Advice,0,2026-02-03 06:18
SR507277,Installs & Demo,Installs & Demo,0,2026-02-03 00:44
SR507278,Repairs,Warranty Claims,1,2026-02-04 05:37
SR507279,Billing,Billing,0,2026-02-04 07:03
SR507280,Installs & Demo,Installs & Demo,0,2026-02-03 17:34
SR507281,Product Advice,Product Advice,0,2026-02-03 14:27
SR507282,Billing,Installs & Demo,2,2026-02-04 21:05
SR507283,Filters & Consumables,Filters & Consumables,0,2026-02-03 12:46
SR507284,Filters & Consumables,Filters & Consumables,0,2026-02-03 18:54
SR507285,Returns & Replacement,Returns & Replacement,0,2026-02-04 23:25
SR507286,Billing,Installs & Demo,1,2026-02-03 22:18
SR507287,Repairs,Repairs,0,2026-02-04 21:01
SR507288,Product Advice,Product Advice,0,2026-02-03 15:12
SR507289,Filters & Consumables,Repairs,1,2026-02-04 01:37
SR507290,Billing,Billing,0,2026-02-03 20:22
SR507291,Warranty Claims,Warranty Claims,0,2026-02-03 19:52
SR507292,Product Advice,Product Advice,0,2026-02-04 08:09
SR507293,Billing,Billing,0,2026-02-04 02:19
SR507294,Filters & Consumables,Filters & Consumables,0,2026-02-03 22:54
SR507295,Returns & Replacement,Returns & Replacement,0,2026-02-04 01:15
SR507296,Returns & Replacement,Returns & Replacement,0,2026-02-04 00:21
SR507297,Returns & Replacement,Returns & Replacement,0,2026-02-04 03:46
SR507298,Warranty Claims,Warranty Claims,0,2026-02-03 23:00
SR507299,Installs & Demo,Installs & Demo,0,2026-02-04 10:38
SR507300,Billing,Billing,0,2026-02-03 22:45
SR507301,Billing,Billing,0,2026-02-04 00:05
SR507302,Billing,Billing,0,2026-02-04 19:32
SR507303,Filters & Consumables,Billing,0,2026-02-04 00:01
SR507304,Returns & Replacement,Returns & Replacement,0,2026-02-04 08:48
SR507305,Repairs,Repairs,0,2026-02-04 03:34
SR507306,Repairs,Returns & Replacement,2,2026-02-05 01:23
SR507307,Warranty Claims,Warranty Claims,0,2026-02-05 05:10
SR507308,Returns & Replacement,Returns & Replacement,0,2026-02-04 08:27
SR507309,Filters & Consumables,Installs & Demo,1,2026-02-04 14:14
SR507310,Warranty Claims,Warranty Claims,0,2026-02-04 08:12
SR507311,Product Advice,Product Advice,0,2026-02-04 12:50
SR507312,Filters & Consumables,Filters & Consumables,0,2026-02-04 11:28
SR507313,Billing,Warranty Claims,2,2026-02-04 09:29
SR507314,Warranty Claims,Warranty Claims,0,2026-02-04 06:52
SR507315,Repairs,Warranty Claims,1,2026-02-04 08:59
SR507316,Repairs,Product Advice,1,2026-02-04 19:50
SR507317,Product Advice,Product Advice,0,2026-02-04 11:48
SR507318,Product Advice,Product Advice,0,2026-02-04 12:39
SR507319,Warranty Claims,Warranty Claims,0,2026-02-04 16:42
SR507320,Installs & Demo,Installs & Demo,0,2026-02-04 18:05
SR507321,Repairs,Repairs,0,2026-02-05 00:19
SR507322,Filters & Consumables,Repairs,1,2026-02-05 07:22
SR507323,Billing,Billing,1,2026-02-05 01:21
SR507324,Product Advice,Warranty Claims,1,2026-02-07 05:30
SR507325,Filters & Consumables,Filters & Consumables,0,2026-02-06 03:36
SR507326,Installs & Demo,Installs & Demo,0,2026-02-05 10:25
SR507327,Warranty Claims,Warranty Claims,0,2026-02-05 22:31
SR507328,Installs & Demo,Installs & Demo,0,2026-02-05 09:52
SR507329,Billing,Returns & Replacement,2,2026-02-07 00:33
SR507330,Returns & Replacement,Returns & Replacement,0,2026-02-05 09:08
SR507331,Repairs,Product Advice,1,2026-02-06 06:25
SR507332,Product Advice,Product Advice,0,2026-02-05 10:03
SR507333,Installs & Demo,Installs & Demo,0,2026-02-05 15:33
SR507334,Warranty Claims,Warranty Claims,0,2026-02-05 08:51
SR507335,Installs & Demo,Installs & Demo,0,2026-02-06 04:28
SR507336,Repairs,Repairs,0,2026-02-05 23:35
SR507337,Installs & Demo,Installs & Demo,0,2026-02-05 17:37
SR507338,Warranty Claims,Warranty Claims,0,2026-02-05 20:28
SR507339,Returns & Replacement,Returns & Replacement,0,2026-02-06 03:59
SR507340,Repairs,Billing,1,2026-02-07 05:32
SR507341,Repairs,Repairs,1,2026-02-05 15:13
SR507342,Repairs,Repairs,0,2026-02-05 17:34
SR507343,Repairs,Billing,1,2026-02-06 14:10
SR507344,Installs & Demo,Installs & Demo,0,2026-02-06 22:06
SR507345,Filters & Consumables,Filters & Consumables,0,2026-02-05 22:54
SR507346,Filters & Consumables,Filters & Consumables,0,2026-02-07 06:10
SR507347,Repairs,Returns & Replacement,1,2026-02-06 11:36
SR507348,Repairs,Billing,1,2026-02-06 07:46
SR507349,Returns & Replacement,Returns & Replacement,0,2026-02-06 21:35
SR507350,Installs & Demo,Installs & Demo,0,2026-02-06 20:19
SR507351,Returns & Replacement,Returns & Replacement,0,2026-02-06 12:09
SR507352,Installs & Demo,Installs & Demo,0,2026-02-07 23:46
SR507353,Warranty Claims,Warranty Claims,0,2026-02-06 06:48
SR507354,Repairs,Repairs,0,2026-02-07 04:15
SR507355,Returns & Replacement,Returns & Replacement,0,2026-02-06 11:12
SR507356,Returns & Replacement,Returns & Replacement,0,2026-02-07 09:03
SR507357,Billing,Billing,0,2026-02-06 14:04
SR507358,Warranty Claims,Warranty Claims,0,2026-02-06 16:04
SR507359,Repairs,Installs & Demo,1,2026-02-07 23:57
SR507360,Warranty Claims,Warranty Claims,0,2026-02-07 13:35
SR507361,Repairs,Repairs,0,2026-02-06 15:41
SR507362,Installs & Demo,Installs & Demo,0,2026-02-07 06:30
SR507363,Warranty Claims,Warranty Claims,0,2026-02-06 22:15
SR507364,Repairs,Repairs,0,2026-02-06 18:26
SR507365,Returns & Replacement,Returns & Replacement,0,2026-02-07 06:57
SR507366,Billing,Returns & Replacement,1,2026-02-07 19:53
SR507367,Repairs,Filters & Consumables,2,2026-02-08 05:04
SR507368,Installs & Demo,Installs & Demo,0,2026-02-07 02:27
SR507369,Repairs,Installs & Demo,2,2026-02-07 12:20
SR507370,Repairs,Billing,2,2026-02-07 10:46
SR507371,Repairs,Billing,1,2026-02-10 22:59
SR507372,Filters & Consumables,Filters & Consumables,0,2026-02-07 04:45
SR507373,Billing,Billing,0,2026-02-07 04:47
SR507374,Repairs,Returns & Replacement,2,2026-02-07 12:56
SR507375,Warranty Claims,Warranty Claims,0,2026-02-08 02:54
SR507376,Repairs,Repairs,0,2026-02-07 20:21
SR507377,Filters & Consumables,Repairs,2,2026-02-09 02:37
SR507378,Filters & Consumables,Filters & Consumables,0,2026-02-07 17:58
SR507379,Billing,Billing,0,2026-02-07 13:11
SR507380,Billing,Billing,0,2026-02-07 17:55
SR507381,Product Advice,Installs & Demo,2,2026-02-08 10:54
SR507382,Billing,Billing,0,2026-02-07 22:52
SR507383,Repairs,Repairs,0,2026-02-08 01:30
SR507384,Installs & Demo,Installs & Demo,0,2026-02-08 05:38
SR507385,Repairs,Repairs,0,2026-02-07 23:23
SR507386,Repairs,Filters & Consumables,2,2026-02-08 08:01
SR507387,Billing,Billing,0,2026-02-08 04:17
SR507388,Repairs,Repairs,0,2026-02-08 05:11
SR507389,Product Advice,Product Advice,0,2026-02-08 14:23
SR507390,Product Advice,Product Advice,1,2026-02-10 10:40
SR507391,Billing,Returns & Replacement,2,2026-02-08 18:09
SR507392,Returns & Replacement,Returns & Replacement,0,2026-02-08 05:01
SR507393,Repairs,Billing,2,2026-02-08 18:29
SR507394,Installs & Demo,Installs & Demo,0,2026-02-08 06:42
SR507395,Repairs,Repairs,0,2026-02-08 10:52
SR507396,Warranty Claims,Warranty Claims,0,2026-02-08 15:19
SR507397,Product Advice,Product Advice,0,2026-02-08 10:53
SR507398,Repairs,Filters & Consumables,2,2026-02-09 00:31
SR507399,Repairs,Product Advice,2,2026-02-08 21:01
SR507400,Repairs,Repairs,0,2026-02-08 19:50
SR507401,Returns & Replacement,Returns & Replacement,0,2026-02-09 06:45
SR507402,Repairs,Repairs,0,2026-02-09 06:20
SR507403,Product Advice,Product Advice,0,2026-02-08 22:56
SR507404,Filters & Consumables,Billing,1,2026-02-10 13:25
SR507405,Repairs,Returns & Replacement,2,2026-02-09 19:10
SR507406,Repairs,Filters & Consumables,1,2026-02-09 03:29
SR507407,Repairs,Product Advice,2,2026-02-12 05:14
SR507408,Returns & Replacement,Returns & Replacement,0,2026-02-09 14:48
SR507409,Repairs,Repairs,0,2026-02-09 06:06
SR507410,Returns & Replacement,Returns & Replacement,0,2026-02-09 05:46
SR507411,Warranty Claims,Warranty Claims,0,2026-02-09 15:47
SR507412,Warranty Claims,Warranty Claims,0,2026-02-09 17:33
SR507413,Billing,Billing,0,2026-02-09 06:32
SR507414,Product Advice,Product Advice,0,2026-02-10 04:18
SR507415,Warranty Claims,Warranty Claims,0,2026-02-10 11:09
SR507416,Filters & Consumables,Filters & Consumables,0,2026-02-09 18:14
SR507417,Product Advice,Product Advice,1,2026-02-09 15:42
SR507418,Billing,Billing,0,2026-02-09 17:43
SR507419,Returns & Replacement,Returns & Replacement,0,2026-02-09 13:40
SR507420,Returns & Replacement,Returns & Replacement,0,2026-02-09 21:40
SR507421,Repairs,Filters & Consumables,1,2026-02-11 03:21
SR507422,Repairs,Product Advice,1,2026-02-09 11:39
SR507423,Product Advice,Product Advice,0,2026-02-09 18:42
SR507424,Billing,Warranty Claims,1,2026-02-09 23:33
SR507425,Warranty Claims,Warranty Claims,0,2026-02-10 13:18
SR507426,Installs & Demo,Installs & Demo,0,2026-02-10 04:02
SR507427,Warranty Claims,Warranty Claims,0,2026-02-09 19:09
SR507428,Repairs,Repairs,0,2026-02-10 01:13
SR507429,Warranty Claims,Warranty Claims,0,2026-02-10 04:54
SR507430,Repairs,Repairs,0,2026-02-09 21:46
SR507431,Warranty Claims,Warranty Claims,0,2026-02-09 18:44
SR507432,Billing,Billing,0,2026-02-10 00:14
SR507433,Returns & Replacement,Returns & Replacement,0,2026-02-09 23:38
SR507434,Installs & Demo,Installs & Demo,1,2026-02-10 09:55
SR507435,Repairs,Product Advice,1,2026-02-11 22:40
SR507436,Product Advice,Warranty Claims,1,2026-02-10 01:10
SR507437,Product Advice,Product Advice,0,2026-02-11 00:16
SR507438,Installs & Demo,Product Advice,2,2026-02-10 06:42
SR507439,Repairs,Warranty Claims,2,2026-02-13 01:22
SR507440,Product Advice,Product Advice,0,2026-02-10 05:37
SR507441,Repairs,Billing,2,2026-02-10 19:46
SR507442,Repairs,Repairs,0,2026-02-10 12:25
SR507443,Warranty Claims,Warranty Claims,0,2026-02-10 11:43
SR507444,Billing,Billing,0,2026-02-10 18:03
SR507445,Repairs,Billing,1,2026-02-10 16:17
SR507446,Warranty Claims,Warranty Claims,0,2026-02-10 16:42
SR507447,Repairs,Repairs,1,2026-02-10 18:46
SR507448,Returns & Replacement,Returns & Replacement,0,2026-02-11 04:37
SR507449,Filters & Consumables,Installs & Demo,2,2026-02-12 01:02
SR507450,Returns & Replacement,Returns & Replacement,0,2026-02-10 15:29
SR507451,Repairs,Installs & Demo,2,2026-02-12 22:49
SR507452,Repairs,Repairs,0,2026-02-10 23:44
SR507453,Billing,Installs & Demo,1,2026-02-10 18:21
SR507454,Repairs,Repairs,0,2026-02-11 01:36
SR507455,Product Advice,Product Advice,0,2026-02-11 02:22
SR507456,Filters & Consumables,Filters & Consumables,0,2026-02-11 22:49
SR507457,Repairs,Repairs,0,2026-02-11 10:53
SR507458,Billing,Installs & Demo,1,2026-02-11 11:54
SR507459,Installs & Demo,Installs & Demo,0,2026-02-11 10:49
SR507460,Repairs,Repairs,0,2026-02-11 07:31
SR507461,Repairs,Repairs,0,2026-02-11 08:21
SR507462,Installs & Demo,Installs & Demo,0,2026-02-11 11:44
SR507463,Installs & Demo,Installs & Demo,0,2026-02-11 08:43
SR507464,Repairs,Returns & Replacement,1,2026-02-11 09:11
SR507465,Filters & Consumables,Filters & Consumables,0,2026-02-11 12:11
SR507466,Product Advice,Product Advice,0,2026-02-12 07:10
SR507467,Repairs,Filters & Consumables,2,2026-02-15 03:39
SR507468,Warranty Claims,Warranty Claims,0,2026-02-11 21:06
SR507469,Repairs,Billing,1,2026-02-12 08:58
SR507470,Installs & Demo,Installs & Demo,0,2026-02-11 10:52
SR507471,Billing,Repairs,2,2026-02-12 21:38
SR507472,Repairs,Repairs,0,2026-02-11 14:41
SR507473,Repairs,Repairs,0,2026-02-12 19:19
SR507474,Billing,Returns & Replacement,2,2026-02-12 00:17
SR507475,Filters & Consumables,Filters & Consumables,0,2026-02-12 01:21
SR507476,Filters & Consumables,Repairs,2,2026-02-12 01:33
SR507477,Installs & Demo,Filters & Consumables,1,2026-02-12 17:23
SR507478,Repairs,Repairs,0,2026-02-12 06:01
SR507479,Repairs,Repairs,0,2026-02-12 17:08
SR507480,Repairs,Repairs,0,2026-02-12 11:04
SR507481,Repairs,Warranty Claims,2,2026-02-13 01:16
SR507482,Filters & Consumables,Filters & Consumables,0,2026-02-12 00:35
SR507483,Filters & Consumables,Installs & Demo,2,2026-02-12 17:31
SR507484,Warranty Claims,Warranty Claims,0,2026-02-12 10:12
SR507485,Filters & Consumables,Filters & Consumables,0,2026-02-12 13:25
SR507486,Repairs,Repairs,1,2026-02-13 21:08
SR507487,Repairs,Billing,2,2026-02-12 19:16
SR507488,Installs & Demo,Installs & Demo,0,2026-02-12 22:18
SR507489,Repairs,Product Advice,2,2026-02-13 04:06
SR507490,Product Advice,Product Advice,0,2026-02-12 14:50
SR507491,Repairs,Warranty Claims,2,2026-02-15 16:22
SR507492,Product Advice,Product Advice,0,2026-02-12 18:46
SR507493,Filters & Consumables,Filters & Consumables,0,2026-02-13 14:59
SR507494,Product Advice,Warranty Claims,1,2026-02-12 21:39
SR507495,Filters & Consumables,Repairs,1,2026-02-13 01:12
SR507496,Filters & Consumables,Filters & Consumables,0,2026-02-13 04:52
SR507497,Repairs,Warranty Claims,2,2026-02-13 15:46
SR507498,Billing,Billing,1,2026-02-13 18:13
SR507499,Repairs,Warranty Claims,1,2026-02-13 04:14
SR507500,Billing,Returns & Replacement,2,2026-02-13 20:47
SR507501,Warranty Claims,Warranty Claims,0,2026-02-13 04:30
SR507502,Repairs,Repairs,0,2026-02-13 00:53
SR507503,Billing,Billing,0,2026-02-13 11:00
SR507504,Repairs,Repairs,1,2026-02-14 02:56
SR507505,Installs & Demo,Installs & Demo,0,2026-02-13 06:48
SR507506,Filters & Consumables,Billing,2,2026-02-16 04:09
SR507507,Product Advice,Product Advice,0,2026-02-13 14:35
SR507508,Repairs,Billing,2,2026-02-13 14:10
SR507509,Repairs,Product Advice,1,2026-02-13 20:17
SR507510,Returns & Replacement,Returns & Replacement,0,2026-02-13 17:33
SR507511,Billing,Billing,0,2026-02-13 15:43
SR507512,Installs & Demo,Installs & Demo,0,2026-02-14 00:48
SR507513,Returns & Replacement,Returns & Replacement,0,2026-02-13 16:34
SR507514,Repairs,Repairs,0,2026-02-13 21:33
SR507515,Repairs,Repairs,0,2026-02-14 00:42
SR507516,Returns & Replacement,Returns & Replacement,0,2026-02-14 16:47
SR507517,Product Advice,Product Advice,0,2026-02-15 07:32
SR507518,Repairs,Repairs,0,2026-02-14 00:00
SR507519,Repairs,Repairs,0,2026-02-13 22:00
SR507520,Installs & Demo,Installs & Demo,0,2026-02-14 09:04
SR507521,Warranty Claims,Warranty Claims,0,2026-02-14 13:47
SR507522,Product Advice,Product Advice,0,2026-02-14 04:42
SR507523,Product Advice,Product Advice,0,2026-02-14 06:14
SR507524,Repairs,Repairs,0,2026-02-15 00:39
SR507525,Billing,Warranty Claims,1,2026-02-14 09:35
SR507526,Billing,Billing,0,2026-02-14 13:26
SR507527,Billing,Billing,0,2026-02-14 10:55
SR507528,Returns & Replacement,Returns & Replacement,0,2026-02-14 10:59
SR507529,Repairs,Returns & Replacement,1,2026-02-15 17:34
SR507530,Repairs,Installs & Demo,1,2026-02-14 15:14
SR507531,Returns & Replacement,Returns & Replacement,0,2026-02-15 01:04
SR507532,Warranty Claims,Warranty Claims,0,2026-02-14 10:06
SR507533,Filters & Consumables,Filters & Consumables,0,2026-02-14 19:57
SR507534,Installs & Demo,Installs & Demo,0,2026-02-14 20:50
SR507535,Billing,Billing,0,2026-02-14 14:41
SR507536,Filters & Consumables,Filters & Consumables,0,2026-02-14 15:44
SR507537,Returns & Replacement,Returns & Replacement,0,2026-02-14 12:54
SR507538,Returns & Replacement,Returns & Replacement,0,2026-02-15 08:08
SR507539,Filters & Consumables,Repairs,2,2026-02-15 04:01
SR507540,Filters & Consumables,Filters & Consumables,0,2026-02-16 17:41
SR507541,Product Advice,Product Advice,0,2026-02-15 00:22
SR507542,Repairs,Filters & Consumables,1,2026-02-15 00:50
SR507543,Billing,Billing,0,2026-02-15 02:55
SR507544,Repairs,Repairs,0,2026-02-14 18:43
SR507545,Repairs,Repairs,0,2026-02-15 00:38
SR507546,Billing,Billing,0,2026-02-15 03:02
SR507547,Warranty Claims,Warranty Claims,0,2026-02-15 04:53
SR507548,Billing,Billing,0,2026-02-15 03:45
SR507549,Installs & Demo,Installs & Demo,0,2026-02-15 07:04
SR507550,Warranty Claims,Warranty Claims,0,2026-02-15 03:49
SR507551,Returns & Replacement,Returns & Replacement,0,2026-02-16 15:18
SR507552,Installs & Demo,Installs & Demo,0,2026-02-15 17:44
SR507553,Repairs,Repairs,0,2026-02-15 07:50
SR507554,Filters & Consumables,Filters & Consumables,0,2026-02-15 06:37
SR507555,Billing,Returns & Replacement,1,2026-02-15 03:36
SR507556,Repairs,Repairs,0,2026-02-15 10:29
SR507557,Returns & Replacement,Returns & Replacement,0,2026-02-15 08:07
SR507558,Installs & Demo,Installs & Demo,0,2026-02-15 11:35
SR507559,Filters & Consumables,Filters & Consumables,0,2026-02-15 09:01
SR507560,Filters & Consumables,Installs & Demo,1,2026-02-16 01:51
SR507561,Filters & Consumables,Repairs,1,2026-02-15 17:57
SR507562,Repairs,Repairs,0,2026-02-15 07:27
SR507563,Repairs,Billing,1,2026-02-15 10:00
SR507564,Billing,Billing,0,2026-02-15 19:02
SR507565,Filters & Consumables,Filters & Consumables,0,2026-02-16 05:22
SR507566,Filters & Consumables,Warranty Claims,1,2026-02-15 16:44
SR507567,Installs & Demo,Installs & Demo,0,2026-02-15 13:16
SR507568,Repairs,Repairs,0,2026-02-15 17:26
SR507569,Product Advice,Product Advice,0,2026-02-15 15:52
SR507570,Returns & Replacement,Returns & Replacement,0,2026-02-16 01:14
SR507571,Product Advice,Product Advice,0,2026-02-15 14:44
SR507572,Installs & Demo,Installs & Demo,0,2026-02-15 20:30
SR507573,Warranty Claims,Warranty Claims,0,2026-02-16 01:20
SR507574,Product Advice,Product Advice,0,2026-02-16 04:31
SR507575,Product Advice,Product Advice,1,2026-02-16 11:37
SR507576,Repairs,Repairs,0,2026-02-16 18:58
SR507577,Billing,Billing,0,2026-02-16 18:48
SR507578,Returns & Replacement,Returns & Replacement,0,2026-02-16 04:51
SR507579,Billing,Billing,0,2026-02-16 16:47
SR507580,Repairs,Repairs,0,2026-02-16 00:25
SR507581,Product Advice,Returns & Replacement,2,2026-02-16 17:47
SR507582,Repairs,Repairs,0,2026-02-16 02:50
SR507583,Product Advice,Product Advice,0,2026-02-16 04:58
SR507584,Billing,Repairs,1,2026-02-16 07:45
SR507585,Returns & Replacement,Returns & Replacement,0,2026-02-16 09:04
SR507586,Repairs,Repairs,0,2026-02-16 11:59
SR507587,Repairs,Repairs,0,2026-02-16 10:05
SR507588,Product Advice,Product Advice,1,2026-02-16 14:54
SR507589,Returns & Replacement,Returns & Replacement,0,2026-02-17 11:00
SR507590,Returns & Replacement,Returns & Replacement,0,2026-02-16 17:16
SR507591,Returns & Replacement,Returns & Replacement,1,2026-02-16 18:34
SR507592,Repairs,Repairs,0,2026-02-16 13:27
SR507593,Warranty Claims,Warranty Claims,0,2026-02-16 23:16
SR507594,Repairs,Repairs,0,2026-02-16 21:51
SR507595,Billing,Returns & Replacement,2,2026-02-18 08:14
SR507596,Filters & Consumables,Repairs,1,2026-02-16 19:41
SR507597,Returns & Replacement,Returns & Replacement,0,2026-02-16 22:37
SR507598,Filters & Consumables,Filters & Consumables,0,2026-02-16 15:47
SR507599,Returns & Replacement,Returns & Replacement,0,2026-02-16 20:36
SR507600,Returns & Replacement,Returns & Replacement,0,2026-02-17 00:39
SR507601,Repairs,Installs & Demo,2,2026-02-17 18:32
SR507602,Product Advice,Product Advice,0,2026-02-17 09:10
SR507603,Billing,Repairs,1,2026-02-16 22:56
SR507604,Filters & Consumables,Filters & Consumables,0,2026-02-16 23:06
SR507605,Product Advice,Product Advice,0,2026-02-16 23:47
SR507606,Repairs,Repairs,0,2026-02-17 02:48
SR507607,Filters & Consumables,Filters & Consumables,0,2026-02-17 03:19
SR507608,Returns & Replacement,Returns & Replacement,0,2026-02-17 04:57
SR507609,Installs & Demo,Installs & Demo,0,2026-02-17 01:55
SR507610,Warranty Claims,Warranty Claims,0,2026-02-17 14:45
SR507611,Billing,Billing,0,2026-02-17 02:56
SR507612,Installs & Demo,Installs & Demo,0,2026-02-18 08:21
SR507613,Installs & Demo,Installs & Demo,0,2026-02-17 11:27
SR507614,Repairs,Billing,1,2026-02-17 09:45
SR507615,Billing,Billing,0,2026-02-17 14:45
SR507616,Repairs,Billing,2,2026-02-19 03:59
SR507617,Billing,Billing,0,2026-02-17 22:24
SR507618,Installs & Demo,Installs & Demo,0,2026-02-17 21:48
SR507619,Installs & Demo,Installs & Demo,0,2026-02-17 14:20
SR507620,Repairs,Warranty Claims,2,2026-02-18 00:46
SR507621,Repairs,Repairs,0,2026-02-18 11:40
SR507622,Repairs,Repairs,0,2026-02-17 20:44
SR507623,Repairs,Billing,2,2026-02-17 23:02
SR507624,Filters & Consumables,Filters & Consumables,0,2026-02-18 00:03
SR507625,Repairs,Installs & Demo,1,2026-02-18 02:18
SR507626,Installs & Demo,Installs & Demo,0,2026-02-17 23:02
SR507627,Billing,Billing,0,2026-02-18 04:33
SR507628,Repairs,Repairs,0,2026-02-18 04:18
SR507629,Repairs,Repairs,0,2026-02-17 22:23
SR507630,Repairs,Filters & Consumables,2,2026-02-18 19:51
SR507631,Returns & Replacement,Returns & Replacement,0,2026-02-19 05:58
SR507632,Installs & Demo,Installs & Demo,0,2026-02-19 02:31
SR507633,Installs & Demo,Installs & Demo,0,2026-02-17 23:57
SR507634,Product Advice,Product Advice,0,2026-02-17 23:33
SR507635,Repairs,Product Advice,2,2026-02-18 06:31
SR507636,Filters & Consumables,Filters & Consumables,0,2026-02-18 07:11
SR507637,Filters & Consumables,Filters & Consumables,0,2026-02-18 04:14
SR507638,Repairs,Repairs,0,2026-02-18 16:45
SR507639,Repairs,Repairs,0,2026-02-18 11:56
SR507640,Repairs,Repairs,0,2026-02-18 15:53
SR507641,Installs & Demo,Installs & Demo,0,2026-02-18 10:18
SR507642,Warranty Claims,Warranty Claims,0,2026-02-18 14:58
SR507643,Repairs,Repairs,0,2026-02-19 06:31
SR507644,Billing,Billing,0,2026-02-18 15:54
SR507645,Repairs,Repairs,0,2026-02-18 22:46
SR507646,Repairs,Repairs,0,2026-02-19 07:45
SR507647,Filters & Consumables,Repairs,1,2026-02-19 20:20
SR507648,Billing,Billing,0,2026-02-18 23:41
SR507649,Repairs,Repairs,0,2026-02-19 04:21
SR507650,Warranty Claims,Warranty Claims,0,2026-02-20 17:44
SR507651,Installs & Demo,Installs & Demo,0,2026-02-19 03:12
SR507652,Product Advice,Product Advice,0,2026-02-19 05:35
SR507653,Repairs,Repairs,0,2026-02-20 01:27
SR507654,Billing,Returns & Replacement,2,2026-02-19 16:29
SR507655,Billing,Billing,0,2026-02-19 17:40
SR507656,Repairs,Repairs,0,2026-02-19 22:08
SR507657,Warranty Claims,Warranty Claims,1,2026-02-20 02:36
SR507658,Billing,Billing,0,2026-02-19 15:52
SR507659,Repairs,Repairs,0,2026-02-19 14:11
SR507660,Installs & Demo,Repairs,1,2026-02-19 20:53
SR507661,Repairs,Product Advice,2,2026-02-19 20:57
SR507662,Returns & Replacement,Returns & Replacement,0,2026-02-19 13:29
SR507663,Billing,Repairs,2,2026-02-24 06:11
SR507664,Installs & Demo,Installs & Demo,1,2026-02-20 09:42
SR507665,Warranty Claims,Warranty Claims,0,2026-02-20 07:35
SR507666,Product Advice,Product Advice,0,2026-02-19 19:39
SR507667,Returns & Replacement,Returns & Replacement,0,2026-02-19 23:31
SR507668,Repairs,Repairs,0,2026-02-19 18:20
SR507669,Billing,Billing,0,2026-02-20 06:18
SR507670,Repairs,Repairs,0,2026-02-20 01:45
SR507671,Warranty Claims,Warranty Claims,0,2026-02-20 00:30
SR507672,Repairs,Repairs,0,2026-02-20 05:23
SR507673,Returns & Replacement,Returns & Replacement,0,2026-02-20 15:49
SR507674,Repairs,Repairs,0,2026-02-20 09:54
SR507675,Filters & Consumables,Repairs,1,2026-02-20 23:17
SR507676,Product Advice,Product Advice,0,2026-02-20 05:18
SR507677,Repairs,Repairs,0,2026-02-20 12:40
SR507678,Installs & Demo,Installs & Demo,0,2026-02-20 13:05
SR507679,Filters & Consumables,Repairs,2,2026-02-21 18:27
SR507680,Billing,Billing,0,2026-02-20 10:30
SR507681,Returns & Replacement,Returns & Replacement,0,2026-02-20 15:56
SR507682,Repairs,Repairs,0,2026-02-20 13:46
SR507683,Returns & Replacement,Returns & Replacement,0,2026-02-20 09:20
SR507684,Billing,Returns & Replacement,1,2026-02-20 14:41
SR507685,Repairs,Repairs,0,2026-02-20 11:46
SR507686,Product Advice,Product Advice,0,2026-02-20 18:12
SR507687,Filters & Consumables,Billing,2,2026-02-22 04:34
SR507688,Installs & Demo,Installs & Demo,0,2026-02-20 19:24
SR507689,Repairs,Repairs,0,2026-02-20 14:04
SR507690,Filters & Consumables,Warranty Claims,0,2026-02-20 16:06
SR507691,Filters & Consumables,Repairs,1,2026-02-21 09:06
SR507692,Warranty Claims,Warranty Claims,0,2026-02-21 14:45
SR507693,Warranty Claims,Warranty Claims,1,2026-02-21 07:06
SR507694,Returns & Replacement,Returns & Replacement,0,2026-02-20 22:45
SR507695,Repairs,Repairs,0,2026-02-21 18:40
SR507696,Repairs,Returns & Replacement,2,2026-02-23 01:41
SR507697,Repairs,Repairs,0,2026-02-21 08:44
SR507698,Product Advice,Product Advice,0,2026-02-21 08:12
SR507699,Product Advice,Product Advice,0,2026-02-21 01:24
SR507700,Billing,Billing,0,2026-02-22 09:12
SR507701,Installs & Demo,Installs & Demo,0,2026-02-21 17:07
SR507702,Billing,Billing,0,2026-02-21 01:37
SR507703,Installs & Demo,Installs & Demo,0,2026-02-21 05:51
SR507704,Filters & Consumables,Billing,1,2026-02-21 06:16
SR507705,Billing,Billing,0,2026-02-21 20:24
SR507706,Repairs,Repairs,0,2026-02-21 23:15
SR507707,Billing,Billing,0,2026-02-21 06:23
SR507708,Returns & Replacement,Returns & Replacement,0,2026-02-21 12:45
SR507709,Product Advice,Product Advice,0,2026-02-21 14:42
SR507710,Repairs,Repairs,0,2026-02-21 13:48
SR507711,Product Advice,Product Advice,0,2026-02-21 11:44
SR507712,Filters & Consumables,Filters & Consumables,0,2026-02-21 11:27
SR507713,Repairs,Repairs,0,2026-02-21 14:12
SR507714,Warranty Claims,Product Advice,1,2026-02-21 09:45
SR507715,Billing,Repairs,1,2026-02-21 22:46
SR507716,Warranty Claims,Warranty Claims,0,2026-02-21 16:31
SR507717,Repairs,Returns & Replacement,2,2026-02-21 16:01
SR507718,Billing,Repairs,1,2026-02-21 19:34
SR507719,Product Advice,Product Advice,0,2026-02-22 00:42
SR507720,Repairs,Repairs,0,2026-02-22 22:50
SR507721,Warranty Claims,Warranty Claims,0,2026-02-21 22:43
SR507722,Filters & Consumables,Filters & Consumables,0,2026-02-22 11:43
SR507723,Repairs,Repairs,0,2026-02-22 06:06
SR507724,Billing,Billing,0,2026-02-22 01:11
SR507725,Billing,Returns & Replacement,0,2026-02-21 23:59
SR507726,Repairs,Returns & Replacement,1,2026-02-23 00:23
SR507727,Repairs,Billing,1,2026-02-22 22:06
SR507728,Returns & Replacement,Returns & Replacement,0,2026-02-22 14:13
SR507729,Repairs,Repairs,0,2026-02-23 16:34
SR507730,Product Advice,Product Advice,0,2026-02-22 14:29
SR507731,Filters & Consumables,Filters & Consumables,0,2026-02-23 06:17
SR507732,Product Advice,Product Advice,0,2026-02-23 01:00
SR507733,Product Advice,Product Advice,1,2026-02-23 00:49
SR507734,Returns & Replacement,Returns & Replacement,0,2026-02-23 04:13
SR507735,Repairs,Repairs,0,2026-02-22 22:27
SR507736,Returns & Replacement,Returns & Replacement,0,2026-02-23 03:59
SR507737,Repairs,Repairs,0,2026-02-23 12:15
SR507738,Repairs,Returns & Replacement,1,2026-02-23 10:28
SR507739,Filters & Consumables,Installs & Demo,0,2026-02-23 19:00
SR507740,Billing,Billing,0,2026-02-23 08:50
SR507741,Warranty Claims,Warranty Claims,0,2026-02-23 09:05
SR507742,Warranty Claims,Warranty Claims,0,2026-02-23 09:32
SR507743,Filters & Consumables,Product Advice,1,2026-02-23 21:07
SR507744,Repairs,Repairs,0,2026-02-23 17:18
SR507745,Returns & Replacement,Returns & Replacement,0,2026-02-23 16:18
SR507746,Filters & Consumables,Filters & Consumables,0,2026-02-24 01:23
SR507747,Returns & Replacement,Returns & Replacement,0,2026-02-23 18:23
SR507748,Warranty Claims,Warranty Claims,0,2026-02-23 18:01
SR507749,Repairs,Repairs,0,2026-02-23 21:43
SR507750,Billing,Billing,0,2026-02-24 04:46
SR507751,Returns & Replacement,Returns & Replacement,0,2026-02-24 00:04
SR507752,Billing,Billing,0,2026-02-24 01:11
SR507753,Filters & Consumables,Repairs,2,2026-02-24 15:02
SR507754,Billing,Billing,0,2026-02-24 10:17
SR507755,Filters & Consumables,Filters & Consumables,0,2026-02-24 20:52
SR507756,Warranty Claims,Warranty Claims,0,2026-02-24 13:30
SR507757,Billing,Installs & Demo,1,2026-02-25 05:58
SR507758,Repairs,Returns & Replacement,2,2026-02-24 13:20
SR507759,Filters & Consumables,Filters & Consumables,0,2026-02-24 05:22
SR507760,Installs & Demo,Installs & Demo,0,2026-02-25 09:21
SR507761,Repairs,Repairs,0,2026-02-24 19:24
SR507762,Installs & Demo,Installs & Demo,0,2026-02-24 05:04
SR507763,Product Advice,Product Advice,0,2026-02-24 08:44
SR507764,Repairs,Installs & Demo,2,2026-02-25 07:08
SR507765,Repairs,Repairs,0,2026-02-24 18:43
SR507766,Returns & Replacement,Returns & Replacement,0,2026-02-24 09:34
SR507767,Repairs,Billing,2,2026-02-24 15:22
SR507768,Installs & Demo,Installs & Demo,0,2026-02-24 11:57
SR507769,Repairs,Warranty Claims,1,2026-02-24 20:34
SR507770,Filters & Consumables,Filters & Consumables,0,2026-02-25 05:34
SR507771,Repairs,Repairs,0,2026-02-24 21:07
SR507772,Billing,Installs & Demo,2,2026-02-27 17:07
SR507773,Filters & Consumables,Returns & Replacement,0,2026-02-24 21:00
SR507774,Repairs,Product Advice,1,2026-02-25 11:49
SR507775,Returns & Replacement,Returns & Replacement,0,2026-02-24 20:03
SR507776,Returns & Replacement,Returns & Replacement,0,2026-02-25 17:52
SR507777,Returns & Replacement,Returns & Replacement,0,2026-02-26 10:45
SR507778,Product Advice,Product Advice,0,2026-02-25 03:04
SR507779,Warranty Claims,Warranty Claims,0,2026-02-24 20:28
SR507780,Installs & Demo,Installs & Demo,0,2026-02-25 02:05
SR507781,Installs & Demo,Installs & Demo,0,2026-02-25 00:32
SR507782,Repairs,Repairs,1,2026-02-25 23:42
SR507783,Repairs,Repairs,0,2026-02-25 15:15
SR507784,Billing,Billing,0,2026-02-25 00:08
SR507785,Repairs,Repairs,0,2026-02-25 02:26
SR507786,Billing,Billing,0,2026-02-25 07:02
SR507787,Repairs,Filters & Consumables,2,2026-02-26 18:43
SR507788,Returns & Replacement,Returns & Replacement,0,2026-02-25 06:26
SR507789,Billing,Returns & Replacement,2,2026-02-27 21:58
SR507790,Billing,Billing,0,2026-02-25 04:42
SR507791,Filters & Consumables,Filters & Consumables,0,2026-02-25 06:11
SR507792,Warranty Claims,Warranty Claims,0,2026-02-25 09:49
SR507793,Returns & Replacement,Returns & Replacement,0,2026-02-25 17:19
SR507794,Returns & Replacement,Returns & Replacement,0,2026-02-25 09:11
SR507795,Billing,Installs & Demo,2,2026-02-25 13:42
SR507796,Repairs,Repairs,0,2026-02-25 23:09
SR507797,Installs & Demo,Installs & Demo,0,2026-02-26 00:50
SR507798,Billing,Repairs,1,2026-02-26 14:51
SR507799,Warranty Claims,Warranty Claims,0,2026-02-25 13:28
SR507800,Repairs,Returns & Replacement,1,2026-02-25 18:00
SR507801,Installs & Demo,Installs & Demo,0,2026-02-25 19:09
SR507802,Installs & Demo,Installs & Demo,0,2026-02-25 17:07
SR507803,Billing,Billing,0,2026-02-25 23:37
SR507804,Returns & Replacement,Returns & Replacement,0,2026-02-25 19:18
SR507805,Filters & Consumables,Warranty Claims,1,2026-02-25 21:14
SR507806,Billing,Billing,0,2026-02-25 20:25
SR507807,Warranty Claims,Warranty Claims,0,2026-02-25 18:33
SR507808,Product Advice,Product Advice,0,2026-02-26 22:00
SR507809,Installs & Demo,Installs & Demo,0,2026-02-26 07:17
SR507810,Billing,Repairs,2,2026-02-27 02:01
SR507811,Product Advice,Product Advice,0,2026-02-26 00:35
SR507812,Billing,Billing,1,2026-02-25 22:47
SR507813,Installs & Demo,Installs & Demo,0,2026-02-26 00:17
SR507814,Installs & Demo,Installs & Demo,0,2026-02-25 23:32
SR507815,Billing,Returns & Replacement,1,2026-02-26 00:56
SR507816,Filters & Consumables,Repairs,2,2026-02-27 05:46
SR507817,Product Advice,Product Advice,0,2026-02-26 06:46
SR507818,Billing,Warranty Claims,1,2026-02-26 10:01
SR507819,Warranty Claims,Warranty Claims,0,2026-02-26 07:36
SR507820,Product Advice,Product Advice,0,2026-02-27 04:41
SR507821,Billing,Installs & Demo,0,2026-02-27 08:54
SR507822,Product Advice,Product Advice,0,2026-02-26 14:07
SR507823,Repairs,Warranty Claims,2,2026-02-27 16:53
SR507824,Product Advice,Product Advice,0,2026-02-26 11:55
SR507825,Returns & Replacement,Returns & Replacement,0,2026-02-26 06:04
SR507826,Repairs,Repairs,0,2026-02-26 10:10
SR507827,Repairs,Filters & Consumables,2,2026-02-28 01:36
SR507828,Repairs,Repairs,0,2026-02-26 11:07
SR507829,Installs & Demo,Installs & Demo,0,2026-02-26 12:24
SR507830,Billing,Billing,0,2026-02-26 23:49
SR507831,Billing,Billing,0,2026-02-26 19:15
SR507832,Warranty Claims,Warranty Claims,1,2026-02-26 10:00
SR507833,Billing,Billing,0,2026-02-26 16:50
SR507834,Product Advice,Product Advice,0,2026-02-26 13:26
SR507835,Installs & Demo,Installs & Demo,0,2026-02-26 11:21
SR507836,Repairs,Repairs,0,2026-02-26 09:59
SR507837,Filters & Consumables,Filters & Consumables,0,2026-02-26 16:51
SR507838,Repairs,Filters & Consumables,0,2026-02-26 17:04
SR507839,Filters & Consumables,Filters & Consumables,0,2026-02-27 02:18
SR507840,Filters & Consumables,Filters & Consumables,0,2026-02-26 19:07
SR507841,Repairs,Repairs,0,2026-02-26 19:33
SR507842,Filters & Consumables,Filters & Consumables,0,2026-02-26 19:55
SR507843,Product Advice,Product Advice,0,2026-02-27 20:09
SR507844,Repairs,Installs & Demo,1,2026-02-26 22:56
SR507845,Product Advice,Product Advice,0,2026-02-26 23:32
SR507846,Repairs,Repairs,0,2026-02-26 22:25
SR507847,Repairs,Repairs,0,2026-02-27 12:17
SR507848,Repairs,Repairs,0,2026-02-27 07:08
SR507849,Filters & Consumables,Filters & Consumables,1,2026-02-27 10:24
SR507850,Filters & Consumables,Filters & Consumables,0,2026-02-27 02:37
SR507851,Billing,Billing,0,2026-03-01 00:59
SR507852,Filters & Consumables,Returns & Replacement,1,2026-02-28 01:11
SR507853,Repairs,Returns & Replacement,2,2026-02-28 08:37
SR507854,Filters & Consumables,Filters & Consumables,0,2026-02-27 07:45
SR507855,Warranty Claims,Warranty Claims,0,2026-02-27 10:32
SR507856,Billing,Warranty Claims,1,2026-02-27 15:46
SR507857,Returns & Replacement,Returns & Replacement,0,2026-02-27 09:46
SR507858,Repairs,Returns & Replacement,1,2026-02-27 22:46
SR507859,Filters & Consumables,Filters & Consumables,0,2026-02-27 11:02
SR507860,Product Advice,Product Advice,0,2026-02-28 11:56
SR507861,Installs & Demo,Installs & Demo,1,2026-02-27 19:25
SR507862,Product Advice,Warranty Claims,0,2026-02-27 14:20
SR507863,Filters & Consumables,Filters & Consumables,0,2026-02-28 04:25
SR507864,Product Advice,Product Advice,0,2026-02-27 21:50
SR507865,Filters & Consumables,Filters & Consumables,0,2026-02-27 14:09
SR507866,Warranty Claims,Warranty Claims,1,2026-02-27 22:13
SR507867,Warranty Claims,Warranty Claims,0,2026-02-28 09:15
SR507868,Filters & Consumables,Filters & Consumables,0,2026-02-28 02:07
SR507869,Repairs,Filters & Consumables,2,2026-02-28 01:25
SR507870,Installs & Demo,Returns & Replacement,0,2026-02-28 01:00
SR507871,Filters & Consumables,Filters & Consumables,0,2026-02-27 19:34
SR507872,Repairs,Warranty Claims,2,2026-03-03 08:07
SR507873,Returns & Replacement,Returns & Replacement,0,2026-02-27 19:38
SR507874,Filters & Consumables,Filters & Consumables,0,2026-02-27 22:41
SR507875,Returns & Replacement,Returns & Replacement,0,2026-02-28 05:09
SR507876,Billing,Warranty Claims,2,2026-03-01 10:50
SR507877,Returns & Replacement,Returns & Replacement,0,2026-02-28 07:22
SR507878,Repairs,Repairs,0,2026-02-28 10:26
SR507879,Billing,Returns & Replacement,1,2026-02-28 21:28
SR507880,Installs & Demo,Installs & Demo,0,2026-02-28 04:50
SR507881,Product Advice,Product Advice,0,2026-02-28 02:05
SR507882,Installs & Demo,Installs & Demo,0,2026-02-28 02:09
SR507883,Returns & Replacement,Returns & Replacement,0,2026-02-28 22:39
SR507884,Repairs,Filters & Consumables,1,2026-03-01 09:21
SR507885,Billing,Billing,0,2026-02-28 13:21
SR507886,Product Advice,Product Advice,0,2026-02-28 12:23
SR507887,Returns & Replacement,Returns & Replacement,0,2026-02-28 08:51
SR507888,Billing,Product Advice,2,2026-02-28 15:55
SR507889,Billing,Billing,0,2026-02-28 12:20
SR507890,Installs & Demo,Installs & Demo,0,2026-02-28 10:06
SR507891,Installs & Demo,Installs & Demo,0,2026-02-28 09:27
SR507892,Billing,Billing,0,2026-02-28 11:29
SR507893,Filters & Consumables,Filters & Consumables,0,2026-03-01 00:16
SR507894,Billing,Warranty Claims,1,2026-02-28 14:37
SR507895,Filters & Consumables,Filters & Consumables,0,2026-02-28 15:48
SR507896,Repairs,Repairs,0,2026-03-01 03:30
SR507897,Product Advice,Product Advice,0,2026-02-28 15:30
SR507898,Repairs,Repairs,0,2026-03-01 12:18
SR507899,Warranty Claims,Warranty Claims,0,2026-02-28 19:23
SR507900,Billing,Billing,0,2026-02-28 22:01
SR507901,Installs & Demo,Installs & Demo,0,2026-03-01 01:25
SR507902,Product Advice,Product Advice,0,2026-03-02 11:39
SR507903,Installs & Demo,Billing,1,2026-03-01 04:20
SR507904,Billing,Installs & Demo,1,2026-03-01 08:25
SR507905,Repairs,Billing,1,2026-03-01 13:36
SR507906,Warranty Claims,Warranty Claims,0,2026-03-01 03:26
SR507907,Repairs,Installs & Demo,1,2026-03-01 02:18
SR507908,Returns & Replacement,Returns & Replacement,0,2026-03-01 22:42
SR507909,Repairs,Repairs,0,2026-03-01 01:58
SR507910,Repairs,Repairs,0,2026-03-01 22:26
SR507911,Repairs,Product Advice,1,2026-03-01 08:54
SR507912,Repairs,Repairs,0,2026-03-01 06:13
SR507913,Installs & Demo,Installs & Demo,0,2026-03-01 18:01
SR507914,Repairs,Repairs,0,2026-03-01 14:18
SR507915,Billing,Billing,0,2026-03-02 18:47
SR507916,Billing,Billing,0,2026-03-02 01:35
SR507917,Repairs,Repairs,0,2026-03-01 14:39
SR507918,Returns & Replacement,Returns & Replacement,0,2026-03-02 09:57
SR507919,Repairs,Repairs,0,2026-03-01 13:21
SR507920,Warranty Claims,Warranty Claims,0,2026-03-01 18:36
SR507921,Repairs,Warranty Claims,2,2026-03-02 10:35
SR507922,Returns & Replacement,Returns & Replacement,0,2026-03-02 00:40
SR507923,Billing,Warranty Claims,2,2026-03-02 15:40
SR507924,Installs & Demo,Installs & Demo,0,2026-03-01 22:29
SR507925,Returns & Replacement,Returns & Replacement,0,2026-03-02 12:41
SR507926,Warranty Claims,Warranty Claims,0,2026-03-02 03:50
SR507927,Filters & Consumables,Repairs,1,2026-03-03 20:55
SR507928,Billing,Billing,1,2026-03-03 20:28
SR507929,Installs & Demo,Installs & Demo,0,2026-03-02 11:26
SR507930,Repairs,Repairs,0,2026-03-02 10:35
SR507931,Returns & Replacement,Returns & Replacement,0,2026-03-02 03:29
SR507932,Filters & Consumables,Filters & Consumables,0,2026-03-02 05:28
SR507933,Repairs,Billing,2,2026-03-03 03:51
SR507934,Installs & Demo,Installs & Demo,0,2026-03-05 18:27
SR507935,Product Advice,Product Advice,0,2026-03-02 18:25
SR507936,Repairs,Billing,2,2026-03-02 08:32
SR507937,Repairs,Repairs,1,2026-03-04 11:45
SR507938,Warranty Claims,Warranty Claims,0,2026-03-02 10:48
SR507939,Returns & Replacement,Returns & Replacement,0,2026-03-02 16:34
SR507940,Warranty Claims,Warranty Claims,0,2026-03-02 15:59
SR507941,Product Advice,Product Advice,0,2026-03-02 20:09
SR507942,Warranty Claims,Warranty Claims,0,2026-03-02 18:23
SR507943,Product Advice,Product Advice,0,2026-03-03 00:13
SR507944,Filters & Consumables,Filters & Consumables,0,2026-03-02 18:50
SR507945,Filters & Consumables,Returns & Replacement,2,2026-03-05 06:37
SR507946,Product Advice,Product Advice,0,2026-03-02 16:59
SR507947,Filters & Consumables,Installs & Demo,1,2026-03-03 08:13
SR507948,Billing,Billing,0,2026-03-03 20:03
SR507949,Billing,Repairs,1,2026-03-02 21:31
SR507950,Filters & Consumables,Filters & Consumables,0,2026-03-03 04:15
SR507951,Repairs,Repairs,0,2026-03-02 18:50
SR507952,Billing,Installs & Demo,1,2026-03-02 23:48
SR507953,Filters & Consumables,Filters & Consumables,1,2026-03-03 09:26
SR507954,Product Advice,Product Advice,0,2026-03-03 15:34
SR507955,Repairs,Repairs,0,2026-03-03 00:38
SR507956,Installs & Demo,Installs & Demo,0,2026-03-04 00:38
SR507957,Product Advice,Product Advice,0,2026-03-05 05:27
SR507958,Product Advice,Product Advice,0,2026-03-03 04:39
SR507959,Filters & Consumables,Filters & Consumables,0,2026-03-03 21:50
SR507960,Billing,Billing,0,2026-03-03 12:38
SR507961,Installs & Demo,Installs & Demo,0,2026-03-03 09:26
SR507962,Product Advice,Product Advice,0,2026-03-03 11:32
SR507963,Billing,Repairs,1,2026-03-04 06:12
SR507964,Billing,Billing,0,2026-03-04 02:34
SR507965,Warranty Claims,Warranty Claims,0,2026-03-04 07:24
SR507966,Repairs,Repairs,0,2026-03-03 21:40
SR507967,Repairs,Repairs,0,2026-03-03 18:07
SR507968,Billing,Billing,0,2026-03-04 02:52
SR507969,Repairs,Billing,1,2026-03-04 14:53
SR507970,Installs & Demo,Installs & Demo,0,2026-03-05 14:43
SR507971,Billing,Billing,0,2026-03-04 01:45
SR507972,Repairs,Repairs,0,2026-03-03 19:41
SR507973,Warranty Claims,Warranty Claims,0,2026-03-05 14:50
SR507974,Billing,Billing,0,2026-03-03 23:57
SR507975,Billing,Billing,0,2026-03-04 00:32
SR507976,Repairs,Repairs,0,2026-03-04 00:28
SR507977,Product Advice,Product Advice,0,2026-03-04 02:40
SR507978,Product Advice,Product Advice,0,2026-03-03 23:58
SR507979,Product Advice,Product Advice,0,2026-03-04 09:22
SR507980,Repairs,Repairs,0,2026-03-04 07:51
SR507981,Warranty Claims,Warranty Claims,0,2026-03-04 09:59
SR507982,Installs & Demo,Installs & Demo,0,2026-03-04 01:38
SR507983,Repairs,Repairs,0,2026-03-04 05:50
SR507984,Repairs,Installs & Demo,2,2026-03-04 14:16
SR507985,Installs & Demo,Installs & Demo,0,2026-03-04 04:09
SR507986,Billing,Billing,0,2026-03-04 10:40
SR507987,Warranty Claims,Warranty Claims,0,2026-03-04 13:04
SR507988,Returns & Replacement,Returns & Replacement,0,2026-03-04 06:47
SR507989,Installs & Demo,Installs & Demo,0,2026-03-04 16:43
SR507990,Product Advice,Product Advice,0,2026-03-04 10:17
SR507991,Warranty Claims,Warranty Claims,0,2026-03-04 11:29
SR507992,Returns & Replacement,Returns & Replacement,0,2026-03-04 18:21
SR507993,Product Advice,Product Advice,0,2026-03-04 12:58
SR507994,Installs & Demo,Installs & Demo,0,2026-03-04 15:39
SR507995,Installs & Demo,Installs & Demo,0,2026-03-04 12:37
SR507996,Filters & Consumables,Repairs,1,2026-03-05 13:21
SR507997,Billing,Installs & Demo,2,2026-03-05 08:41
SR507998,Repairs,Filters & Consumables,1,2026-03-05 08:16
SR507999,Billing,Billing,0,2026-03-04 18:09
SR508000,Product Advice,Product Advice,0,2026-03-04 20:23
SR508001,Filters & Consumables,Filters & Consumables,0,2026-03-05 00:18
SR508002,Repairs,Repairs,0,2026-03-05 01:25
SR508003,Billing,Warranty Claims,1,2026-03-05 11:44
SR508004,Warranty Claims,Warranty Claims,0,2026-03-05 04:17
SR508005,Returns & Replacement,Returns & Replacement,0,2026-03-05 11:49
SR508006,Repairs,Repairs,0,2026-03-05 09:08
SR508007,Repairs,Repairs,0,2026-03-05 13:21
SR508008,Warranty Claims,Warranty Claims,0,2026-03-05 06:44
SR508009,Billing,Repairs,1,2026-03-05 15:48
SR508010,Billing,Billing,0,2026-03-05 07:27
SR508011,Repairs,Installs & Demo,1,2026-03-05 15:27
SR508012,Billing,Warranty Claims,1,2026-03-05 11:51
SR508013,Product Advice,Product Advice,0,2026-03-05 09:00
SR508014,Repairs,Repairs,0,2026-03-05 16:44
SR508015,Repairs,Repairs,0,2026-03-06 04:31
SR508016,Billing,Billing,0,2026-03-05 13:39
SR508017,Repairs,Filters & Consumables,1,2026-03-05 23:54
SR508018,Warranty Claims,Warranty Claims,0,2026-03-06 00:29
SR508019,Installs & Demo,Installs & Demo,0,2026-03-06 07:08
SR508020,Product Advice,Product Advice,0,2026-03-05 17:39
SR508021,Billing,Billing,0,2026-03-05 23:09
SR508022,Warranty Claims,Warranty Claims,0,2026-03-06 06:32
SR508023,Filters & Consumables,Filters & Consumables,0,2026-03-06 02:27
SR508024,Repairs,Repairs,0,2026-03-06 02:47
SR508025,Repairs,Repairs,0,2026-03-06 06:14
SR508026,Billing,Installs & Demo,2,2026-03-06 21:48
SR508027,Returns & Replacement,Product Advice,0,2026-03-06 09:32
SR508028,Product Advice,Product Advice,0,2026-03-06 17:22
SR508029,Returns & Replacement,Returns & Replacement,0,2026-03-06 11:57
SR508030,Repairs,Filters & Consumables,0,2026-03-06 06:14
SR508031,Returns & Replacement,Returns & Replacement,0,2026-03-06 10:42
SR508032,Billing,Billing,0,2026-03-06 13:50
SR508033,Product Advice,Product Advice,0,2026-03-06 22:13
SR508034,Repairs,Repairs,0,2026-03-06 13:13
SR508035,Repairs,Repairs,0,2026-03-06 10:18
SR508036,Product Advice,Product Advice,0,2026-03-07 03:32
SR508037,Product Advice,Billing,1,2026-03-06 19:18
SR508038,Billing,Billing,0,2026-03-07 12:19
SR508039,Product Advice,Product Advice,0,2026-03-06 15:41
SR508040,Installs & Demo,Installs & Demo,0,2026-03-06 14:58
SR508041,Repairs,Repairs,0,2026-03-06 16:18
SR508042,Repairs,Repairs,1,2026-03-09 06:32
SR508043,Warranty Claims,Warranty Claims,0,2026-03-08 03:20
SR508044,Repairs,Billing,1,2026-03-06 18:48
SR508045,Billing,Repairs,2,2026-03-06 23:51
SR508046,Warranty Claims,Warranty Claims,0,2026-03-06 20:36
SR508047,Repairs,Repairs,0,2026-03-06 21:30
SR508048,Repairs,Repairs,1,2026-03-07 02:26
SR508049,Billing,Billing,0,2026-03-07 01:33
SR508050,Product Advice,Filters & Consumables,1,2026-03-07 02:53
SR508051,Billing,Billing,0,2026-03-07 00:24
SR508052,Billing,Repairs,2,2026-03-07 13:20
SR508053,Filters & Consumables,Returns & Replacement,1,2026-03-09 15:30
SR508054,Installs & Demo,Installs & Demo,0,2026-03-07 04:49
SR508055,Repairs,Billing,1,2026-03-07 01:37
SR508056,Filters & Consumables,Filters & Consumables,0,2026-03-06 22:45
SR508057,Billing,Billing,0,2026-03-07 05:17
SR508058,Billing,Billing,0,2026-03-07 09:31
SR508059,Repairs,Warranty Claims,2,2026-03-07 21:40
SR508060,Warranty Claims,Warranty Claims,0,2026-03-07 11:55
SR508061,Repairs,Repairs,0,2026-03-07 05:35
SR508062,Billing,Billing,0,2026-03-07 13:43
SR508063,Filters & Consumables,Filters & Consumables,0,2026-03-07 11:51
SR508064,Repairs,Repairs,0,2026-03-07 08:57
SR508065,Filters & Consumables,Filters & Consumables,0,2026-03-07 11:40
SR508066,Warranty Claims,Warranty Claims,0,2026-03-07 13:49
SR508067,Installs & Demo,Installs & Demo,0,2026-03-07 06:56
SR508068,Repairs,Repairs,1,2026-03-07 19:18
SR508069,Repairs,Filters & Consumables,0,2026-03-07 10:14
SR508070,Product Advice,Product Advice,0,2026-03-07 21:39
SR508071,Billing,Billing,0,2026-03-08 00:24
SR508072,Returns & Replacement,Returns & Replacement,0,2026-03-08 00:15
SR508073,Billing,Billing,0,2026-03-08 00:48
SR508074,Billing,Billing,0,2026-03-07 17:47
SR508075,Installs & Demo,Installs & Demo,0,2026-03-07 09:38
SR508076,Returns & Replacement,Returns & Replacement,0,2026-03-07 17:10
SR508077,Installs & Demo,Installs & Demo,0,2026-03-07 20:28
SR508078,Warranty Claims,Warranty Claims,0,2026-03-07 19:34
SR508079,Billing,Returns & Replacement,1,2026-03-07 18:15
SR508080,Product Advice,Product Advice,0,2026-03-07 17:25
SR508081,Billing,Billing,0,2026-03-08 08:12
SR508082,Filters & Consumables,Repairs,2,2026-03-11 13:39
SR508083,Repairs,Billing,1,2026-03-09 01:44
SR508084,Repairs,Repairs,0,2026-03-07 21:38
SR508085,Warranty Claims,Warranty Claims,0,2026-03-08 01:11
SR508086,Installs & Demo,Installs & Demo,0,2026-03-08 11:10
SR508087,Product Advice,Product Advice,0,2026-03-09 00:04
SR508088,Product Advice,Product Advice,0,2026-03-09 22:58
SR508089,Product Advice,Product Advice,0,2026-03-08 14:58
SR508090,Repairs,Repairs,0,2026-03-09 07:55
SR508091,Repairs,Repairs,0,2026-03-10 04:23
SR508092,Returns & Replacement,Returns & Replacement,0,2026-03-08 20:49
SR508093,Repairs,Repairs,0,2026-03-09 01:30
SR508094,Installs & Demo,Installs & Demo,0,2026-03-09 00:30
SR508095,Billing,Warranty Claims,1,2026-03-09 03:28
SR508096,Product Advice,Product Advice,0,2026-03-08 21:38
SR508097,Warranty Claims,Warranty Claims,0,2026-03-08 23:32
SR508098,Warranty Claims,Warranty Claims,0,2026-03-08 21:11
SR508099,Warranty Claims,Warranty Claims,0,2026-03-08 23:58
SR508100,Returns & Replacement,Returns & Replacement,0,2026-03-08 22:46
SR508101,Billing,Installs & Demo,2,2026-03-09 10:11
SR508102,Warranty Claims,Warranty Claims,0,2026-03-09 21:00
SR508103,Installs & Demo,Installs & Demo,0,2026-03-09 02:51
SR508104,Installs & Demo,Installs & Demo,0,2026-03-09 17:01
SR508105,Repairs,Returns & Replacement,1,2026-03-09 12:59
SR508106,Repairs,Billing,2,2026-03-09 21:02
SR508107,Filters & Consumables,Filters & Consumables,0,2026-03-10 01:24
SR508108,Repairs,Repairs,0,2026-03-09 04:47
SR508109,Filters & Consumables,Filters & Consumables,0,2026-03-09 09:43
SR508110,Product Advice,Product Advice,0,2026-03-09 09:04
SR508111,Repairs,Repairs,0,2026-03-09 07:33
SR508112,Returns & Replacement,Returns & Replacement,0,2026-03-09 12:00
SR508113,Returns & Replacement,Returns & Replacement,0,2026-03-09 09:32
SR508114,Filters & Consumables,Repairs,0,2026-03-10 01:43
SR508115,Repairs,Repairs,0,2026-03-10 00:09
SR508116,Billing,Billing,0,2026-03-09 12:08
SR508117,Warranty Claims,Warranty Claims,0,2026-03-09 19:34
SR508118,Product Advice,Product Advice,0,2026-03-09 17:57
SR508119,Repairs,Repairs,0,2026-03-09 16:10
SR508120,Installs & Demo,Installs & Demo,0,2026-03-09 15:46
SR508121,Product Advice,Product Advice,0,2026-03-10 18:31
SR508122,Repairs,Repairs,0,2026-03-09 19:12
SR508123,Returns & Replacement,Returns & Replacement,0,2026-03-10 03:27
SR508124,Warranty Claims,Warranty Claims,0,2026-03-10 03:56
SR508125,Repairs,Repairs,0,2026-03-10 20:48
SR508126,Repairs,Repairs,1,2026-03-10 01:40
SR508127,Filters & Consumables,Repairs,2,2026-03-10 08:39
SR508128,Repairs,Repairs,0,2026-03-10 03:40
SR508129,Installs & Demo,Installs & Demo,0,2026-03-10 12:40
SR508130,Returns & Replacement,Returns & Replacement,0,2026-03-10 10:20
SR508131,Returns & Replacement,Returns & Replacement,0,2026-03-10 08:37
SR508132,Repairs,Repairs,0,2026-03-10 08:36
SR508133,Billing,Repairs,2,2026-03-13 00:42
SR508134,Installs & Demo,Installs & Demo,0,2026-03-10 16:04
SR508135,Installs & Demo,Installs & Demo,0,2026-03-10 08:39
SR508136,Warranty Claims,Warranty Claims,0,2026-03-10 09:30
SR508137,Filters & Consumables,Filters & Consumables,0,2026-03-10 17:01
SR508138,Repairs,Repairs,0,2026-03-10 15:15
SR508139,Repairs,Repairs,0,2026-03-11 15:26
SR508140,Repairs,Repairs,0,2026-03-10 19:22
SR508141,Returns & Replacement,Returns & Replacement,0,2026-03-10 16:34
SR508142,Product Advice,Product Advice,0,2026-03-10 23:05
SR508143,Installs & Demo,Installs & Demo,0,2026-03-11 01:51
SR508144,Repairs,Billing,2,2026-03-11 00:27
SR508145,Repairs,Repairs,0,2026-03-10 20:28
SR508146,Repairs,Returns & Replacement,2,2026-03-11 06:41
SR508147,Filters & Consumables,Filters & Consumables,0,2026-03-10 19:12
SR508148,Repairs,Product Advice,2,2026-03-11 23:31
SR508149,Returns & Replacement,Returns & Replacement,0,2026-03-10 21:28
SR508150,Billing,Billing,0,2026-03-11 00:07
SR508151,Repairs,Repairs,0,2026-03-10 22:05
SR508152,Installs & Demo,Installs & Demo,0,2026-03-11 08:58
SR508153,Repairs,Repairs,0,2026-03-11 03:14
SR508154,Product Advice,Product Advice,0,2026-03-11 05:36
SR508155,Warranty Claims,Warranty Claims,0,2026-03-11 12:37
SR508156,Filters & Consumables,Filters & Consumables,0,2026-03-11 04:01
SR508157,Billing,Billing,0,2026-03-11 07:55
SR508158,Filters & Consumables,Filters & Consumables,0,2026-03-11 14:21
SR508159,Warranty Claims,Warranty Claims,0,2026-03-11 12:42
SR508160,Returns & Replacement,Returns & Replacement,0,2026-03-11 12:32
SR508161,Filters & Consumables,Filters & Consumables,0,2026-03-13 00:50
SR508162,Billing,Billing,0,2026-03-11 22:34
SR508163,Installs & Demo,Installs & Demo,0,2026-03-11 12:55
SR508164,Billing,Installs & Demo,2,2026-03-12 01:00
SR508165,Repairs,Repairs,1,2026-03-11 12:31
SR508166,Filters & Consumables,Filters & Consumables,0,2026-03-11 13:49
SR508167,Repairs,Repairs,0,2026-03-11 14:51
SR508168,Repairs,Repairs,0,2026-03-11 12:55
SR508169,Repairs,Billing,2,2026-03-11 20:02
SR508170,Repairs,Product Advice,2,2026-03-12 10:11
SR508171,Repairs,Repairs,0,2026-03-11 22:12
SR508172,Billing,Billing,0,2026-03-11 21:55
SR508173,Product Advice,Product Advice,0,2026-03-11 17:26
SR508174,Returns & Replacement,Returns & Replacement,0,2026-03-12 01:47
SR508175,Filters & Consumables,Filters & Consumables,0,2026-03-11 18:31
SR508176,Repairs,Repairs,0,2026-03-12 09:50
SR508177,Filters & Consumables,Filters & Consumables,0,2026-03-12 04:36
SR508178,Filters & Consumables,Returns & Replacement,2,2026-03-13 03:06
SR508179,Billing,Billing,0,2026-03-12 01:51
SR508180,Billing,Billing,0,2026-03-12 17:56
SR508181,Filters & Consumables,Product Advice,1,2026-03-15 06:49
SR508182,Filters & Consumables,Repairs,1,2026-03-12 06:15
SR508183,Billing,Product Advice,0,2026-03-12 07:01
SR508184,Repairs,Repairs,0,2026-03-12 06:47
SR508185,Installs & Demo,Installs & Demo,0,2026-03-12 15:58
SR508186,Repairs,Repairs,0,2026-03-12 14:18
SR508187,Installs & Demo,Installs & Demo,0,2026-03-12 20:15
SR508188,Product Advice,Product Advice,0,2026-03-12 08:24
SR508189,Billing,Billing,0,2026-03-12 16:51
SR508190,Repairs,Repairs,0,2026-03-12 10:19
SR508191,Filters & Consumables,Billing,1,2026-03-13 14:49
SR508192,Billing,Billing,0,2026-03-13 04:46
SR508193,Returns & Replacement,Returns & Replacement,0,2026-03-13 04:53
SR508194,Billing,Billing,0,2026-03-12 08:40
SR508195,Returns & Replacement,Returns & Replacement,0,2026-03-12 17:16
SR508196,Product Advice,Product Advice,0,2026-03-12 14:03
SR508197,Repairs,Filters & Consumables,1,2026-03-13 07:18
SR508198,Repairs,Repairs,0,2026-03-12 12:39
SR508199,Repairs,Repairs,0,2026-03-13 13:42
SR508200,Installs & Demo,Installs & Demo,0,2026-03-12 12:57
SR508201,Repairs,Product Advice,2,2026-03-13 02:11
SR508202,Repairs,Warranty Claims,1,2026-03-12 20:06
SR508203,Repairs,Returns & Replacement,2,2026-03-16 14:25
SR508204,Repairs,Repairs,0,2026-03-13 04:34
SR508205,Product Advice,Product Advice,0,2026-03-12 22:29
SR508206,Installs & Demo,Installs & Demo,0,2026-03-12 21:57
SR508207,Repairs,Billing,2,2026-03-13 17:39
SR508208,Returns & Replacement,Returns & Replacement,0,2026-03-13 01:47
SR508209,Repairs,Repairs,0,2026-03-13 11:35
SR508210,Repairs,Repairs,0,2026-03-13 07:17
SR508211,Returns & Replacement,Returns & Replacement,0,2026-03-14 15:39
SR508212,Repairs,Repairs,0,2026-03-13 03:36
SR508213,Product Advice,Product Advice,0,2026-03-13 17:00
SR508214,Filters & Consumables,Repairs,1,2026-03-13 09:52
SR508215,Filters & Consumables,Filters & Consumables,0,2026-03-13 08:18
SR508216,Product Advice,Product Advice,1,2026-03-13 13:04
SR508217,Repairs,Repairs,0,2026-03-13 10:17
SR508218,Repairs,Repairs,0,2026-03-14 00:11
SR508219,Returns & Replacement,Returns & Replacement,0,2026-03-13 15:50
SR508220,Product Advice,Product Advice,0,2026-03-13 20:23
SR508221,Returns & Replacement,Returns & Replacement,0,2026-03-13 15:34
SR508222,Billing,Billing,0,2026-03-14 14:08
SR508223,Billing,Billing,0,2026-03-13 19:42
SR508224,Billing,Billing,0,2026-03-13 23:55
SR508225,Product Advice,Product Advice,0,2026-03-13 22:35
SR508226,Repairs,Repairs,0,2026-03-14 16:55
SR508227,Repairs,Repairs,0,2026-03-14 20:18
SR508228,Repairs,Repairs,0,2026-03-14 01:42
SR508229,Billing,Returns & Replacement,1,2026-03-14 20:11
SR508230,Product Advice,Product Advice,0,2026-03-14 08:14
SR508231,Repairs,Repairs,0,2026-03-14 10:48
SR508232,Returns & Replacement,Returns & Replacement,0,2026-03-14 10:42
SR508233,Returns & Replacement,Returns & Replacement,0,2026-03-14 06:15
SR508234,Returns & Replacement,Returns & Replacement,0,2026-03-16 05:19
SR508235,Repairs,Repairs,0,2026-03-14 05:23
SR508236,Billing,Billing,0,2026-03-14 19:44
SR508237,Billing,Warranty Claims,2,2026-03-14 18:37
SR508238,Billing,Installs & Demo,2,2026-03-14 11:02
SR508239,Returns & Replacement,Returns & Replacement,0,2026-03-14 15:26
SR508240,Installs & Demo,Installs & Demo,0,2026-03-14 13:06
SR508241,Repairs,Repairs,0,2026-03-14 13:29
SR508242,Billing,Billing,0,2026-03-15 11:20
SR508243,Repairs,Repairs,0,2026-03-14 13:03
SR508244,Billing,Billing,0,2026-03-14 18:06
SR508245,Installs & Demo,Installs & Demo,0,2026-03-14 18:05
SR508246,Filters & Consumables,Repairs,1,2026-03-15 03:37
SR508247,Product Advice,Product Advice,0,2026-03-14 19:33
SR508248,Product Advice,Product Advice,0,2026-03-15 00:42
SR508249,Installs & Demo,Installs & Demo,0,2026-03-15 01:22
SR508250,Repairs,Repairs,0,2026-03-14 20:13
SR508251,Repairs,Repairs,0,2026-03-14 20:18
SR508252,Repairs,Repairs,0,2026-03-15 10:58
SR508253,Warranty Claims,Warranty Claims,0,2026-03-15 07:02
SR508254,Repairs,Repairs,0,2026-03-15 01:03
SR508255,Repairs,Repairs,0,2026-03-15 10:37
SR508256,Repairs,Repairs,0,2026-03-15 07:39
SR508257,Product Advice,Product Advice,0,2026-03-15 10:44
SR508258,Returns & Replacement,Returns & Replacement,0,2026-03-15 08:51
SR508259,Warranty Claims,Warranty Claims,0,2026-03-15 19:05
SR508260,Installs & Demo,Installs & Demo,0,2026-03-15 08:23
SR508261,Installs & Demo,Installs & Demo,0,2026-03-15 10:30
SR508262,Repairs,Repairs,0,2026-03-15 15:23
SR508263,Returns & Replacement,Returns & Replacement,0,2026-03-15 19:56
SR508264,Repairs,Repairs,1,2026-03-15 14:31
SR508265,Billing,Returns & Replacement,2,2026-03-16 09:17
SR508266,Repairs,Filters & Consumables,2,2026-03-17 01:31
SR508267,Product Advice,Product Advice,0,2026-03-15 17:56
SR508268,Returns & Replacement,Returns & Replacement,0,2026-03-15 22:18
SR508269,Installs & Demo,Installs & Demo,0,2026-03-15 20:53
SR508270,Repairs,Billing,1,2026-03-16 07:57
SR508271,Product Advice,Product Advice,0,2026-03-16 15:33
SR508272,Installs & Demo,Installs & Demo,0,2026-03-16 03:49
SR508273,Filters & Consumables,Repairs,1,2026-03-15 18:36
SR508274,Product Advice,Product Advice,0,2026-03-16 07:27
SR508275,Billing,Installs & Demo,1,2026-03-18 03:29
SR508276,Billing,Billing,0,2026-03-16 00:21
SR508277,Billing,Billing,0,2026-03-16 00:59
SR508278,Warranty Claims,Warranty Claims,0,2026-03-17 00:27
SR508279,Repairs,Repairs,0,2026-03-17 17:23
SR508280,Repairs,Repairs,0,2026-03-16 16:58
SR508281,Billing,Warranty Claims,1,2026-03-16 16:13
SR508282,Returns & Replacement,Returns & Replacement,0,2026-03-17 08:00
SR508283,Installs & Demo,Installs & Demo,0,2026-03-16 20:43
SR508284,Repairs,Filters & Consumables,1,2026-03-16 13:40
SR508285,Repairs,Repairs,0,2026-03-17 18:15
SR508286,Billing,Billing,0,2026-03-16 10:12
SR508287,Repairs,Repairs,0,2026-03-16 18:29
SR508288,Repairs,Warranty Claims,1,2026-03-16 13:10
SR508289,Product Advice,Product Advice,0,2026-03-16 13:11
SR508290,Product Advice,Product Advice,0,2026-03-16 16:29
SR508291,Repairs,Product Advice,2,2026-03-17 07:35
SR508292,Billing,Billing,0,2026-03-16 16:37
SR508293,Billing,Billing,0,2026-03-16 16:02
SR508294,Installs & Demo,Installs & Demo,0,2026-03-16 23:40
SR508295,Product Advice,Product Advice,0,2026-03-17 17:01
SR508296,Repairs,Repairs,1,2026-03-17 10:17
SR508297,Filters & Consumables,Filters & Consumables,0,2026-03-16 20:56
SR508298,Product Advice,Product Advice,0,2026-03-16 21:26
SR508299,Repairs,Repairs,0,2026-03-17 03:31
SR508300,Filters & Consumables,Filters & Consumables,0,2026-03-17 03:19
SR508301,Returns & Replacement,Returns & Replacement,1,2026-03-17 05:10
SR508302,Filters & Consumables,Billing,2,2026-03-17 21:48
SR508303,Returns & Replacement,Returns & Replacement,0,2026-03-17 01:21
SR508304,Repairs,Billing,2,2026-03-17 11:16
SR508305,Billing,Installs & Demo,1,2026-03-17 18:19
SR508306,Filters & Consumables,Returns & Replacement,2,2026-03-18 08:39
SR508307,Repairs,Repairs,1,2026-03-17 16:07
SR508308,Returns & Replacement,Warranty Claims,0,2026-03-17 04:27
SR508309,Repairs,Repairs,0,2026-03-17 17:37
SR508310,Product Advice,Product Advice,0,2026-03-17 16:55
SR508311,Billing,Installs & Demo,2,2026-03-20 01:48
SR508312,Warranty Claims,Warranty Claims,0,2026-03-17 14:23
SR508313,Installs & Demo,Installs & Demo,0,2026-03-18 07:16
SR508314,Installs & Demo,Installs & Demo,0,2026-03-17 13:32
SR508315,Filters & Consumables,Filters & Consumables,0,2026-03-17 14:30
SR508316,Repairs,Repairs,0,2026-03-17 22:42
SR508317,Billing,Billing,0,2026-03-17 16:12
SR508318,Installs & Demo,Installs & Demo,0,2026-03-18 00:11
SR508319,Returns & Replacement,Returns & Replacement,0,2026-03-18 01:41
SR508320,Filters & Consumables,Filters & Consumables,0,2026-03-17 20:14
SR508321,Filters & Consumables,Filters & Consumables,0,2026-03-17 20:56
SR508322,Repairs,Warranty Claims,2,2026-03-18 10:47
SR508323,Billing,Repairs,2,2026-03-20 06:32
SR508324,Filters & Consumables,Filters & Consumables,0,2026-03-21 02:35
SR508325,Billing,Warranty Claims,1,2026-03-18 18:07
SR508326,Warranty Claims,Warranty Claims,0,2026-03-18 04:10
SR508327,Warranty Claims,Warranty Claims,0,2026-03-18 08:30
SR508328,Returns & Replacement,Returns & Replacement,0,2026-03-18 05:55
SR508329,Billing,Repairs,2,2026-03-18 07:30
SR508330,Billing,Billing,0,2026-03-19 02:46
SR508331,Repairs,Warranty Claims,2,2026-03-19 13:01
SR508332,Repairs,Repairs,0,2026-03-18 07:18
SR508333,Filters & Consumables,Repairs,1,2026-03-19 14:56
SR508334,Installs & Demo,Installs & Demo,0,2026-03-18 05:58
SR508335,Returns & Replacement,Returns & Replacement,0,2026-03-18 06:35
SR508336,Product Advice,Product Advice,0,2026-03-18 15:02
SR508337,Filters & Consumables,Filters & Consumables,0,2026-03-19 09:54
SR508338,Billing,Warranty Claims,2,2026-03-19 06:14
SR508339,Repairs,Repairs,0,2026-03-18 12:06
SR508340,Product Advice,Product Advice,0,2026-03-18 14:43
SR508341,Filters & Consumables,Filters & Consumables,0,2026-03-18 12:29
SR508342,Returns & Replacement,Returns & Replacement,0,2026-03-18 12:52
SR508343,Installs & Demo,Installs & Demo,0,2026-03-20 12:25
SR508344,Product Advice,Product Advice,0,2026-03-18 11:40
SR508345,Repairs,Product Advice,1,2026-03-19 05:18
SR508346,Billing,Repairs,2,2026-03-22 06:02
SR508347,Repairs,Repairs,0,2026-03-20 06:55
SR508348,Warranty Claims,Warranty Claims,0,2026-03-18 15:29
SR508349,Filters & Consumables,Filters & Consumables,0,2026-03-18 19:51
SR508350,Filters & Consumables,Filters & Consumables,0,2026-03-18 18:43
SR508351,Installs & Demo,Installs & Demo,0,2026-03-18 16:57
SR508352,Billing,Billing,0,2026-03-19 01:52
SR508353,Repairs,Repairs,0,2026-03-18 20:32
SR508354,Filters & Consumables,Filters & Consumables,0,2026-03-18 23:12
SR508355,Billing,Billing,0,2026-03-19 00:05
SR508356,Billing,Billing,0,2026-03-19 08:01
SR508357,Product Advice,Product Advice,0,2026-03-19 00:47
SR508358,Billing,Repairs,1,2026-03-18 22:13
SR508359,Repairs,Repairs,0,2026-03-19 07:14
SR508360,Returns & Replacement,Billing,0,2026-03-19 03:39
SR508361,Billing,Billing,0,2026-03-19 23:13
SR508362,Billing,Billing,0,2026-03-19 13:06
SR508363,Warranty Claims,Product Advice,2,2026-03-21 18:56
SR508364,Filters & Consumables,Filters & Consumables,0,2026-03-19 05:44
SR508365,Repairs,Repairs,0,2026-03-19 09:13
SR508366,Billing,Repairs,1,2026-03-19 19:37
SR508367,Product Advice,Product Advice,0,2026-03-19 19:23
SR508368,Installs & Demo,Installs & Demo,0,2026-03-19 13:35
SR508369,Billing,Billing,0,2026-03-19 15:06
SR508370,Repairs,Repairs,0,2026-03-19 11:19
SR508371,Returns & Replacement,Returns & Replacement,0,2026-03-19 10:12
SR508372,Billing,Billing,0,2026-03-19 15:03
SR508373,Repairs,Repairs,0,2026-03-19 14:44
SR508374,Billing,Repairs,1,2026-03-19 23:28
SR508375,Product Advice,Product Advice,0,2026-03-20 02:15
SR508376,Filters & Consumables,Filters & Consumables,0,2026-03-20 03:27
SR508377,Warranty Claims,Warranty Claims,0,2026-03-20 00:28
SR508378,Repairs,Repairs,0,2026-03-20 03:12
SR508379,Repairs,Repairs,0,2026-03-19 19:29
SR508380,Returns & Replacement,Returns & Replacement,0,2026-03-20 18:20
SR508381,Repairs,Repairs,0,2026-03-20 04:13
SR508382,Billing,Billing,0,2026-03-20 00:06
SR508383,Warranty Claims,Warranty Claims,0,2026-03-19 23:59
SR508384,Warranty Claims,Warranty Claims,0,2026-03-20 03:37
SR508385,Billing,Billing,0,2026-03-20 00:55
SR508386,Returns & Replacement,Returns & Replacement,0,2026-03-20 00:23
SR508387,Repairs,Warranty Claims,2,2026-03-21 17:28
SR508388,Repairs,Filters & Consumables,1,2026-03-20 07:09
SR508389,Billing,Billing,0,2026-03-20 09:26
SR508390,Filters & Consumables,Installs & Demo,2,2026-03-21 08:13
SR508391,Warranty Claims,Warranty Claims,0,2026-03-21 07:24
SR508392,Repairs,Returns & Replacement,1,2026-03-21 03:49
SR508393,Warranty Claims,Warranty Claims,0,2026-03-21 08:19
SR508394,Repairs,Repairs,0,2026-03-20 18:39
SR508395,Returns & Replacement,Returns & Replacement,0,2026-03-20 20:02
SR508396,Installs & Demo,Installs & Demo,0,2026-03-21 02:05
SR508397,Repairs,Repairs,0,2026-03-20 19:09
SR508398,Returns & Replacement,Returns & Replacement,0,2026-03-21 06:04
SR508399,Installs & Demo,Installs & Demo,0,2026-03-20 18:07
SR508400,Repairs,Repairs,0,2026-03-21 23:28
SR508401,Product Advice,Product Advice,0,2026-03-22 09:43
SR508402,Product Advice,Product Advice,0,2026-03-20 19:55
SR508403,Repairs,Repairs,0,2026-03-21 04:13
SR508404,Repairs,Repairs,0,2026-03-20 20:52
SR508405,Repairs,Repairs,0,2026-03-21 09:24
SR508406,Repairs,Product Advice,1,2026-03-21 23:42
SR508407,Returns & Replacement,Returns & Replacement,0,2026-03-21 04:49
SR508408,Filters & Consumables,Filters & Consumables,0,2026-03-21 06:58
SR508409,Filters & Consumables,Repairs,1,2026-03-22 06:40
SR508410,Billing,Installs & Demo,1,2026-03-23 10:53
SR508411,Billing,Repairs,2,2026-03-22 14:10
SR508412,Repairs,Repairs,0,2026-03-21 20:57
SR508413,Installs & Demo,Installs & Demo,0,2026-03-22 02:04
SR508414,Returns & Replacement,Returns & Replacement,0,2026-03-21 18:37
SR508415,Returns & Replacement,Returns & Replacement,0,2026-03-21 06:30
SR508416,Filters & Consumables,Repairs,1,2026-03-21 03:51
SR508417,Returns & Replacement,Returns & Replacement,0,2026-03-21 05:10
SR508418,Warranty Claims,Warranty Claims,0,2026-03-21 23:36
SR508419,Warranty Claims,Warranty Claims,0,2026-03-21 07:08
SR508420,Billing,Billing,0,2026-03-21 07:23
SR508421,Filters & Consumables,Filters & Consumables,0,2026-03-21 05:51
SR508422,Warranty Claims,Warranty Claims,0,2026-03-21 17:06
SR508423,Repairs,Billing,1,2026-03-21 17:05
SR508424,Product Advice,Product Advice,0,2026-03-21 13:18
SR508425,Product Advice,Product Advice,0,2026-03-21 22:43
SR508426,Installs & Demo,Installs & Demo,0,2026-03-21 13:02
SR508427,Returns & Replacement,Returns & Replacement,0,2026-03-21 12:51
SR508428,Filters & Consumables,Filters & Consumables,0,2026-03-22 12:24
SR508429,Returns & Replacement,Returns & Replacement,0,2026-03-22 04:46
SR508430,Returns & Replacement,Returns & Replacement,0,2026-03-22 13:40
SR508431,Repairs,Repairs,0,2026-03-21 16:47
SR508432,Repairs,Repairs,0,2026-03-23 10:16
SR508433,Repairs,Repairs,0,2026-03-21 19:54
SR508434,Filters & Consumables,Filters & Consumables,0,2026-03-21 21:42
SR508435,Filters & Consumables,Filters & Consumables,0,2026-03-22 08:49
SR508436,Installs & Demo,Installs & Demo,0,2026-03-22 17:01
SR508437,Repairs,Repairs,0,2026-03-22 04:32
SR508438,Repairs,Repairs,0,2026-03-22 03:15
SR508439,Warranty Claims,Warranty Claims,0,2026-03-22 07:50
SR508440,Repairs,Repairs,0,2026-03-22 13:08
SR508441,Warranty Claims,Warranty Claims,0,2026-03-22 10:17
SR508442,Repairs,Installs & Demo,2,2026-03-24 00:13
SR508443,Repairs,Repairs,0,2026-03-22 08:56
SR508444,Installs & Demo,Installs & Demo,0,2026-03-22 16:04
SR508445,Repairs,Billing,2,2026-03-24 11:37
SR508446,Repairs,Repairs,0,2026-03-22 16:04
SR508447,Billing,Billing,0,2026-03-23 05:29
SR508448,Filters & Consumables,Filters & Consumables,0,2026-03-23 06:17
SR508449,Repairs,Filters & Consumables,2,2026-03-23 05:44
SR508450,Repairs,Repairs,0,2026-03-22 19:27
SR508451,Repairs,Repairs,0,2026-03-23 00:10
SR508452,Repairs,Returns & Replacement,1,2026-03-23 01:48
SR508453,Installs & Demo,Installs & Demo,0,2026-03-23 03:14
SR508454,Filters & Consumables,Filters & Consumables,0,2026-03-22 21:53
SR508455,Installs & Demo,Installs & Demo,0,2026-03-22 23:02
SR508456,Warranty Claims,Warranty Claims,0,2026-03-24 10:04
SR508457,Repairs,Repairs,0,2026-03-23 15:12
SR508458,Billing,Repairs,2,2026-03-23 06:34
SR508459,Repairs,Repairs,0,2026-03-22 22:47
SR508460,Product Advice,Product Advice,0,2026-03-23 19:56
SR508461,Repairs,Product Advice,1,2026-03-23 04:41
SR508462,Installs & Demo,Installs & Demo,0,2026-03-23 05:55
SR508463,Warranty Claims,Warranty Claims,0,2026-03-23 23:27
SR508464,Returns & Replacement,Returns & Replacement,0,2026-03-23 14:01
SR508465,Returns & Replacement,Returns & Replacement,0,2026-03-23 12:18
SR508466,Returns & Replacement,Returns & Replacement,1,2026-03-23 16:05
SR508467,Installs & Demo,Installs & Demo,0,2026-03-23 09:21
SR508468,Warranty Claims,Warranty Claims,0,2026-03-24 00:28
SR508469,Installs & Demo,Installs & Demo,0,2026-03-23 19:35
SR508470,Returns & Replacement,Returns & Replacement,0,2026-03-24 13:44
SR508471,Installs & Demo,Installs & Demo,0,2026-03-23 20:49
SR508472,Returns & Replacement,Returns & Replacement,1,2026-03-25 06:06
SR508473,Returns & Replacement,Returns & Replacement,0,2026-03-23 16:43
SR508474,Repairs,Repairs,0,2026-03-24 15:11
SR508475,Returns & Replacement,Returns & Replacement,0,2026-03-23 18:19
SR508476,Product Advice,Product Advice,0,2026-03-24 11:18
SR508477,Repairs,Installs & Demo,1,2026-03-23 16:47
SR508478,Returns & Replacement,Returns & Replacement,0,2026-03-24 05:35
SR508479,Warranty Claims,Warranty Claims,0,2026-03-24 10:10
SR508480,Repairs,Repairs,0,2026-03-23 22:18
SR508481,Filters & Consumables,Installs & Demo,2,2026-03-24 04:20
SR508482,Filters & Consumables,Billing,2,2026-03-23 22:17
SR508483,Repairs,Installs & Demo,1,2026-03-24 01:40
SR508484,Returns & Replacement,Returns & Replacement,0,2026-03-23 20:04
SR508485,Filters & Consumables,Filters & Consumables,0,2026-03-24 01:23
SR508486,Returns & Replacement,Returns & Replacement,0,2026-03-24 11:46
SR508487,Installs & Demo,Installs & Demo,0,2026-03-24 00:29
SR508488,Filters & Consumables,Repairs,2,2026-03-24 20:14
SR508489,Returns & Replacement,Returns & Replacement,1,2026-03-24 15:45
SR508490,Warranty Claims,Warranty Claims,0,2026-03-24 03:59
SR508491,Billing,Billing,0,2026-03-24 12:08
SR508492,Product Advice,Product Advice,0,2026-03-24 09:52
SR508493,Warranty Claims,Warranty Claims,0,2026-03-25 03:21
SR508494,Repairs,Billing,2,2026-03-24 19:01
SR508495,Repairs,Product Advice,2,2026-03-24 12:18
SR508496,Product Advice,Product Advice,0,2026-03-24 17:36
SR508497,Billing,Installs & Demo,1,2026-03-25 03:57
SR508498,Filters & Consumables,Returns & Replacement,1,2026-03-28 12:10
SR508499,Repairs,Repairs,0,2026-03-24 09:56
SR508500,Returns & Replacement,Returns & Replacement,0,2026-03-24 22:45
SR508501,Filters & Consumables,Repairs,1,2026-03-26 06:08
SR508502,Repairs,Billing,2,2026-03-25 23:26
SR508503,Repairs,Billing,2,2026-03-25 14:11
SR508504,Installs & Demo,Installs & Demo,0,2026-03-24 21:40
SR508505,Returns & Replacement,Returns & Replacement,0,2026-03-24 21:40
SR508506,Repairs,Repairs,0,2026-03-25 14:10
SR508507,Repairs,Repairs,0,2026-03-25 01:35
SR508508,Warranty Claims,Warranty Claims,0,2026-03-25 16:54
SR508509,Filters & Consumables,Product Advice,2,2026-03-25 09:15
SR508510,Repairs,Filters & Consumables,2,2026-03-25 08:36
SR508511,Billing,Installs & Demo,2,2026-03-25 13:05
SR508512,Product Advice,Product Advice,0,2026-03-25 02:17
SR508513,Installs & Demo,Installs & Demo,0,2026-03-25 04:19
SR508514,Repairs,Repairs,0,2026-03-25 16:18
SR508515,Billing,Billing,0,2026-03-25 03:16
SR508516,Billing,Billing,0,2026-03-25 04:23
SR508517,Filters & Consumables,Filters & Consumables,0,2026-03-25 08:33
SR508518,Repairs,Repairs,0,2026-03-25 12:11
SR508519,Filters & Consumables,Filters & Consumables,0,2026-03-25 07:16
SR508520,Product Advice,Product Advice,1,2026-03-26 05:55
SR508521,Product Advice,Product Advice,0,2026-03-25 12:54
SR508522,Returns & Replacement,Returns & Replacement,0,2026-03-25 16:49
SR508523,Billing,Billing,0,2026-03-25 20:11
SR508524,Repairs,Billing,2,2026-03-26 03:08
SR508525,Warranty Claims,Warranty Claims,0,2026-03-25 15:00
SR508526,Product Advice,Product Advice,0,2026-03-25 23:52
SR508527,Installs & Demo,Installs & Demo,0,2026-03-25 21:53
SR508528,Filters & Consumables,Filters & Consumables,0,2026-03-25 17:36
SR508529,Repairs,Installs & Demo,2,2026-03-28 03:58
SR508530,Warranty Claims,Warranty Claims,0,2026-03-25 23:27
SR508531,Repairs,Repairs,0,2026-03-26 17:31
SR508532,Warranty Claims,Warranty Claims,0,2026-03-26 03:52
SR508533,Installs & Demo,Installs & Demo,0,2026-03-26 04:34
SR508534,Repairs,Repairs,0,2026-03-26 02:49
SR508535,Installs & Demo,Billing,2,2026-03-26 00:16
SR508536,Filters & Consumables,Repairs,1,2026-03-26 02:09
SR508537,Repairs,Returns & Replacement,2,2026-03-27 00:18
SR508538,Warranty Claims,Warranty Claims,0,2026-03-26 12:31
SR508539,Repairs,Repairs,0,2026-03-26 03:19
SR508540,Filters & Consumables,Filters & Consumables,0,2026-03-26 12:15
SR508541,Product Advice,Product Advice,0,2026-03-26 20:30
SR508542,Filters & Consumables,Filters & Consumables,0,2026-03-26 04:31
SR508543,Repairs,Warranty Claims,1,2026-03-26 04:24
SR508544,Repairs,Repairs,0,2026-03-27 18:43
SR508545,Repairs,Repairs,0,2026-03-26 08:05
SR508546,Warranty Claims,Warranty Claims,0,2026-03-26 21:48
SR508547,Filters & Consumables,Billing,0,2026-03-26 12:47
SR508548,Filters & Consumables,Filters & Consumables,0,2026-03-26 14:34
SR508549,Warranty Claims,Warranty Claims,0,2026-03-26 21:58
SR508550,Installs & Demo,Installs & Demo,0,2026-03-26 15:58
SR508551,Returns & Replacement,Returns & Replacement,0,2026-03-26 16:57
SR508552,Billing,Installs & Demo,2,2026-03-27 18:50
SR508553,Product Advice,Product Advice,0,2026-03-26 17:48
SR508554,Repairs,Filters & Consumables,2,2026-03-28 19:31
SR508555,Filters & Consumables,Filters & Consumables,1,2026-03-27 07:44
SR508556,Filters & Consumables,Warranty Claims,1,2026-03-27 22:38
SR508557,Filters & Consumables,Filters & Consumables,0,2026-03-26 20:28
SR508558,Billing,Billing,0,2026-03-26 21:25
SR508559,Filters & Consumables,Filters & Consumables,0,2026-03-27 16:13
SR508560,Repairs,Returns & Replacement,2,2026-03-27 15:10
SR508561,Installs & Demo,Installs & Demo,0,2026-03-27 05:10
SR508562,Filters & Consumables,Filters & Consumables,0,2026-03-27 05:31
SR508563,Billing,Billing,0,2026-03-27 02:58
SR508564,Warranty Claims,Repairs,2,2026-03-28 03:27
SR508565,Repairs,Repairs,0,2026-03-27 10:41
SR508566,Warranty Claims,Warranty Claims,0,2026-03-27 12:34
SR508567,Repairs,Repairs,0,2026-03-27 22:41
SR508568,Billing,Billing,0,2026-03-27 12:31
SR508569,Returns & Replacement,Returns & Replacement,0,2026-03-27 05:28
SR508570,Installs & Demo,Installs & Demo,0,2026-03-27 17:48
SR508571,Installs & Demo,Installs & Demo,0,2026-03-27 13:19
SR508572,Installs & Demo,Installs & Demo,0,2026-03-27 19:43
SR508573,Product Advice,Product Advice,0,2026-03-27 11:27
SR508574,Repairs,Repairs,0,2026-03-28 05:07
SR508575,Billing,Billing,0,2026-03-27 15:31
SR508576,Repairs,Filters & Consumables,2,2026-03-28 04:49
SR508577,Repairs,Repairs,0,2026-03-27 13:45
SR508578,Returns & Replacement,Returns & Replacement,0,2026-03-27 17:04
SR508579,Product Advice,Product Advice,0,2026-03-27 23:02
SR508580,Installs & Demo,Installs & Demo,0,2026-03-28 18:41
SR508581,Returns & Replacement,Returns & Replacement,0,2026-03-28 09:37
SR508582,Returns & Replacement,Returns & Replacement,0,2026-03-28 13:08
SR508583,Filters & Consumables,Repairs,2,2026-03-28 18:26
SR508584,Installs & Demo,Installs & Demo,0,2026-03-28 09:28
SR508585,Installs & Demo,Installs & Demo,0,2026-03-28 07:08
SR508586,Repairs,Repairs,0,2026-03-28 05:09
SR508587,Billing,Billing,0,2026-03-28 07:04
SR508588,Filters & Consumables,Product Advice,2,2026-03-31 02:11
SR508589,Installs & Demo,Installs & Demo,0,2026-03-28 07:49
SR508590,Filters & Consumables,Filters & Consumables,0,2026-03-28 16:53
SR508591,Repairs,Returns & Replacement,2,2026-04-05 05:57
SR508592,Warranty Claims,Warranty Claims,0,2026-03-28 11:02
SR508593,Filters & Consumables,Product Advice,1,2026-03-30 03:17
SR508594,Filters & Consumables,Repairs,1,2026-03-29 03:56
SR508595,Product Advice,Product Advice,0,2026-03-28 12:46
SR508596,Installs & Demo,Installs & Demo,0,2026-03-28 18:22
SR508597,Filters & Consumables,Returns & Replacement,2,2026-03-28 17:47
SR508598,Warranty Claims,Warranty Claims,0,2026-03-29 05:07
SR508599,Filters & Consumables,Filters & Consumables,0,2026-03-29 03:22
SR508600,Filters & Consumables,Repairs,1,2026-03-29 03:05
SR508601,Filters & Consumables,Repairs,2,2026-03-29 05:17
SR508602,Installs & Demo,Installs & Demo,0,2026-03-29 09:15
SR508603,Repairs,Repairs,0,2026-03-29 07:37
SR508604,Installs & Demo,Installs & Demo,0,2026-03-29 05:23
SR508605,Warranty Claims,Warranty Claims,0,2026-03-28 21:51
SR508606,Filters & Consumables,Filters & Consumables,0,2026-03-29 06:58
SR508607,Returns & Replacement,Repairs,2,2026-03-29 13:44
SR508608,Repairs,Repairs,1,2026-03-29 05:44
SR508609,Installs & Demo,Installs & Demo,0,2026-03-29 19:17
SR508610,Filters & Consumables,Filters & Consumables,0,2026-03-29 12:40
SR508611,Billing,Warranty Claims,1,2026-03-29 12:53
SR508612,Repairs,Repairs,0,2026-03-29 03:39
SR508613,Installs & Demo,Installs & Demo,0,2026-03-29 06:36
SR508614,Installs & Demo,Installs & Demo,0,2026-03-29 20:37
SR508615,Billing,Billing,0,2026-03-29 14:20
SR508616,Returns & Replacement,Returns & Replacement,0,2026-03-29 18:49
SR508617,Repairs,Returns & Replacement,2,2026-03-30 01:34
SR508618,Repairs,Repairs,0,2026-03-30 03:01
SR508619,Filters & Consumables,Filters & Consumables,0,2026-03-29 21:01
SR508620,Warranty Claims,Warranty Claims,0,2026-03-29 20:18
SR508621,Filters & Consumables,Filters & Consumables,0,2026-03-29 20:29
SR508622,Returns & Replacement,Returns & Replacement,0,2026-03-30 11:32
SR508623,Repairs,Repairs,0,2026-03-30 04:34
SR508624,Product Advice,Filters & Consumables,0,2026-03-30 07:51
SR508625,Returns & Replacement,Returns & Replacement,0,2026-03-30 07:00
SR508626,Repairs,Repairs,0,2026-03-30 04:02
SR508627,Repairs,Repairs,0,2026-03-30 01:39
SR508628,Warranty Claims,Warranty Claims,0,2026-03-30 15:55
SR508629,Warranty Claims,Product Advice,1,2026-03-30 03:31
SR508630,Repairs,Repairs,0,2026-03-30 06:03
SR508631,Filters & Consumables,Filters & Consumables,0,2026-03-30 06:28
SR508632,Repairs,Repairs,0,2026-03-30 04:02
SR508633,Warranty Claims,Warranty Claims,0,2026-03-30 06:13
SR508634,Billing,Returns & Replacement,2,2026-03-30 22:17
SR508635,Billing,Billing,0,2026-03-30 07:04
SR508636,Returns & Replacement,Returns & Replacement,0,2026-03-30 11:22
SR508637,Returns & Replacement,Returns & Replacement,0,2026-03-30 09:46
SR508638,Repairs,Repairs,0,2026-03-30 17:06
SR508639,Filters & Consumables,Repairs,2,2026-03-30 17:34
SR508640,Billing,Billing,0,2026-03-30 13:02
SR508641,Billing,Warranty Claims,1,2026-03-30 23:40
SR508642,Repairs,Repairs,0,2026-03-30 12:27
SR508643,Repairs,Billing,1,2026-03-31 03:18
SR508644,Billing,Repairs,2,2026-03-31 07:04
SR508645,Billing,Billing,0,2026-03-30 18:29
SR508646,Repairs,Repairs,0,2026-03-30 21:37
SR508647,Warranty Claims,Warranty Claims,0,2026-03-30 15:52
SR508648,Billing,Returns & Replacement,1,2026-03-30 23:29
SR508649,Repairs,Repairs,0,2026-03-30 18:49
SR508650,Installs & Demo,Installs & Demo,0,2026-03-30 23:51
SR508651,Billing,Billing,0,2026-03-30 22:51
SR508652,Filters & Consumables,Filters & Consumables,0,2026-03-30 23:40
SR508653,Returns & Replacement,Returns & Replacement,0,2026-03-31 04:33
SR508654,Billing,Installs & Demo,1,2026-04-03 15:39
SR508655,Billing,Installs & Demo,2,2026-03-31 23:57
SR508656,Repairs,Repairs,0,2026-03-31 21:07
SR508657,Filters & Consumables,Repairs,1,2026-03-31 19:49
SR508658,Repairs,Returns & Replacement,1,2026-03-31 11:23
SR508659,Installs & Demo,Installs & Demo,1,2026-03-31 02:13
SR508660,Billing,Billing,0,2026-03-31 06:01
SR508661,Product Advice,Product Advice,0,2026-03-31 11:39
SR508662,Warranty Claims,Warranty Claims,0,2026-03-31 02:16
SR508663,Warranty Claims,Warranty Claims,0,2026-03-31 23:05
SR508664,Billing,Billing,0,2026-03-31 01:23
SR508665,Returns & Replacement,Returns & Replacement,0,2026-03-31 18:06
SR508666,Installs & Demo,Installs & Demo,1,2026-03-31 22:43
SR508667,Filters & Consumables,Filters & Consumables,0,2026-03-31 09:51
SR508668,Product Advice,Product Advice,0,2026-03-31 10:15
SR508669,Installs & Demo,Installs & Demo,0,2026-03-31 11:10
SR508670,Repairs,Returns & Replacement,2,2026-03-31 18:18
SR508671,Filters & Consumables,Filters & Consumables,0,2026-03-31 14:25
SR508672,Billing,Billing,0,2026-03-31 12:04
SR508673,Repairs,Filters & Consumables,1,2026-04-01 14:31
SR508674,Billing,Billing,0,2026-03-31 21:18
SR508675,Repairs,Repairs,0,2026-03-31 19:25
SR508676,Warranty Claims,Warranty Claims,1,2026-03-31 21:35
SR508677,Filters & Consumables,Repairs,1,2026-04-01 02:48
SR508678,Installs & Demo,Installs & Demo,1,2026-04-01 05:44
SR508679,Repairs,Returns & Replacement,1,2026-03-31 22:53
SR508680,Repairs,Repairs,0,2026-03-31 23:41
SR508681,Billing,Warranty Claims,2,2026-04-02 22:19
SR508682,Installs & Demo,Installs & Demo,0,2026-04-01 06:43
SR508683,Product Advice,Product Advice,0,2026-04-01 05:27
SR508684,Product Advice,Product Advice,0,2026-04-01 00:06
SR508685,Returns & Replacement,Returns & Replacement,0,2026-04-01 04:27
SR508686,Repairs,Repairs,0,2026-04-01 18:35
SR508687,Filters & Consumables,Filters & Consumables,0,2026-04-01 05:31
SR508688,Installs & Demo,Installs & Demo,0,2026-04-01 05:12
SR508689,Repairs,Returns & Replacement,1,2026-04-01 21:52
SR508690,Returns & Replacement,Returns & Replacement,0,2026-04-01 19:39
SR508691,Repairs,Installs & Demo,1,2026-04-01 17:16
SR508692,Billing,Billing,0,2026-04-01 14:58
SR508693,Installs & Demo,Installs & Demo,0,2026-04-01 15:37
SR508694,Returns & Replacement,Returns & Replacement,0,2026-04-01 09:29
SR508695,Filters & Consumables,Filters & Consumables,0,2026-04-01 08:35
SR508696,Repairs,Repairs,0,2026-04-01 10:02
SR508697,Installs & Demo,Installs & Demo,0,2026-04-02 14:08
SR508698,Product Advice,Product Advice,0,2026-04-01 21:33
SR508699,Billing,Billing,0,2026-04-02 06:22
SR508700,Filters & Consumables,Filters & Consumables,0,2026-04-01 15:19
SR508701,Repairs,Repairs,0,2026-04-02 10:45
SR508702,Filters & Consumables,Filters & Consumables,0,2026-04-01 15:10
SR508703,Installs & Demo,Installs & Demo,1,2026-04-02 02:09
SR508704,Product Advice,Product Advice,1,2026-04-02 15:17
SR508705,Returns & Replacement,Product Advice,0,2026-04-02 01:49
SR508706,Repairs,Warranty Claims,2,2026-04-04 06:31
SR508707,Billing,Billing,0,2026-04-03 10:56
SR508708,Installs & Demo,Installs & Demo,0,2026-04-02 01:19
SR508709,Repairs,Repairs,0,2026-04-02 06:28
SR508710,Product Advice,Product Advice,0,2026-04-02 16:06
SR508711,Repairs,Repairs,0,2026-04-02 06:23
SR508712,Billing,Returns & Replacement,1,2026-04-02 15:59
SR508713,Repairs,Repairs,0,2026-04-02 10:20
SR508714,Billing,Repairs,1,2026-04-02 13:57
SR508715,Billing,Billing,0,2026-04-02 19:16
SR508716,Repairs,Installs & Demo,2,2026-04-03 11:45
SR508717,Repairs,Product Advice,1,2026-04-02 09:49
SR508718,Product Advice,Product Advice,0,2026-04-02 16:52
SR508719,Repairs,Repairs,0,2026-04-02 21:04
SR508720,Repairs,Repairs,0,2026-04-03 00:32
SR508721,Filters & Consumables,Repairs,1,2026-04-02 19:41
SR508722,Repairs,Repairs,0,2026-04-03 00:54
SR508723,Repairs,Repairs,0,2026-04-02 15:37
SR508724,Returns & Replacement,Returns & Replacement,0,2026-04-02 19:36
SR508725,Returns & Replacement,Returns & Replacement,0,2026-04-02 21:26
SR508726,Returns & Replacement,Returns & Replacement,0,2026-04-02 21:46
SR508727,Warranty Claims,Warranty Claims,1,2026-04-04 09:00
SR508728,Repairs,Repairs,0,2026-04-03 00:30
SR508729,Filters & Consumables,Filters & Consumables,0,2026-04-03 10:07
SR508730,Installs & Demo,Installs & Demo,0,2026-04-03 04:16
SR508731,Product Advice,Product Advice,0,2026-04-03 16:01
SR508732,Returns & Replacement,Returns & Replacement,0,2026-04-03 04:51
SR508733,Billing,Installs & Demo,1,2026-04-03 20:25
SR508734,Billing,Billing,0,2026-04-03 15:06
SR508735,Filters & Consumables,Filters & Consumables,0,2026-04-03 04:41
SR508736,Repairs,Repairs,0,2026-04-03 07:01
SR508737,Filters & Consumables,Filters & Consumables,0,2026-04-03 13:37
SR508738,Repairs,Repairs,0,2026-04-03 07:35
SR508739,Repairs,Repairs,0,2026-04-03 08:46
SR508740,Repairs,Billing,2,2026-04-03 22:54
SR508741,Returns & Replacement,Returns & Replacement,0,2026-04-03 19:03
SR508742,Warranty Claims,Warranty Claims,0,2026-04-03 15:00
SR508743,Warranty Claims,Warranty Claims,0,2026-04-03 13:22
SR508744,Installs & Demo,Installs & Demo,0,2026-04-04 10:44
SR508745,Filters & Consumables,Filters & Consumables,0,2026-04-04 21:41
SR508746,Warranty Claims,Warranty Claims,0,2026-04-03 14:39
SR508747,Repairs,Installs & Demo,1,2026-04-04 12:49
SR508748,Installs & Demo,Installs & Demo,0,2026-04-03 18:21
SR508749,Filters & Consumables,Filters & Consumables,0,2026-04-04 03:40
SR508750,Warranty Claims,Filters & Consumables,2,2026-04-04 05:36
SR508751,Product Advice,Billing,0,2026-04-04 01:04
SR508752,Product Advice,Product Advice,0,2026-04-04 00:04
SR508753,Product Advice,Product Advice,0,2026-04-09 05:47
SR508754,Repairs,Repairs,0,2026-04-04 16:28
SR508755,Billing,Billing,0,2026-04-04 10:17
SR508756,Warranty Claims,Warranty Claims,0,2026-04-04 11:59
SR508757,Filters & Consumables,Repairs,1,2026-04-04 23:24
SR508758,Billing,Billing,0,2026-04-04 12:24
SR508759,Filters & Consumables,Repairs,2,2026-04-06 09:39
SR508760,Repairs,Product Advice,1,2026-04-04 22:49
SR508761,Repairs,Product Advice,1,2026-04-05 16:22
SR508762,Warranty Claims,Warranty Claims,0,2026-04-06 15:39
SR508763,Repairs,Repairs,0,2026-04-04 19:25
SR508764,Returns & Replacement,Returns & Replacement,0,2026-04-04 17:39
SR508765,Repairs,Repairs,0,2026-04-04 23:35
SR508766,Repairs,Filters & Consumables,2,2026-04-06 10:16
SR508767,Product Advice,Product Advice,0,2026-04-05 10:55
SR508768,Repairs,Repairs,0,2026-04-05 08:17
SR508769,Returns & Replacement,Returns & Replacement,0,2026-04-05 06:50
SR508770,Repairs,Billing,1,2026-04-05 00:27
SR508771,Billing,Billing,0,2026-04-05 05:26
SR508772,Filters & Consumables,Filters & Consumables,0,2026-04-05 10:14
SR508773,Installs & Demo,Installs & Demo,0,2026-04-05 05:01
SR508774,Billing,Billing,0,2026-04-05 11:22
SR508775,Installs & Demo,Installs & Demo,0,2026-04-05 08:53
SR508776,Filters & Consumables,Filters & Consumables,0,2026-04-05 23:23
SR508777,Billing,Billing,0,2026-04-05 08:41
SR508778,Product Advice,Product Advice,0,2026-04-05 08:24
SR508779,Warranty Claims,Warranty Claims,0,2026-04-05 12:22
SR508780,Returns & Replacement,Returns & Replacement,0,2026-04-05 22:21
SR508781,Repairs,Repairs,0,2026-04-05 09:57
SR508782,Repairs,Product Advice,1,2026-04-05 10:59
SR508783,Repairs,Warranty Claims,2,2026-04-07 09:46
SR508784,Billing,Billing,0,2026-04-05 18:39
SR508785,Returns & Replacement,Returns & Replacement,0,2026-04-06 04:11
SR508786,Returns & Replacement,Returns & Replacement,0,2026-04-05 10:08
SR508787,Billing,Repairs,2,2026-04-06 17:00
SR508788,Repairs,Installs & Demo,1,2026-04-05 12:55
SR508789,Billing,Repairs,1,2026-04-07 03:43
SR508790,Repairs,Repairs,0,2026-04-05 18:09
SR508791,Filters & Consumables,Filters & Consumables,0,2026-04-06 16:07
SR508792,Product Advice,Product Advice,0,2026-04-05 18:23
SR508793,Repairs,Repairs,0,2026-04-05 20:43
SR508794,Repairs,Repairs,0,2026-04-06 03:37
SR508795,Filters & Consumables,Repairs,1,2026-04-06 06:50
SR508796,Installs & Demo,Installs & Demo,0,2026-04-05 19:37
SR508797,Installs & Demo,Installs & Demo,0,2026-04-06 01:29
SR508798,Filters & Consumables,Filters & Consumables,0,2026-04-06 17:27
SR508799,Repairs,Repairs,0,2026-04-08 04:14
SR508800,Product Advice,Product Advice,0,2026-04-06 08:23
SR508801,Repairs,Repairs,0,2026-04-06 06:41
SR508802,Repairs,Product Advice,2,2026-04-07 10:46
SR508803,Returns & Replacement,Returns & Replacement,0,2026-04-06 05:47
SR508804,Warranty Claims,Warranty Claims,0,2026-04-07 01:50
SR508805,Product Advice,Product Advice,0,2026-04-06 14:34
SR508806,Returns & Replacement,Returns & Replacement,0,2026-04-06 02:06
SR508807,Installs & Demo,Installs & Demo,0,2026-04-06 16:46
SR508808,Installs & Demo,Installs & Demo,0,2026-04-06 11:16
SR508809,Warranty Claims,Warranty Claims,0,2026-04-06 10:04
SR508810,Billing,Billing,0,2026-04-06 09:37
SR508811,Billing,Billing,1,2026-04-06 11:42
SR508812,Warranty Claims,Warranty Claims,0,2026-04-06 08:50
SR508813,Filters & Consumables,Installs & Demo,1,2026-04-06 14:25
SR508814,Warranty Claims,Filters & Consumables,1,2026-04-08 14:04
SR508815,Billing,Billing,0,2026-04-06 12:47
SR508816,Billing,Billing,0,2026-04-07 13:02
SR508817,Installs & Demo,Installs & Demo,0,2026-04-06 15:54
SR508818,Repairs,Repairs,0,2026-04-06 16:14
SR508819,Billing,Billing,0,2026-04-06 21:17
SR508820,Installs & Demo,Installs & Demo,0,2026-04-07 23:54
SR508821,Returns & Replacement,Returns & Replacement,0,2026-04-06 18:48
SR508822,Returns & Replacement,Returns & Replacement,0,2026-04-07 08:53
SR508823,Repairs,Warranty Claims,2,2026-04-09 04:51
SR508824,Product Advice,Product Advice,0,2026-04-07 00:53
SR508825,Product Advice,Product Advice,0,2026-04-07 02:31
SR508826,Product Advice,Product Advice,1,2026-04-07 03:53
SR508827,Repairs,Returns & Replacement,2,2026-04-08 03:22
SR508828,Billing,Billing,0,2026-04-07 11:36
SR508829,Returns & Replacement,Returns & Replacement,0,2026-04-07 08:10
SR508830,Repairs,Repairs,0,2026-04-07 07:25
SR508831,Installs & Demo,Installs & Demo,0,2026-04-07 03:54
SR508832,Repairs,Repairs,0,2026-04-07 05:52
SR508833,Installs & Demo,Installs & Demo,0,2026-04-07 16:58
SR508834,Repairs,Repairs,0,2026-04-07 21:07
SR508835,Billing,Installs & Demo,2,2026-04-08 02:58
SR508836,Returns & Replacement,Returns & Replacement,0,2026-04-07 13:16
SR508837,Repairs,Billing,2,2026-04-13 12:42
SR508838,Filters & Consumables,Repairs,1,2026-04-08 05:27
SR508839,Billing,Billing,0,2026-04-08 04:46
SR508840,Returns & Replacement,Returns & Replacement,0,2026-04-07 18:10
SR508841,Returns & Replacement,Returns & Replacement,0,2026-04-08 12:10
SR508842,Installs & Demo,Installs & Demo,0,2026-04-08 16:45
SR508843,Product Advice,Product Advice,0,2026-04-08 02:27
SR508844,Billing,Billing,0,2026-04-09 08:05
SR508845,Repairs,Installs & Demo,1,2026-04-08 04:00
SR508846,Repairs,Filters & Consumables,1,2026-04-08 00:18
SR508847,Billing,Billing,0,2026-04-08 14:42
SR508848,Repairs,Filters & Consumables,1,2026-04-09 11:31
SR508849,Billing,Billing,0,2026-04-08 06:26
SR508850,Installs & Demo,Installs & Demo,0,2026-04-10 11:51
SR508851,Product Advice,Product Advice,0,2026-04-08 21:32
SR508852,Repairs,Returns & Replacement,1,2026-04-09 00:07
SR508853,Filters & Consumables,Filters & Consumables,0,2026-04-08 23:42
SR508854,Repairs,Repairs,0,2026-04-08 20:36
SR508855,Billing,Returns & Replacement,2,2026-04-09 00:37
SR508856,Installs & Demo,Returns & Replacement,1,2026-04-08 06:58
SR508857,Installs & Demo,Installs & Demo,0,2026-04-08 16:05
SR508858,Warranty Claims,Warranty Claims,0,2026-04-08 20:25
SR508859,Repairs,Repairs,0,2026-04-08 16:05
SR508860,Billing,Billing,0,2026-04-08 16:33
SR508861,Returns & Replacement,Returns & Replacement,0,2026-04-08 22:43
SR508862,Product Advice,Product Advice,1,2026-04-08 10:54
SR508863,Installs & Demo,Installs & Demo,0,2026-04-09 08:00
SR508864,Installs & Demo,Installs & Demo,0,2026-04-09 00:37
SR508865,Repairs,Filters & Consumables,1,2026-04-08 13:50
SR508866,Product Advice,Product Advice,0,2026-04-08 13:31
SR508867,Filters & Consumables,Repairs,1,2026-04-08 14:14
SR508868,Warranty Claims,Warranty Claims,0,2026-04-09 00:04
SR508869,Installs & Demo,Installs & Demo,0,2026-04-08 14:45
SR508870,Warranty Claims,Warranty Claims,0,2026-04-09 15:17
SR508871,Repairs,Returns & Replacement,1,2026-04-09 16:08
SR508872,Installs & Demo,Installs & Demo,0,2026-04-08 20:40
SR508873,Warranty Claims,Warranty Claims,0,2026-04-08 20:07
SR508874,Billing,Installs & Demo,2,2026-04-09 06:31
SR508875,Billing,Billing,0,2026-04-09 05:08
SR508876,Repairs,Installs & Demo,1,2026-04-09 07:50
SR508877,Returns & Replacement,Returns & Replacement,0,2026-04-09 15:43
SR508878,Repairs,Installs & Demo,2,2026-04-09 04:18
SR508879,Repairs,Installs & Demo,1,2026-04-09 14:24
SR508880,Repairs,Repairs,0,2026-04-09 06:30
SR508881,Repairs,Installs & Demo,1,2026-04-09 09:29
SR508882,Repairs,Repairs,0,2026-04-09 18:20
SR508883,Installs & Demo,Installs & Demo,0,2026-04-09 12:55
SR508884,Filters & Consumables,Repairs,1,2026-04-09 16:14
SR508885,Filters & Consumables,Filters & Consumables,0,2026-04-10 06:15
SR508886,Repairs,Repairs,0,2026-04-10 06:36
SR508887,Billing,Billing,1,2026-04-09 13:05
SR508888,Installs & Demo,Installs & Demo,0,2026-04-10 02:42
SR508889,Filters & Consumables,Filters & Consumables,0,2026-04-10 00:42
SR508890,Billing,Billing,0,2026-04-09 17:37
SR508891,Returns & Replacement,Returns & Replacement,0,2026-04-09 23:13
SR508892,Returns & Replacement,Returns & Replacement,0,2026-04-09 21:08
SR508893,Repairs,Returns & Replacement,2,2026-04-19 00:47
SR508894,Repairs,Billing,2,2026-04-10 18:32
SR508895,Repairs,Billing,2,2026-04-11 00:19
SR508896,Product Advice,Product Advice,0,2026-04-10 02:27
SR508897,Installs & Demo,Installs & Demo,0,2026-04-10 04:55
SR508898,Repairs,Repairs,0,2026-04-10 02:24
SR508899,Repairs,Repairs,0,2026-04-10 10:05
SR508900,Returns & Replacement,Returns & Replacement,0,2026-04-10 15:14
SR508901,Repairs,Repairs,0,2026-04-11 10:18
SR508902,Repairs,Repairs,0,2026-04-10 08:06
SR508903,Returns & Replacement,Returns & Replacement,0,2026-04-10 21:18
SR508904,Product Advice,Product Advice,0,2026-04-10 13:10
SR508905,Repairs,Repairs,0,2026-04-10 06:02
SR508906,Returns & Replacement,Returns & Replacement,0,2026-04-10 05:19
SR508907,Installs & Demo,Installs & Demo,0,2026-04-10 10:43
SR508908,Warranty Claims,Warranty Claims,0,2026-04-10 16:30
SR508909,Repairs,Repairs,0,2026-04-10 23:54
SR508910,Billing,Billing,0,2026-04-10 15:03
SR508911,Billing,Installs & Demo,1,2026-04-10 11:37
SR508912,Billing,Repairs,2,2026-04-10 14:14
SR508913,Billing,Returns & Replacement,2,2026-04-10 16:27
SR508914,Product Advice,Product Advice,0,2026-04-10 15:41
SR508915,Returns & Replacement,Returns & Replacement,0,2026-04-10 09:43
SR508916,Returns & Replacement,Returns & Replacement,0,2026-04-10 12:59
SR508917,Repairs,Returns & Replacement,1,2026-04-11 15:24
SR508918,Filters & Consumables,Filters & Consumables,0,2026-04-11 00:45
SR508919,Warranty Claims,Warranty Claims,0,2026-04-10 15:35
SR508920,Billing,Billing,0,2026-04-12 04:29
SR508921,Returns & Replacement,Returns & Replacement,0,2026-04-11 04:05
SR508922,Product Advice,Product Advice,0,2026-04-10 22:40
SR508923,Warranty Claims,Warranty Claims,0,2026-04-10 18:57
SR508924,Billing,Billing,0,2026-04-10 19:20
SR508925,Warranty Claims,Warranty Claims,0,2026-04-11 01:26
SR508926,Installs & Demo,Installs & Demo,0,2026-04-11 08:03
SR508927,Repairs,Warranty Claims,1,2026-04-11 18:43
SR508928,Filters & Consumables,Filters & Consumables,0,2026-04-11 07:24
SR508929,Billing,Billing,0,2026-04-11 08:14
SR508930,Repairs,Repairs,0,2026-04-11 06:21
SR508931,Billing,Billing,0,2026-04-11 21:28
SR508932,Installs & Demo,Installs & Demo,0,2026-04-12 02:09
SR508933,Repairs,Repairs,0,2026-04-11 11:09
SR508934,Returns & Replacement,Returns & Replacement,0,2026-04-11 12:19
SR508935,Repairs,Repairs,0,2026-04-11 04:22
SR508936,Filters & Consumables,Filters & Consumables,0,2026-04-11 09:39
SR508937,Billing,Billing,0,2026-04-11 11:30
SR508938,Filters & Consumables,Repairs,2,2026-04-12 18:24
SR508939,Filters & Consumables,Filters & Consumables,0,2026-04-11 13:21
SR508940,Repairs,Repairs,0,2026-04-11 06:21
SR508941,Installs & Demo,Installs & Demo,0,2026-04-11 07:16
SR508942,Billing,Billing,0,2026-04-12 04:02
SR508943,Warranty Claims,Warranty Claims,0,2026-04-11 11:56
SR508944,Repairs,Repairs,0,2026-04-11 20:28
SR508945,Installs & Demo,Installs & Demo,0,2026-04-11 20:08
SR508946,Repairs,Repairs,0,2026-04-12 01:58
SR508947,Warranty Claims,Warranty Claims,0,2026-04-12 01:02
SR508948,Repairs,Repairs,0,2026-04-11 17:52
SR508949,Repairs,Repairs,0,2026-04-11 15:28
SR508950,Repairs,Repairs,0,2026-04-12 02:12
SR508951,Billing,Warranty Claims,2,2026-04-12 13:04
SR508952,Filters & Consumables,Installs & Demo,2,2026-04-12 13:09
SR508953,Repairs,Repairs,1,2026-04-12 19:38
SR508954,Filters & Consumables,Warranty Claims,2,2026-04-13 12:45
SR508955,Returns & Replacement,Returns & Replacement,0,2026-04-12 23:12
SR508956,Returns & Replacement,Returns & Replacement,0,2026-04-12 19:41
SR508957,Filters & Consumables,Filters & Consumables,0,2026-04-12 10:17
SR508958,Product Advice,Product Advice,0,2026-04-12 13:58
SR508959,Repairs,Billing,2,2026-04-13 07:42
SR508960,Repairs,Repairs,0,2026-04-12 16:16
SR508961,Billing,Installs & Demo,2,2026-04-13 20:37
SR508962,Repairs,Repairs,0,2026-04-12 22:32
SR508963,Returns & Replacement,Returns & Replacement,0,2026-04-12 20:12
SR508964,Returns & Replacement,Returns & Replacement,0,2026-04-12 17:39
SR508965,Product Advice,Product Advice,0,2026-04-12 16:36
SR508966,Repairs,Repairs,0,2026-04-12 20:44
SR508967,Billing,Repairs,1,2026-04-12 18:49
SR508968,Filters & Consumables,Repairs,2,2026-04-15 14:02
SR508969,Warranty Claims,Warranty Claims,0,2026-04-13 00:02
SR508970,Installs & Demo,Installs & Demo,0,2026-04-15 01:36
SR508971,Repairs,Repairs,0,2026-04-12 22:13
SR508972,Repairs,Repairs,0,2026-04-13 04:14
SR508973,Warranty Claims,Warranty Claims,0,2026-04-13 02:24
SR508974,Billing,Installs & Demo,1,2026-04-13 22:35
SR508975,Repairs,Repairs,0,2026-04-13 15:26
SR508976,Returns & Replacement,Warranty Claims,0,2026-04-13 04:45
SR508977,Repairs,Repairs,0,2026-04-13 06:49
SR508978,Filters & Consumables,Filters & Consumables,0,2026-04-13 11:11
SR508979,Filters & Consumables,Filters & Consumables,0,2026-04-13 22:15
SR508980,Warranty Claims,Warranty Claims,0,2026-04-13 07:54
SR508981,Billing,Billing,0,2026-04-13 13:39
SR508982,Product Advice,Product Advice,0,2026-04-13 12:10
SR508983,Repairs,Repairs,0,2026-04-15 14:26
SR508984,Returns & Replacement,Returns & Replacement,0,2026-04-13 11:06
SR508985,Billing,Billing,0,2026-04-13 15:14
SR508986,Repairs,Repairs,0,2026-04-14 19:49
SR508987,Filters & Consumables,Repairs,1,2026-04-15 03:46
SR508988,Returns & Replacement,Returns & Replacement,0,2026-04-13 21:47
SR508989,Billing,Billing,0,2026-04-13 22:58
SR508990,Installs & Demo,Installs & Demo,0,2026-04-13 20:58
SR508991,Repairs,Repairs,0,2026-04-13 18:09
SR508992,Billing,Billing,0,2026-04-13 17:06
SR508993,Billing,Billing,0,2026-04-15 11:29
SR508994,Billing,Billing,0,2026-04-14 14:26
SR508995,Returns & Replacement,Returns & Replacement,0,2026-04-13 20:59
SR508996,Product Advice,Product Advice,0,2026-04-14 19:43
SR508997,Billing,Billing,0,2026-04-14 05:32
SR508998,Billing,Repairs,1,2026-04-15 02:41
SR508999,Warranty Claims,Warranty Claims,0,2026-04-15 20:38
SR509000,Billing,Billing,0,2026-04-15 04:53
SR509001,Warranty Claims,Warranty Claims,0,2026-04-14 05:13
SR509002,Returns & Replacement,Returns & Replacement,0,2026-04-14 09:01
SR509003,Repairs,Repairs,0,2026-04-14 17:15
SR509004,Product Advice,Filters & Consumables,0,2026-04-15 23:51
SR509005,Warranty Claims,Warranty Claims,0,2026-04-15 04:01
SR509006,Returns & Replacement,Returns & Replacement,0,2026-04-14 11:32
SR509007,Product Advice,Product Advice,0,2026-04-14 20:46
SR509008,Repairs,Repairs,0,2026-04-14 20:36
SR509009,Repairs,Repairs,0,2026-04-14 14:28
SR509010,Repairs,Repairs,0,2026-04-14 17:48
SR509011,Billing,Returns & Replacement,2,2026-04-15 10:15
SR509012,Warranty Claims,Returns & Replacement,0,2026-04-14 20:42
SR509013,Filters & Consumables,Filters & Consumables,0,2026-04-15 00:52
SR509014,Billing,Filters & Consumables,1,2026-04-15 05:39
SR509015,Filters & Consumables,Filters & Consumables,0,2026-04-14 17:56
SR509016,Billing,Billing,0,2026-04-15 02:35
SR509017,Filters & Consumables,Warranty Claims,1,2026-04-15 09:07
SR509018,Filters & Consumables,Filters & Consumables,0,2026-04-14 20:40
SR509019,Billing,Billing,0,2026-04-14 21:41
SR509020,Installs & Demo,Installs & Demo,0,2026-04-15 06:51
SR509021,Returns & Replacement,Returns & Replacement,0,2026-04-15 12:34
SR509022,Product Advice,Product Advice,0,2026-04-15 04:41
SR509023,Repairs,Repairs,0,2026-04-16 03:29
SR509024,Billing,Billing,0,2026-04-15 08:10
SR509025,Product Advice,Product Advice,0,2026-04-15 18:41
SR509026,Returns & Replacement,Returns & Replacement,0,2026-04-15 09:20
SR509027,Billing,Repairs,2,2026-04-15 19:25
SR509028,Product Advice,Product Advice,0,2026-04-15 10:11
SR509029,Filters & Consumables,Filters & Consumables,0,2026-04-15 14:30
SR509030,Product Advice,Repairs,2,2026-04-16 03:04
SR509031,Installs & Demo,Installs & Demo,0,2026-04-15 19:18
SR509032,Installs & Demo,Installs & Demo,0,2026-04-15 18:45
SR509033,Repairs,Returns & Replacement,2,2026-04-16 03:50
SR509034,Billing,Warranty Claims,2,2026-04-16 00:33
SR509035,Billing,Installs & Demo,2,2026-04-15 18:03
SR509036,Returns & Replacement,Returns & Replacement,0,2026-04-15 22:52
SR509037,Installs & Demo,Installs & Demo,0,2026-04-15 21:12
SR509038,Billing,Returns & Replacement,2,2026-04-15 22:29
SR509039,Repairs,Repairs,0,2026-04-15 23:32
SR509040,Installs & Demo,Installs & Demo,0,2026-04-16 04:18
SR509041,Repairs,Repairs,0,2026-04-16 11:22
SR509042,Repairs,Repairs,0,2026-04-16 14:18
SR509043,Product Advice,Product Advice,0,2026-04-16 07:30
SR509044,Installs & Demo,Installs & Demo,0,2026-04-16 04:36
SR509045,Warranty Claims,Warranty Claims,0,2026-04-16 06:30
SR509046,Filters & Consumables,Billing,1,2026-04-16 09:54
SR509047,Billing,Billing,0,2026-04-16 15:01
SR509048,Repairs,Repairs,0,2026-04-16 14:16
SR509049,Installs & Demo,Installs & Demo,0,2026-04-16 14:22
SR509050,Filters & Consumables,Warranty Claims,2,2026-04-17 05:01
SR509051,Repairs,Repairs,0,2026-04-16 13:38
SR509052,Billing,Billing,0,2026-04-17 10:55
SR509053,Billing,Billing,0,2026-04-17 04:15
SR509054,Returns & Replacement,Returns & Replacement,0,2026-04-16 14:47
SR509055,Billing,Billing,0,2026-04-16 18:27
SR509056,Billing,Billing,1,2026-04-17 10:45
SR509057,Repairs,Repairs,0,2026-04-16 16:58
SR509058,Billing,Billing,0,2026-04-17 02:32
SR509059,Filters & Consumables,Filters & Consumables,0,2026-04-17 13:24
SR509060,Filters & Consumables,Returns & Replacement,1,2026-04-16 20:54
SR509061,Warranty Claims,Warranty Claims,0,2026-04-17 11:42
SR509062,Warranty Claims,Warranty Claims,0,2026-04-17 06:42
SR509063,Repairs,Product Advice,1,2026-04-18 11:31
SR509064,Billing,Billing,0,2026-04-17 08:37
SR509065,Warranty Claims,Warranty Claims,0,2026-04-17 02:53
SR509066,Product Advice,Product Advice,0,2026-04-18 03:30
SR509067,Repairs,Product Advice,1,2026-04-17 08:33
SR509068,Repairs,Warranty Claims,2,2026-04-17 22:53
SR509069,Repairs,Repairs,0,2026-04-17 11:24
SR509070,Repairs,Repairs,0,2026-04-17 06:28
SR509071,Filters & Consumables,Filters & Consumables,0,2026-04-20 04:51
SR509072,Filters & Consumables,Filters & Consumables,0,2026-04-18 06:07
SR509073,Installs & Demo,Repairs,0,2026-04-17 11:13
SR509074,Returns & Replacement,Returns & Replacement,0,2026-04-18 21:01
SR509075,Repairs,Repairs,0,2026-04-17 14:16
SR509076,Warranty Claims,Warranty Claims,0,2026-04-17 12:53
SR509077,Returns & Replacement,Returns & Replacement,0,2026-04-17 18:05
SR509078,Installs & Demo,Installs & Demo,0,2026-04-17 13:00
SR509079,Installs & Demo,Installs & Demo,0,2026-04-18 03:32
SR509080,Installs & Demo,Installs & Demo,0,2026-04-18 05:43
SR509081,Billing,Installs & Demo,2,2026-04-18 02:57
SR509082,Repairs,Repairs,0,2026-04-17 16:40
SR509083,Product Advice,Product Advice,0,2026-04-18 00:38
SR509084,Installs & Demo,Installs & Demo,0,2026-04-18 08:46
SR509085,Returns & Replacement,Returns & Replacement,0,2026-04-19 08:39
SR509086,Filters & Consumables,Filters & Consumables,0,2026-04-18 19:19
SR509087,Repairs,Repairs,0,2026-04-17 21:51
SR509088,Returns & Replacement,Returns & Replacement,0,2026-04-18 05:20
SR509089,Warranty Claims,Warranty Claims,0,2026-04-18 08:07
SR509090,Repairs,Warranty Claims,0,2026-04-18 06:43
SR509091,Repairs,Repairs,0,2026-04-18 10:19
SR509092,Repairs,Warranty Claims,1,2026-04-19 10:45
SR509093,Repairs,Billing,2,2026-04-18 05:05
SR509094,Filters & Consumables,Installs & Demo,2,2026-04-18 18:03
SR509095,Billing,Billing,0,2026-04-18 04:24
SR509096,Billing,Warranty Claims,2,2026-04-18 06:51
SR509097,Warranty Claims,Warranty Claims,0,2026-04-18 11:25
SR509098,Installs & Demo,Installs & Demo,0,2026-04-18 19:21
SR509099,Returns & Replacement,Returns & Replacement,0,2026-04-18 08:12
SR509100,Returns & Replacement,Returns & Replacement,0,2026-04-18 11:30
SR509101,Billing,Repairs,2,2026-04-19 03:09
SR509102,Warranty Claims,Warranty Claims,0,2026-04-18 18:09
SR509103,Installs & Demo,Installs & Demo,0,2026-04-19 01:20
SR509104,Repairs,Repairs,0,2026-04-18 18:29
SR509105,Installs & Demo,Installs & Demo,0,2026-04-19 10:16
SR509106,Installs & Demo,Installs & Demo,0,2026-04-20 00:52
SR509107,Repairs,Warranty Claims,2,2026-04-19 10:55
SR509108,Repairs,Repairs,0,2026-04-18 23:30
SR509109,Filters & Consumables,Filters & Consumables,0,2026-04-19 17:40
SR509110,Repairs,Billing,0,2026-04-18 23:56
SR509111,Repairs,Repairs,0,2026-04-18 22:01
SR509112,Installs & Demo,Installs & Demo,0,2026-04-19 00:25
SR509113,Product Advice,Product Advice,0,2026-04-19 10:38
SR509114,Installs & Demo,Installs & Demo,0,2026-04-19 05:52
SR509115,Repairs,Repairs,0,2026-04-19 05:14
SR509116,Returns & Replacement,Returns & Replacement,0,2026-04-19 03:10
SR509117,Billing,Billing,0,2026-04-19 08:51
SR509118,Installs & Demo,Installs & Demo,0,2026-04-19 15:10
SR509119,Filters & Consumables,Filters & Consumables,0,2026-04-19 13:55
SR509120,Billing,Billing,0,2026-04-19 05:12
SR509121,Repairs,Repairs,0,2026-04-19 04:49
SR509122,Warranty Claims,Warranty Claims,0,2026-04-19 19:58
SR509123,Repairs,Repairs,0,2026-04-19 18:59
SR509124,Repairs,Repairs,0,2026-04-20 04:36
SR509125,Returns & Replacement,Returns & Replacement,0,2026-04-20 00:31
SR509126,Returns & Replacement,Returns & Replacement,0,2026-04-19 11:55
SR509127,Warranty Claims,Warranty Claims,0,2026-04-19 11:39
SR509128,Billing,Installs & Demo,2,2026-04-21 10:09
SR509129,Repairs,Billing,2,2026-04-20 02:29
SR509130,Billing,Billing,0,2026-04-19 13:03
SR509131,Returns & Replacement,Returns & Replacement,0,2026-04-19 16:40
SR509132,Product Advice,Product Advice,1,2026-04-21 14:01
SR509133,Returns & Replacement,Returns & Replacement,0,2026-04-19 19:52
SR509134,Returns & Replacement,Returns & Replacement,0,2026-04-19 19:09
SR509135,Product Advice,Product Advice,0,2026-04-20 21:45
SR509136,Filters & Consumables,Filters & Consumables,0,2026-04-20 01:00
SR509137,Warranty Claims,Warranty Claims,0,2026-04-20 07:33
SR509138,Product Advice,Product Advice,0,2026-04-19 23:18
SR509139,Filters & Consumables,Filters & Consumables,0,2026-04-20 07:47
SR509140,Warranty Claims,Warranty Claims,0,2026-04-20 06:42
SR509141,Repairs,Repairs,0,2026-04-21 19:11
SR509142,Installs & Demo,Installs & Demo,0,2026-04-20 08:02
SR509143,Billing,Billing,0,2026-04-20 23:41
SR509144,Repairs,Billing,1,2026-04-20 12:20
SR509145,Repairs,Repairs,0,2026-04-20 10:47
SR509146,Repairs,Repairs,0,2026-04-20 09:42
SR509147,Product Advice,Product Advice,0,2026-04-20 09:35
SR509148,Filters & Consumables,Filters & Consumables,0,2026-04-20 16:36
SR509149,Repairs,Repairs,0,2026-04-20 09:26
SR509150,Repairs,Repairs,0,2026-04-20 18:27
SR509151,Product Advice,Product Advice,1,2026-04-20 20:22
SR509152,Product Advice,Product Advice,1,2026-04-22 03:17
SR509153,Installs & Demo,Installs & Demo,0,2026-04-20 14:16
SR509154,Warranty Claims,Warranty Claims,0,2026-04-21 18:37
SR509155,Repairs,Repairs,0,2026-04-20 18:07
SR509156,Billing,Billing,0,2026-04-20 16:34
SR509157,Product Advice,Product Advice,0,2026-04-20 17:42
SR509158,Warranty Claims,Warranty Claims,0,2026-04-21 05:19
SR509159,Repairs,Repairs,0,2026-04-21 03:04
SR509160,Repairs,Repairs,0,2026-04-20 22:17
SR509161,Repairs,Repairs,0,2026-04-21 04:50
SR509162,Repairs,Repairs,0,2026-04-20 18:36
SR509163,Warranty Claims,Warranty Claims,0,2026-04-21 02:16
SR509164,Repairs,Returns & Replacement,1,2026-04-21 02:49
SR509165,Product Advice,Product Advice,0,2026-04-20 20:03
SR509166,Product Advice,Product Advice,0,2026-04-20 20:56
SR509167,Billing,Billing,0,2026-04-20 20:07
SR509168,Installs & Demo,Installs & Demo,0,2026-04-21 01:00
SR509169,Filters & Consumables,Filters & Consumables,0,2026-04-21 03:21
SR509170,Repairs,Installs & Demo,2,2026-04-21 08:08
SR509171,Filters & Consumables,Filters & Consumables,0,2026-04-21 20:59
SR509172,Returns & Replacement,Returns & Replacement,0,2026-04-21 16:30
SR509173,Repairs,Filters & Consumables,1,2026-04-21 13:25
SR509174,Warranty Claims,Warranty Claims,0,2026-04-21 18:02
SR509175,Returns & Replacement,Returns & Replacement,0,2026-04-21 09:14
SR509176,Repairs,Repairs,0,2026-04-22 13:25
SR509177,Warranty Claims,Warranty Claims,0,2026-04-21 14:08
SR509178,Billing,Repairs,2,2026-04-22 21:30
SR509179,Installs & Demo,Installs & Demo,0,2026-04-21 12:22
SR509180,Repairs,Repairs,0,2026-04-21 19:34
SR509181,Returns & Replacement,Product Advice,2,2026-04-22 09:45
SR509182,Returns & Replacement,Returns & Replacement,0,2026-04-21 14:05
SR509183,Returns & Replacement,Returns & Replacement,0,2026-04-21 19:25
SR509184,Repairs,Returns & Replacement,1,2026-04-21 14:10
SR509185,Returns & Replacement,Returns & Replacement,0,2026-04-22 01:05
SR509186,Installs & Demo,Product Advice,2,2026-04-22 10:06
SR509187,Repairs,Filters & Consumables,2,2026-04-23 03:28
SR509188,Billing,Billing,0,2026-04-22 01:04
SR509189,Product Advice,Product Advice,0,2026-04-21 17:56
SR509190,Product Advice,Product Advice,0,2026-04-21 22:13
SR509191,Repairs,Repairs,0,2026-04-21 17:27
SR509192,Installs & Demo,Installs & Demo,0,2026-04-21 21:09
SR509193,Product Advice,Product Advice,0,2026-04-22 01:56
SR509194,Product Advice,Product Advice,0,2026-04-21 20:16
SR509195,Billing,Billing,0,2026-04-22 13:35
SR509196,Installs & Demo,Installs & Demo,0,2026-04-22 05:03
SR509197,Returns & Replacement,Returns & Replacement,0,2026-04-21 20:43
SR509198,Billing,Warranty Claims,2,2026-04-22 06:50
SR509199,Returns & Replacement,Returns & Replacement,0,2026-04-22 15:43
SR509200,Installs & Demo,Installs & Demo,0,2026-04-22 13:47
SR509201,Repairs,Repairs,0,2026-04-22 03:43
SR509202,Product Advice,Product Advice,0,2026-04-22 20:39
SR509203,Product Advice,Product Advice,0,2026-04-22 14:20
SR509204,Product Advice,Product Advice,0,2026-04-22 07:26
SR509205,Warranty Claims,Warranty Claims,0,2026-04-22 09:16
SR509206,Billing,Billing,0,2026-04-22 18:20
SR509207,Repairs,Repairs,0,2026-04-22 19:57
SR509208,Billing,Billing,0,2026-04-22 21:51
SR509209,Returns & Replacement,Returns & Replacement,0,2026-04-23 04:49
SR509210,Warranty Claims,Warranty Claims,0,2026-04-23 08:47
SR509211,Returns & Replacement,Returns & Replacement,0,2026-04-22 17:33
SR509212,Product Advice,Product Advice,0,2026-04-22 21:19
SR509213,Billing,Billing,0,2026-04-23 01:44
SR509214,Filters & Consumables,Repairs,2,2026-04-24 12:41
SR509215,Returns & Replacement,Returns & Replacement,0,2026-04-23 02:36
SR509216,Repairs,Repairs,1,2026-04-22 22:41
SR509217,Warranty Claims,Warranty Claims,0,2026-04-22 19:50
SR509218,Repairs,Repairs,0,2026-04-22 22:21
SR509219,Repairs,Product Advice,1,2026-04-23 12:14
SR509220,Billing,Billing,1,2026-04-24 03:53
SR509221,Repairs,Repairs,0,2026-04-23 01:19
SR509222,Warranty Claims,Warranty Claims,0,2026-04-23 03:03
SR509223,Filters & Consumables,Installs & Demo,2,2026-04-24 08:07
SR509224,Repairs,Installs & Demo,2,2026-04-23 06:34
SR509225,Billing,Billing,0,2026-04-23 13:39
SR509226,Returns & Replacement,Returns & Replacement,0,2026-04-23 06:00
SR509227,Product Advice,Product Advice,0,2026-04-23 20:06
SR509228,Billing,Billing,0,2026-04-23 15:37
SR509229,Returns & Replacement,Returns & Replacement,0,2026-04-23 14:42
SR509230,Product Advice,Product Advice,0,2026-04-24 04:36
SR509231,Billing,Billing,0,2026-04-23 13:59
SR509232,Billing,Billing,0,2026-04-24 17:16
SR509233,Returns & Replacement,Installs & Demo,0,2026-04-23 13:44
SR509234,Warranty Claims,Warranty Claims,0,2026-04-23 19:32
SR509235,Repairs,Repairs,0,2026-04-23 23:07
SR509236,Repairs,Repairs,0,2026-04-24 01:28
SR509237,Billing,Billing,0,2026-04-24 00:55
SR509238,Billing,Repairs,2,2026-04-24 01:57
SR509239,Installs & Demo,Installs & Demo,0,2026-04-24 02:54
SR509240,Product Advice,Product Advice,0,2026-04-25 20:43
SR509241,Returns & Replacement,Returns & Replacement,0,2026-04-24 04:49
SR509242,Returns & Replacement,Returns & Replacement,0,2026-04-24 11:18
SR509243,Repairs,Repairs,0,2026-04-24 15:11
SR509244,Repairs,Repairs,0,2026-04-24 23:59
SR509245,Installs & Demo,Installs & Demo,0,2026-04-24 14:12
SR509246,Product Advice,Product Advice,0,2026-04-25 19:29
SR509247,Filters & Consumables,Repairs,2,2026-04-24 23:45
SR509248,Warranty Claims,Warranty Claims,0,2026-04-24 18:36
SR509249,Billing,Billing,0,2026-04-25 08:59
SR509250,Repairs,Repairs,0,2026-04-25 13:24
SR509251,Repairs,Repairs,0,2026-04-24 17:01
SR509252,Repairs,Repairs,0,2026-04-24 19:57
SR509253,Filters & Consumables,Filters & Consumables,0,2026-04-25 14:20
SR509254,Warranty Claims,Warranty Claims,0,2026-04-25 04:30
SR509255,Warranty Claims,Warranty Claims,0,2026-04-25 06:03
SR509256,Repairs,Warranty Claims,2,2026-04-25 03:57
SR509257,Filters & Consumables,Filters & Consumables,0,2026-04-24 22:20
SR509258,Repairs,Repairs,0,2026-04-25 01:29
SR509259,Repairs,Returns & Replacement,1,2026-04-25 04:07
SR509260,Repairs,Returns & Replacement,1,2026-04-26 15:50
SR509261,Billing,Installs & Demo,2,2026-04-25 14:59
SR509262,Product Advice,Product Advice,0,2026-04-25 14:43
SR509263,Repairs,Repairs,0,2026-04-25 12:45
SR509264,Repairs,Repairs,0,2026-04-25 12:37
SR509265,Repairs,Repairs,0,2026-04-26 07:24
SR509266,Repairs,Filters & Consumables,2,2026-04-26 14:33
SR509267,Warranty Claims,Warranty Claims,0,2026-04-26 15:43
SR509268,Filters & Consumables,Warranty Claims,1,2026-04-26 08:42
SR509269,Warranty Claims,Warranty Claims,0,2026-04-25 17:38
SR509270,Returns & Replacement,Returns & Replacement,0,2026-04-26 09:55
SR509271,Repairs,Repairs,0,2026-04-25 18:41
SR509272,Installs & Demo,Installs & Demo,0,2026-04-25 20:54
SR509273,Billing,Billing,0,2026-04-25 17:21
SR509274,Installs & Demo,Installs & Demo,0,2026-04-25 23:02
SR509275,Returns & Replacement,Returns & Replacement,0,2026-04-26 07:14
SR509276,Warranty Claims,Warranty Claims,0,2026-04-25 20:26
SR509277,Billing,Repairs,1,2026-04-27 21:23
SR509278,Repairs,Returns & Replacement,1,2026-04-27 16:52
SR509279,Billing,Billing,0,2026-04-25 21:05
SR509280,Repairs,Filters & Consumables,1,2026-04-26 13:39
SR509281,Product Advice,Product Advice,0,2026-04-26 11:35
SR509282,Billing,Returns & Replacement,1,2026-04-26 11:29
SR509283,Installs & Demo,Installs & Demo,0,2026-04-26 06:52
SR509284,Billing,Repairs,2,2026-04-26 13:27
SR509285,Billing,Repairs,1,2026-04-26 16:49
SR509286,Filters & Consumables,Product Advice,1,2026-04-26 05:48
SR509287,Filters & Consumables,Filters & Consumables,0,2026-04-27 00:03
SR509288,Repairs,Repairs,0,2026-04-26 11:45
SR509289,Warranty Claims,Warranty Claims,0,2026-04-26 11:53
SR509290,Returns & Replacement,Returns & Replacement,0,2026-04-27 01:07
SR509291,Product Advice,Product Advice,0,2026-04-26 17:46
SR509292,Installs & Demo,Installs & Demo,0,2026-04-27 01:17
SR509293,Billing,Returns & Replacement,2,2026-05-02 04:01
SR509294,Installs & Demo,Installs & Demo,0,2026-04-27 00:45
SR509295,Repairs,Repairs,0,2026-04-26 17:58
SR509296,Billing,Billing,0,2026-04-26 21:42
SR509297,Billing,Billing,0,2026-04-28 03:48
SR509298,Repairs,Returns & Replacement,1,2026-04-27 16:07
SR509299,Product Advice,Product Advice,1,2026-04-27 14:50
SR509300,Installs & Demo,Installs & Demo,0,2026-04-27 10:09
SR509301,Repairs,Repairs,1,2026-04-29 05:05
SR509302,Repairs,Installs & Demo,1,2026-04-28 07:17
SR509303,Repairs,Installs & Demo,2,2026-04-28 18:40
SR509304,Installs & Demo,Installs & Demo,0,2026-04-27 14:30
SR509305,Filters & Consumables,Filters & Consumables,0,2026-04-27 16:14
SR509306,Installs & Demo,Installs & Demo,0,2026-04-27 20:28
SR509307,Filters & Consumables,Filters & Consumables,0,2026-04-27 17:47
SR509308,Product Advice,Product Advice,0,2026-04-29 02:31
SR509309,Filters & Consumables,Filters & Consumables,0,2026-04-28 18:48
SR509310,Repairs,Warranty Claims,1,2026-04-28 08:03
SR509311,Returns & Replacement,Returns & Replacement,0,2026-04-28 22:53
SR509312,Repairs,Repairs,0,2026-04-28 10:11
SR509313,Repairs,Product Advice,2,2026-04-30 01:40
SR509314,Filters & Consumables,Filters & Consumables,0,2026-04-28 11:49
SR509315,Billing,Billing,0,2026-04-28 04:11
SR509316,Product Advice,Product Advice,0,2026-04-28 20:16
SR509317,Returns & Replacement,Returns & Replacement,0,2026-04-28 05:31
SR509318,Repairs,Repairs,0,2026-04-28 15:54
SR509319,Repairs,Repairs,0,2026-04-28 10:52
SR509320,Product Advice,Product Advice,0,2026-04-28 16:08
SR509321,Filters & Consumables,Repairs,1,2026-04-28 21:44
SR509322,Returns & Replacement,Returns & Replacement,1,2026-04-28 21:01
SR509323,Repairs,Repairs,0,2026-04-28 17:43
SR509324,Filters & Consumables,Repairs,1,2026-04-29 02:17
SR509325,Product Advice,Product Advice,0,2026-04-28 16:06
SR509326,Repairs,Product Advice,1,2026-04-29 14:37
SR509327,Filters & Consumables,Filters & Consumables,0,2026-04-29 03:40
SR509328,Filters & Consumables,Repairs,2,2026-04-29 11:56
SR509329,Warranty Claims,Warranty Claims,0,2026-04-29 19:07
SR509330,Installs & Demo,Installs & Demo,0,2026-04-28 23:10
SR509331,Repairs,Repairs,0,2026-04-28 22:42
SR509332,Installs & Demo,Installs & Demo,0,2026-04-29 18:03
SR509333,Billing,Installs & Demo,2,2026-04-29 16:06
SR509334,Billing,Billing,0,2026-04-29 01:01
SR509335,Installs & Demo,Installs & Demo,0,2026-04-29 03:50
SR509336,Product Advice,Product Advice,0,2026-04-30 15:15
SR509337,Repairs,Repairs,0,2026-04-30 03:57
SR509338,Repairs,Repairs,0,2026-04-29 12:40
SR509339,Warranty Claims,Warranty Claims,0,2026-04-29 08:33
SR509340,Returns & Replacement,Returns & Replacement,0,2026-04-29 14:01
SR509341,Billing,Billing,0,2026-04-29 14:48
SR509342,Warranty Claims,Warranty Claims,0,2026-04-29 12:51
SR509343,Warranty Claims,Warranty Claims,0,2026-04-29 16:48
SR509344,Repairs,Installs & Demo,1,2026-04-29 22:11
SR509345,Product Advice,Product Advice,0,2026-04-29 23:18
SR509346,Repairs,Repairs,0,2026-04-29 13:46
SR509347,Installs & Demo,Installs & Demo,1,2026-04-29 16:53
SR509348,Returns & Replacement,Returns & Replacement,0,2026-04-29 18:12
SR509349,Warranty Claims,Warranty Claims,0,2026-04-29 19:49
SR509350,Filters & Consumables,Filters & Consumables,0,2026-04-29 18:31
SR509351,Warranty Claims,Warranty Claims,0,2026-04-30 07:12
SR509352,Filters & Consumables,Filters & Consumables,0,2026-04-29 23:49
SR509353,Billing,Billing,0,2026-04-29 22:40
SR509354,Repairs,Repairs,1,2026-04-30 04:14
SR509355,Installs & Demo,Installs & Demo,0,2026-04-29 20:11
SR509356,Warranty Claims,Warranty Claims,0,2026-04-30 13:52
SR509357,Filters & Consumables,Filters & Consumables,0,2026-04-30 00:09
SR509358,Installs & Demo,Installs & Demo,0,2026-04-30 10:19
SR509359,Billing,Billing,0,2026-04-30 03:49
SR509360,Product Advice,Product Advice,0,2026-04-30 04:52
SR509361,Billing,Repairs,1,2026-04-30 08:43
SR509362,Returns & Replacement,Returns & Replacement,0,2026-05-01 01:50
SR509363,Returns & Replacement,Returns & Replacement,0,2026-05-01 02:13
SR509364,Returns & Replacement,Returns & Replacement,0,2026-05-01 01:54
SR509365,Filters & Consumables,Billing,0,2026-04-30 13:03
SR509366,Repairs,Warranty Claims,2,2026-05-03 00:00
SR509367,Repairs,Installs & Demo,2,2026-05-02 16:59
SR509368,Billing,Billing,0,2026-05-01 00:36
SR509369,Returns & Replacement,Returns & Replacement,0,2026-05-01 01:35
SR509370,Installs & Demo,Installs & Demo,0,2026-04-30 17:46
SR509371,Billing,Billing,0,2026-04-30 18:47
SR509372,Repairs,Repairs,0,2026-04-30 21:00
SR509373,Repairs,Repairs,0,2026-05-01 04:14
SR509374,Billing,Billing,0,2026-05-01 06:48
SR509375,Repairs,Installs & Demo,2,2026-05-04 03:45
SR509376,Warranty Claims,Warranty Claims,0,2026-05-01 07:08
SR509377,Repairs,Product Advice,1,2026-05-02 04:38
SR509378,Warranty Claims,Warranty Claims,0,2026-05-01 17:47
SR509379,Installs & Demo,Installs & Demo,0,2026-05-04 05:20
SR509380,Filters & Consumables,Filters & Consumables,0,2026-05-01 03:28
SR509381,Product Advice,Billing,0,2026-05-01 07:29
SR509382,Repairs,Repairs,0,2026-05-01 04:41
SR509383,Warranty Claims,Warranty Claims,0,2026-05-01 08:24
SR509384,Installs & Demo,Installs & Demo,0,2026-05-01 06:20
SR509385,Repairs,Repairs,0,2026-05-01 10:36
SR509386,Filters & Consumables,Repairs,2,2026-05-02 18:32
SR509387,Installs & Demo,Installs & Demo,0,2026-05-01 22:39
SR509388,Product Advice,Product Advice,0,2026-05-01 08:52
SR509389,Billing,Billing,0,2026-05-01 09:24
SR509390,Repairs,Repairs,0,2026-05-01 11:52
SR509391,Product Advice,Product Advice,0,2026-05-01 22:19
SR509392,Warranty Claims,Warranty Claims,0,2026-05-01 10:56
SR509393,Repairs,Repairs,0,2026-05-01 09:29
SR509394,Repairs,Repairs,0,2026-05-01 15:35
SR509395,Repairs,Repairs,0,2026-05-01 13:42
SR509396,Product Advice,Product Advice,0,2026-05-01 11:25
SR509397,Warranty Claims,Warranty Claims,0,2026-05-01 18:35
SR509398,Returns & Replacement,Returns & Replacement,0,2026-05-02 07:35
SR509399,Filters & Consumables,Filters & Consumables,0,2026-05-02 10:28
SR509400,Repairs,Repairs,0,2026-05-02 09:44
SR509401,Installs & Demo,Installs & Demo,0,2026-05-02 18:49
SR509402,Installs & Demo,Installs & Demo,0,2026-05-01 17:47
SR509403,Warranty Claims,Warranty Claims,0,2026-05-01 19:42
SR509404,Filters & Consumables,Product Advice,1,2026-05-02 12:19
SR509405,Repairs,Repairs,0,2026-05-01 21:29
SR509406,Filters & Consumables,Product Advice,1,2026-05-01 21:05
SR509407,Returns & Replacement,Returns & Replacement,0,2026-05-02 03:19
SR509408,Filters & Consumables,Billing,1,2026-05-02 18:47
SR509409,Filters & Consumables,Repairs,2,2026-05-02 10:12
SR509410,Product Advice,Product Advice,0,2026-05-03 01:53
SR509411,Billing,Billing,0,2026-05-02 13:21
SR509412,Warranty Claims,Warranty Claims,0,2026-05-02 01:26
SR509413,Installs & Demo,Installs & Demo,1,2026-05-02 05:25
SR509414,Filters & Consumables,Filters & Consumables,0,2026-05-02 14:24
SR509415,Repairs,Repairs,0,2026-05-03 03:04
SR509416,Repairs,Repairs,0,2026-05-03 08:13
SR509417,Repairs,Repairs,0,2026-05-02 07:14
SR509418,Installs & Demo,Installs & Demo,0,2026-05-02 12:03
SR509419,Returns & Replacement,Returns & Replacement,0,2026-05-02 18:39
SR509420,Filters & Consumables,Repairs,2,2026-05-03 14:46
SR509421,Billing,Returns & Replacement,1,2026-05-02 20:11
SR509422,Returns & Replacement,Returns & Replacement,0,2026-05-02 15:11
SR509423,Repairs,Product Advice,2,2026-05-03 15:44
SR509424,Filters & Consumables,Filters & Consumables,0,2026-05-02 14:34
SR509425,Repairs,Repairs,1,2026-05-03 01:51
SR509426,Repairs,Warranty Claims,2,2026-05-03 11:01
SR509427,Billing,Installs & Demo,1,2026-05-03 14:24
SR509428,Warranty Claims,Warranty Claims,0,2026-05-02 15:37
SR509429,Repairs,Warranty Claims,1,2026-05-03 10:17
SR509430,Warranty Claims,Warranty Claims,0,2026-05-03 17:01
SR509431,Billing,Repairs,2,2026-05-04 17:18
SR509432,Billing,Billing,0,2026-05-03 05:45
SR509433,Returns & Replacement,Returns & Replacement,0,2026-05-02 20:09
SR509434,Installs & Demo,Installs & Demo,0,2026-05-03 10:43
SR509435,Billing,Billing,0,2026-05-02 20:48
SR509436,Filters & Consumables,Warranty Claims,1,2026-05-03 03:31
SR509437,Repairs,Repairs,0,2026-05-03 01:06
SR509438,Installs & Demo,Installs & Demo,0,2026-05-03 08:20
SR509439,Warranty Claims,Warranty Claims,0,2026-05-03 15:22
SR509440,Repairs,Repairs,0,2026-05-03 02:34
SR509441,Repairs,Repairs,0,2026-05-03 06:18
SR509442,Installs & Demo,Installs & Demo,0,2026-05-03 09:06
SR509443,Returns & Replacement,Returns & Replacement,0,2026-05-04 04:59
SR509444,Product Advice,Product Advice,0,2026-05-03 15:27
SR509445,Installs & Demo,Installs & Demo,0,2026-05-03 12:17
SR509446,Repairs,Billing,1,2026-05-03 13:25
SR509447,Repairs,Repairs,0,2026-05-03 17:58
SR509448,Returns & Replacement,Returns & Replacement,0,2026-05-03 13:01
SR509449,Repairs,Returns & Replacement,1,2026-05-03 19:13
SR509450,Filters & Consumables,Filters & Consumables,0,2026-05-03 14:28
SR509451,Returns & Replacement,Returns & Replacement,0,2026-05-05 11:30
SR509452,Repairs,Warranty Claims,2,2026-05-05 11:52
SR509453,Filters & Consumables,Billing,1,2026-05-04 01:35
SR509454,Repairs,Installs & Demo,2,2026-05-03 23:27
SR509455,Billing,Billing,0,2026-05-04 07:45
SR509456,Billing,Billing,0,2026-05-05 18:38
SR509457,Billing,Returns & Replacement,1,2026-05-05 15:23
SR509458,Billing,Billing,0,2026-05-04 02:05
SR509459,Billing,Billing,0,2026-05-04 13:49
SR509460,Filters & Consumables,Filters & Consumables,0,2026-05-04 11:52
SR509461,Repairs,Installs & Demo,1,2026-05-04 17:36
SR509462,Billing,Billing,0,2026-05-04 20:15
SR509463,Repairs,Filters & Consumables,2,2026-05-05 05:59
SR509464,Repairs,Repairs,0,2026-05-05 10:56
SR509465,Repairs,Repairs,0,2026-05-04 14:05
SR509466,Filters & Consumables,Filters & Consumables,0,2026-05-05 03:37
SR509467,Warranty Claims,Warranty Claims,0,2026-05-06 05:51
SR509468,Filters & Consumables,Filters & Consumables,0,2026-05-05 14:59
SR509469,Repairs,Repairs,0,2026-05-04 18:58
SR509470,Repairs,Product Advice,1,2026-05-05 10:38
SR509471,Billing,Billing,0,2026-05-04 21:03
SR509472,Product Advice,Product Advice,0,2026-05-05 01:01
SR509473,Billing,Billing,0,2026-05-05 07:09
SR509474,Repairs,Repairs,0,2026-05-05 09:41
SR509475,Repairs,Repairs,0,2026-05-05 09:03
SR509476,Filters & Consumables,Filters & Consumables,0,2026-05-06 13:27
SR509477,Returns & Replacement,Returns & Replacement,0,2026-05-05 08:46
SR509478,Repairs,Repairs,0,2026-05-05 07:11
SR509479,Returns & Replacement,Returns & Replacement,0,2026-05-05 10:51
SR509480,Repairs,Warranty Claims,2,2026-05-06 07:47
SR509481,Repairs,Billing,1,2026-05-06 03:24
SR509482,Warranty Claims,Warranty Claims,0,2026-05-05 14:37
SR509483,Billing,Repairs,1,2026-05-05 14:29
SR509484,Installs & Demo,Installs & Demo,0,2026-05-05 13:00
SR509485,Repairs,Repairs,0,2026-05-05 10:48
SR509486,Filters & Consumables,Filters & Consumables,0,2026-05-05 21:04
SR509487,Filters & Consumables,Filters & Consumables,0,2026-05-05 14:01
SR509488,Returns & Replacement,Returns & Replacement,0,2026-05-06 03:52
SR509489,Returns & Replacement,Returns & Replacement,0,2026-05-05 17:53
SR509490,Billing,Billing,0,2026-05-05 20:39
SR509491,Repairs,Repairs,0,2026-05-05 21:57
SR509492,Repairs,Repairs,0,2026-05-06 06:40
SR509493,Returns & Replacement,Returns & Replacement,0,2026-05-06 03:13
SR509494,Billing,Billing,1,2026-05-11 04:16
SR509495,Installs & Demo,Installs & Demo,0,2026-05-05 20:39
SR509496,Product Advice,Product Advice,0,2026-05-06 00:49
SR509497,Filters & Consumables,Repairs,2,2026-05-07 05:57
SR509498,Warranty Claims,Warranty Claims,0,2026-05-06 02:39
SR509499,Installs & Demo,Installs & Demo,0,2026-05-06 16:11
SR509500,Billing,Repairs,2,2026-05-07 01:18
SR509501,Filters & Consumables,Filters & Consumables,0,2026-05-06 06:37
SR509502,Repairs,Installs & Demo,2,2026-05-06 12:11
SR509503,Filters & Consumables,Filters & Consumables,0,2026-05-06 07:44
SR509504,Product Advice,Product Advice,0,2026-05-06 02:42
SR509505,Product Advice,Product Advice,0,2026-05-06 02:43
SR509506,Billing,Warranty Claims,2,2026-05-07 01:56
SR509507,Repairs,Warranty Claims,2,2026-05-09 04:24
SR509508,Warranty Claims,Warranty Claims,0,2026-05-07 00:26
SR509509,Filters & Consumables,Warranty Claims,0,2026-05-06 15:12
SR509510,Filters & Consumables,Filters & Consumables,0,2026-05-06 10:30
SR509511,Repairs,Repairs,0,2026-05-06 10:06
SR509512,Filters & Consumables,Repairs,1,2026-05-06 15:32
SR509513,Product Advice,Product Advice,0,2026-05-06 23:44
SR509514,Billing,Repairs,2,2026-05-09 17:01
SR509515,Filters & Consumables,Filters & Consumables,0,2026-05-06 16:11
SR509516,Product Advice,Product Advice,0,2026-05-06 18:13
SR509517,Warranty Claims,Warranty Claims,1,2026-05-07 19:37
SR509518,Repairs,Repairs,0,2026-05-06 23:23
SR509519,Billing,Billing,0,2026-05-06 22:42
SR509520,Repairs,Repairs,0,2026-05-07 02:04
SR509521,Returns & Replacement,Returns & Replacement,0,2026-05-07 15:40
SR509522,Billing,Billing,0,2026-05-07 12:06
SR509523,Product Advice,Product Advice,0,2026-05-07 12:49
SR509524,Installs & Demo,Installs & Demo,0,2026-05-06 23:13
SR509525,Product Advice,Product Advice,0,2026-05-06 23:15
SR509526,Returns & Replacement,Returns & Replacement,1,2026-05-07 04:39
SR509527,Repairs,Repairs,0,2026-05-07 02:06
SR509528,Repairs,Repairs,0,2026-05-06 22:55
SR509529,Billing,Billing,0,2026-05-07 12:24
SR509530,Repairs,Filters & Consumables,2,2026-05-11 14:56
SR509531,Filters & Consumables,Filters & Consumables,0,2026-05-07 00:50
SR509532,Product Advice,Product Advice,0,2026-05-07 11:27
SR509533,Returns & Replacement,Returns & Replacement,0,2026-05-07 12:57
SR509534,Repairs,Installs & Demo,2,2026-05-07 11:19
SR509535,Filters & Consumables,Filters & Consumables,0,2026-05-07 07:29
SR509536,Returns & Replacement,Returns & Replacement,0,2026-05-08 16:59
SR509537,Billing,Billing,0,2026-05-07 13:31
SR509538,Billing,Repairs,1,2026-05-07 15:35
SR509539,Returns & Replacement,Returns & Replacement,0,2026-05-07 16:41
SR509540,Returns & Replacement,Returns & Replacement,0,2026-05-07 09:25
SR509541,Installs & Demo,Installs & Demo,0,2026-05-07 14:07
SR509542,Installs & Demo,Installs & Demo,0,2026-05-07 10:06
SR509543,Repairs,Returns & Replacement,2,2026-05-08 05:32
SR509544,Filters & Consumables,Repairs,1,2026-05-07 18:27
SR509545,Filters & Consumables,Filters & Consumables,0,2026-05-07 15:29
SR509546,Warranty Claims,Warranty Claims,0,2026-05-07 18:58
SR509547,Repairs,Repairs,0,2026-05-07 18:09
SR509548,Warranty Claims,Warranty Claims,0,2026-05-07 13:34
SR509549,Repairs,Returns & Replacement,2,2026-05-08 02:42
SR509550,Billing,Billing,0,2026-05-08 02:07
SR509551,Repairs,Returns & Replacement,1,2026-05-11 00:27
SR509552,Filters & Consumables,Filters & Consumables,0,2026-05-08 03:38
SR509553,Repairs,Warranty Claims,2,2026-05-09 11:29
SR509554,Billing,Warranty Claims,2,2026-05-08 00:01
SR509555,Filters & Consumables,Repairs,1,2026-05-08 05:51
SR509556,Warranty Claims,Warranty Claims,0,2026-05-08 00:54
SR509557,Product Advice,Product Advice,0,2026-05-09 04:30
SR509558,Billing,Returns & Replacement,2,2026-05-09 08:06
SR509559,Billing,Repairs,2,2026-05-10 21:35
SR509560,Billing,Returns & Replacement,2,2026-05-09 10:21
SR509561,Filters & Consumables,Repairs,2,2026-05-08 17:04
SR509562,Installs & Demo,Installs & Demo,0,2026-05-08 08:46
SR509563,Billing,Billing,0,2026-05-08 09:40
SR509564,Installs & Demo,Installs & Demo,1,2026-05-09 11:07
SR509565,Product Advice,Product Advice,0,2026-05-09 00:00
SR509566,Product Advice,Product Advice,0,2026-05-08 18:42
SR509567,Installs & Demo,Installs & Demo,1,2026-05-09 11:47
SR509568,Product Advice,Product Advice,0,2026-05-08 13:35
SR509569,Filters & Consumables,Filters & Consumables,0,2026-05-08 14:19
SR509570,Warranty Claims,Warranty Claims,0,2026-05-08 19:01
SR509571,Repairs,Repairs,0,2026-05-09 04:50
SR509572,Warranty Claims,Warranty Claims,0,2026-05-09 03:22
SR509573,Installs & Demo,Installs & Demo,0,2026-05-08 15:57
SR509574,Installs & Demo,Installs & Demo,0,2026-05-08 22:30
SR509575,Filters & Consumables,Filters & Consumables,0,2026-05-08 22:03
SR509576,Repairs,Repairs,0,2026-05-09 00:46
SR509577,Returns & Replacement,Returns & Replacement,0,2026-05-09 11:31
SR509578,Repairs,Repairs,1,2026-05-09 15:29
SR509579,Billing,Billing,0,2026-05-10 01:09
SR509580,Installs & Demo,Installs & Demo,0,2026-05-09 21:46
SR509581,Installs & Demo,Installs & Demo,0,2026-05-09 09:13
SR509582,Installs & Demo,Installs & Demo,0,2026-05-09 11:49
SR509583,Returns & Replacement,Returns & Replacement,0,2026-05-09 16:52
SR509584,Returns & Replacement,Returns & Replacement,0,2026-05-09 15:25
SR509585,Warranty Claims,Warranty Claims,0,2026-05-09 17:39
SR509586,Warranty Claims,Warranty Claims,0,2026-05-09 13:33
SR509587,Repairs,Repairs,0,2026-05-09 18:22
SR509588,Returns & Replacement,Installs & Demo,1,2026-05-10 05:13
SR509589,Repairs,Returns & Replacement,1,2026-05-09 20:40
SR509590,Billing,Returns & Replacement,1,2026-05-11 14:25
SR509591,Product Advice,Product Advice,0,2026-05-10 04:03
SR509592,Installs & Demo,Installs & Demo,0,2026-05-10 11:40
SR509593,Billing,Repairs,1,2026-05-09 22:07
SR509594,Returns & Replacement,Returns & Replacement,0,2026-05-09 22:59
SR509595,Repairs,Billing,0,2026-05-10 03:43
SR509596,Repairs,Repairs,0,2026-05-10 18:03
SR509597,Billing,Billing,0,2026-05-10 07:00
SR509598,Product Advice,Product Advice,0,2026-05-10 08:09
SR509599,Billing,Billing,0,2026-05-11 01:05
SR509600,Repairs,Repairs,0,2026-05-10 11:22
SR509601,Product Advice,Installs & Demo,0,2026-05-10 09:13
SR509602,Repairs,Repairs,0,2026-05-10 12:09
SR509603,Product Advice,Product Advice,0,2026-05-10 18:07
SR509604,Returns & Replacement,Product Advice,2,2026-05-12 08:39
SR509605,Filters & Consumables,Repairs,1,2026-05-11 03:00
SR509606,Repairs,Repairs,0,2026-05-10 21:49
SR509607,Returns & Replacement,Returns & Replacement,0,2026-05-10 22:45
SR509608,Product Advice,Product Advice,0,2026-05-12 08:00
SR509609,Warranty Claims,Warranty Claims,0,2026-05-11 03:27
SR509610,Returns & Replacement,Returns & Replacement,0,2026-05-10 22:45
SR509611,Returns & Replacement,Returns & Replacement,0,2026-05-11 03:47
SR509612,Repairs,Billing,2,2026-05-12 00:36
SR509613,Filters & Consumables,Filters & Consumables,0,2026-05-11 10:16
SR509614,Warranty Claims,Warranty Claims,0,2026-05-11 02:17
SR509615,Product Advice,Product Advice,0,2026-05-11 04:43
SR509616,Filters & Consumables,Filters & Consumables,1,2026-05-11 07:52
SR509617,Repairs,Repairs,0,2026-05-11 12:39
SR509618,Warranty Claims,Warranty Claims,0,2026-05-12 01:33
SR509619,Repairs,Product Advice,1,2026-05-11 13:01
SR509620,Repairs,Product Advice,2,2026-05-11 12:10
SR509621,Repairs,Repairs,0,2026-05-11 09:46
SR509622,Repairs,Product Advice,2,2026-05-11 16:59
SR509623,Billing,Repairs,2,2026-05-11 10:38
SR509624,Product Advice,Product Advice,0,2026-05-11 18:57
SR509625,Returns & Replacement,Returns & Replacement,0,2026-05-11 14:21
SR509626,Warranty Claims,Warranty Claims,0,2026-05-12 04:24
SR509627,Repairs,Repairs,0,2026-05-11 10:52
SR509628,Repairs,Repairs,0,2026-05-12 10:32
SR509629,Repairs,Returns & Replacement,2,2026-05-13 06:13
SR509630,Filters & Consumables,Warranty Claims,2,2026-05-12 10:19
SR509631,Billing,Billing,0,2026-05-12 23:18
SR509632,Filters & Consumables,Filters & Consumables,0,2026-05-11 14:54
SR509633,Installs & Demo,Installs & Demo,0,2026-05-11 10:36
SR509634,Returns & Replacement,Returns & Replacement,0,2026-05-12 07:21
SR509635,Billing,Billing,0,2026-05-12 04:57
SR509636,Warranty Claims,Warranty Claims,0,2026-05-11 16:44
SR509637,Repairs,Repairs,0,2026-05-11 21:42
SR509638,Returns & Replacement,Returns & Replacement,0,2026-05-12 11:04
SR509639,Repairs,Returns & Replacement,2,2026-05-12 05:14
SR509640,Repairs,Billing,2,2026-05-12 07:17
SR509641,Product Advice,Product Advice,0,2026-05-12 01:37
SR509642,Warranty Claims,Repairs,1,2026-05-12 20:49
SR509643,Billing,Billing,0,2026-05-12 23:31
SR509644,Repairs,Repairs,0,2026-05-14 15:28
SR509645,Warranty Claims,Warranty Claims,0,2026-05-12 13:38
SR509646,Repairs,Repairs,0,2026-05-12 16:18
SR509647,Installs & Demo,Installs & Demo,0,2026-05-12 08:47
SR509648,Filters & Consumables,Filters & Consumables,0,2026-05-12 02:08
SR509649,Warranty Claims,Warranty Claims,0,2026-05-12 15:38
SR509650,Filters & Consumables,Repairs,1,2026-05-13 14:28
SR509651,Repairs,Repairs,0,2026-05-14 07:39
SR509652,Billing,Billing,0,2026-05-12 15:47
SR509653,Product Advice,Product Advice,1,2026-05-12 15:20
SR509654,Product Advice,Product Advice,0,2026-05-12 15:22
SR509655,Installs & Demo,Installs & Demo,1,2026-05-13 03:14
SR509656,Installs & Demo,Installs & Demo,1,2026-05-12 21:54
SR509657,Installs & Demo,Installs & Demo,0,2026-05-13 17:42
SR509658,Returns & Replacement,Returns & Replacement,0,2026-05-12 18:17
SR509659,Filters & Consumables,Filters & Consumables,0,2026-05-12 22:01
SR509660,Warranty Claims,Warranty Claims,0,2026-05-12 21:18
SR509661,Billing,Billing,0,2026-05-12 23:59
SR509662,Repairs,Installs & Demo,1,2026-05-15 00:06
SR509663,Billing,Returns & Replacement,2,2026-05-13 05:20
SR509664,Billing,Billing,0,2026-05-13 01:51
SR509665,Product Advice,Product Advice,0,2026-05-13 01:43
SR509666,Filters & Consumables,Returns & Replacement,1,2026-05-13 09:07
SR509667,Warranty Claims,Warranty Claims,0,2026-05-13 02:33
SR509668,Warranty Claims,Warranty Claims,1,2026-05-13 03:30
SR509669,Warranty Claims,Warranty Claims,0,2026-05-13 03:27
SR509670,Filters & Consumables,Filters & Consumables,0,2026-05-13 07:31
SR509671,Repairs,Billing,2,2026-05-14 07:34
SR509672,Product Advice,Product Advice,0,2026-05-13 17:35
SR509673,Product Advice,Product Advice,0,2026-05-13 09:17
SR509674,Filters & Consumables,Repairs,2,2026-05-15 04:55
SR509675,Billing,Returns & Replacement,1,2026-05-13 10:23
SR509676,Installs & Demo,Installs & Demo,0,2026-05-13 10:30
SR509677,Repairs,Billing,2,2026-05-14 07:56
SR509678,Billing,Billing,0,2026-05-14 04:05
SR509679,Repairs,Returns & Replacement,1,2026-05-13 19:12
SR509680,Billing,Billing,0,2026-05-13 14:57
SR509681,Product Advice,Product Advice,0,2026-05-13 21:04
SR509682,Filters & Consumables,Repairs,1,2026-05-14 05:44
SR509683,Filters & Consumables,Filters & Consumables,0,2026-05-13 15:16
SR509684,Installs & Demo,Installs & Demo,0,2026-05-14 09:25
SR509685,Billing,Billing,0,2026-05-14 07:44
SR509686,Warranty Claims,Warranty Claims,0,2026-05-13 22:40
SR509687,Product Advice,Product Advice,0,2026-05-13 20:16
SR509688,Filters & Consumables,Repairs,1,2026-05-14 03:26
SR509689,Repairs,Repairs,1,2026-05-15 16:06
SR509690,Product Advice,Product Advice,0,2026-05-14 00:28
SR509691,Returns & Replacement,Returns & Replacement,0,2026-05-14 16:03
SR509692,Filters & Consumables,Filters & Consumables,0,2026-05-14 07:32
SR509693,Repairs,Repairs,0,2026-05-14 08:58
SR509694,Repairs,Repairs,0,2026-05-14 00:10
SR509695,Warranty Claims,Warranty Claims,0,2026-05-15 03:33
SR509696,Filters & Consumables,Warranty Claims,2,2026-05-14 14:33
SR509697,Installs & Demo,Installs & Demo,0,2026-05-14 01:13
SR509698,Installs & Demo,Installs & Demo,0,2026-05-14 13:44
SR509699,Filters & Consumables,Filters & Consumables,0,2026-05-14 09:09
SR509700,Billing,Billing,0,2026-05-14 05:09
SR509701,Repairs,Repairs,0,2026-05-14 07:19
SR509702,Returns & Replacement,Returns & Replacement,0,2026-05-14 12:07
SR509703,Billing,Billing,1,2026-05-14 17:48
SR509704,Installs & Demo,Installs & Demo,0,2026-05-14 07:59
SR509705,Installs & Demo,Installs & Demo,0,2026-05-15 20:32
SR509706,Installs & Demo,Installs & Demo,0,2026-05-14 14:19
SR509707,Product Advice,Product Advice,0,2026-05-16 19:05
SR509708,Installs & Demo,Installs & Demo,0,2026-05-16 13:50
SR509709,Billing,Warranty Claims,2,2026-05-15 11:39
SR509710,Billing,Repairs,2,2026-05-15 10:11
SR509711,Repairs,Repairs,0,2026-05-15 01:57
SR509712,Repairs,Product Advice,1,2026-05-15 17:13
SR509713,Billing,Billing,0,2026-05-14 17:22
SR509714,Billing,Billing,0,2026-05-14 18:34
SR509715,Repairs,Repairs,0,2026-05-15 00:11
SR509716,Repairs,Repairs,0,2026-05-14 18:37
SR509717,Billing,Billing,0,2026-05-15 05:52
SR509718,Billing,Billing,0,2026-05-15 04:53
SR509719,Warranty Claims,Warranty Claims,0,2026-05-15 06:22
SR509720,Returns & Replacement,Returns & Replacement,0,2026-05-15 02:26
SR509721,Returns & Replacement,Returns & Replacement,0,2026-05-15 06:37
SR509722,Filters & Consumables,Filters & Consumables,0,2026-05-15 06:03
SR509723,Billing,Billing,0,2026-05-15 19:32
SR509724,Repairs,Repairs,1,2026-05-15 10:30
SR509725,Filters & Consumables,Filters & Consumables,0,2026-05-15 09:38
SR509726,Filters & Consumables,Repairs,2,2026-05-16 02:58
SR509727,Returns & Replacement,Returns & Replacement,0,2026-05-16 03:51
SR509728,Installs & Demo,Repairs,2,2026-05-16 18:17
SR509729,Repairs,Repairs,0,2026-05-15 22:32
SR509730,Returns & Replacement,Returns & Replacement,0,2026-05-15 06:50
SR509731,Repairs,Repairs,0,2026-05-15 16:10
SR509732,Returns & Replacement,Returns & Replacement,0,2026-05-15 12:23
SR509733,Returns & Replacement,Returns & Replacement,0,2026-05-15 13:57
SR509734,Repairs,Warranty Claims,1,2026-05-16 08:44
SR509735,Billing,Billing,0,2026-05-15 13:48
SR509736,Repairs,Repairs,0,2026-05-15 18:29
SR509737,Repairs,Repairs,0,2026-05-16 17:08
SR509738,Repairs,Product Advice,2,2026-05-16 16:06
SR509739,Product Advice,Warranty Claims,1,2026-05-16 09:18
SR509740,Product Advice,Product Advice,0,2026-05-16 13:35
SR509741,Repairs,Repairs,0,2026-05-16 01:26
SR509742,Product Advice,Product Advice,0,2026-05-16 13:26
SR509743,Returns & Replacement,Returns & Replacement,0,2026-05-16 19:57
SR509744,Repairs,Product Advice,1,2026-05-16 19:40
SR509745,Product Advice,Returns & Replacement,0,2026-05-16 07:36
SR509746,Filters & Consumables,Filters & Consumables,0,2026-05-16 13:16
SR509747,Repairs,Repairs,0,2026-05-16 13:37
SR509748,Installs & Demo,Installs & Demo,0,2026-05-16 16:57
SR509749,Repairs,Installs & Demo,2,2026-05-17 07:24
SR509750,Filters & Consumables,Repairs,1,2026-05-17 13:11
SR509751,Installs & Demo,Installs & Demo,0,2026-05-17 02:22
SR509752,Warranty Claims,Warranty Claims,0,2026-05-16 20:46
SR509753,Product Advice,Installs & Demo,1,2026-05-16 23:27
SR509754,Billing,Billing,0,2026-05-16 20:57
SR509755,Billing,Repairs,2,2026-05-19 05:21
SR509756,Warranty Claims,Warranty Claims,0,2026-05-17 00:17
SR509757,Billing,Billing,0,2026-05-17 02:00
SR509758,Product Advice,Product Advice,0,2026-05-17 08:42
SR509759,Repairs,Billing,1,2026-05-18 05:47
SR509760,Filters & Consumables,Repairs,2,2026-05-18 20:22
SR509761,Installs & Demo,Installs & Demo,0,2026-05-18 02:53
SR509762,Repairs,Repairs,0,2026-05-17 09:28
SR509763,Repairs,Repairs,0,2026-05-17 17:27
SR509764,Returns & Replacement,Returns & Replacement,0,2026-05-17 09:12
SR509765,Repairs,Repairs,0,2026-05-17 07:24
SR509766,Billing,Billing,0,2026-05-18 02:23
SR509767,Filters & Consumables,Product Advice,1,2026-05-17 16:47
SR509768,Returns & Replacement,Returns & Replacement,0,2026-05-18 01:24
SR509769,Installs & Demo,Installs & Demo,0,2026-05-17 09:29
SR509770,Repairs,Returns & Replacement,1,2026-05-18 18:48
SR509771,Returns & Replacement,Returns & Replacement,0,2026-05-17 14:01
SR509772,Repairs,Repairs,0,2026-05-17 19:01
SR509773,Repairs,Repairs,0,2026-05-18 13:43
SR509774,Filters & Consumables,Filters & Consumables,0,2026-05-17 17:41
SR509775,Repairs,Repairs,0,2026-05-17 17:02
SR509776,Warranty Claims,Warranty Claims,1,2026-05-17 17:16
SR509777,Repairs,Product Advice,1,2026-05-17 12:17
SR509778,Product Advice,Product Advice,0,2026-05-17 21:06
SR509779,Warranty Claims,Warranty Claims,0,2026-05-18 05:02
SR509780,Filters & Consumables,Installs & Demo,2,2026-05-18 19:38
SR509781,Repairs,Repairs,0,2026-05-17 17:45
SR509782,Billing,Billing,0,2026-05-17 15:40
SR509783,Billing,Billing,0,2026-05-17 21:41
SR509784,Product Advice,Product Advice,0,2026-05-18 22:58
SR509785,Repairs,Repairs,0,2026-05-17 19:44
SR509786,Installs & Demo,Installs & Demo,0,2026-05-18 03:28
SR509787,Repairs,Repairs,0,2026-05-17 23:34
SR509788,Product Advice,Product Advice,0,2026-05-18 04:02
SR509789,Repairs,Repairs,0,2026-05-18 01:14
SR509790,Billing,Billing,0,2026-05-18 02:54
SR509791,Filters & Consumables,Installs & Demo,2,2026-05-18 16:07
SR509792,Filters & Consumables,Filters & Consumables,0,2026-05-18 05:04
SR509793,Billing,Billing,0,2026-05-18 08:36
SR509794,Repairs,Repairs,0,2026-05-18 04:46
SR509795,Product Advice,Product Advice,0,2026-05-19 00:21
SR509796,Filters & Consumables,Filters & Consumables,0,2026-05-18 10:55
SR509797,Billing,Returns & Replacement,2,2026-05-18 22:06
SR509798,Billing,Billing,0,2026-05-18 15:23
SR509799,Installs & Demo,Installs & Demo,0,2026-05-18 10:55
SR509800,Product Advice,Product Advice,0,2026-05-18 19:52
SR509801,Returns & Replacement,Returns & Replacement,0,2026-05-18 19:50
SR509802,Repairs,Repairs,0,2026-05-18 17:05
SR509803,Filters & Consumables,Installs & Demo,1,2026-05-19 01:49
SR509804,Installs & Demo,Installs & Demo,0,2026-05-20 03:19
SR509805,Returns & Replacement,Returns & Replacement,0,2026-05-18 19:45
SR509806,Repairs,Repairs,0,2026-05-18 17:14
SR509807,Billing,Billing,0,2026-05-18 20:12
SR509808,Billing,Billing,0,2026-05-19 09:56
SR509809,Billing,Billing,0,2026-05-19 03:45
SR509810,Returns & Replacement,Returns & Replacement,0,2026-05-19 15:36
SR509811,Filters & Consumables,Filters & Consumables,0,2026-05-19 02:21
SR509812,Billing,Billing,0,2026-05-19 03:51
SR509813,Repairs,Repairs,0,2026-05-19 15:32
SR509814,Product Advice,Product Advice,0,2026-05-19 10:11
SR509815,Filters & Consumables,Filters & Consumables,0,2026-05-19 03:32
SR509816,Repairs,Repairs,0,2026-05-19 07:15
SR509817,Returns & Replacement,Returns & Replacement,0,2026-05-19 05:23
SR509818,Filters & Consumables,Filters & Consumables,0,2026-05-19 06:59
SR509819,Warranty Claims,Repairs,0,2026-05-19 17:26
SR509820,Installs & Demo,Filters & Consumables,0,2026-05-20 17:26
SR509821,Installs & Demo,Installs & Demo,0,2026-05-19 10:26
SR509822,Warranty Claims,Warranty Claims,0,2026-05-19 09:01
SR509823,Product Advice,Product Advice,0,2026-05-19 14:19
SR509824,Repairs,Repairs,1,2026-05-20 06:40
SR509825,Product Advice,Product Advice,1,2026-05-20 22:04
SR509826,Installs & Demo,Installs & Demo,0,2026-05-20 04:32
SR509827,Repairs,Repairs,0,2026-05-19 20:57
SR509828,Warranty Claims,Warranty Claims,0,2026-05-20 00:19
SR509829,Returns & Replacement,Returns & Replacement,0,2026-05-20 02:37
SR509830,Repairs,Repairs,0,2026-05-20 06:31
SR509831,Returns & Replacement,Returns & Replacement,0,2026-05-19 19:40
SR509832,Repairs,Repairs,0,2026-05-20 01:39
SR509833,Billing,Billing,0,2026-05-20 01:15
SR509834,Filters & Consumables,Filters & Consumables,0,2026-05-19 23:54
SR509835,Filters & Consumables,Filters & Consumables,0,2026-05-20 10:40
SR509836,Billing,Repairs,1,2026-05-20 04:50
SR509837,Filters & Consumables,Installs & Demo,1,2026-05-20 10:34
SR509838,Repairs,Repairs,0,2026-05-20 05:29
SR509839,Repairs,Repairs,0,2026-05-20 17:20
SR509840,Repairs,Repairs,1,2026-05-20 04:32
SR509841,Filters & Consumables,Warranty Claims,1,2026-05-20 09:09
SR509842,Billing,Repairs,2,2026-05-21 00:32
SR509843,Product Advice,Product Advice,0,2026-05-20 07:32
SR509844,Filters & Consumables,Product Advice,2,2026-05-20 13:36
SR509845,Repairs,Repairs,0,2026-05-20 14:10
SR509846,Product Advice,Product Advice,0,2026-05-21 16:07
SR509847,Repairs,Repairs,0,2026-05-20 10:35
SR509848,Billing,Installs & Demo,1,2026-05-21 11:38
SR509849,Product Advice,Product Advice,0,2026-05-20 20:35
SR509850,Repairs,Returns & Replacement,1,2026-05-20 18:01
SR509851,Billing,Repairs,1,2026-05-23 12:58
SR509852,Warranty Claims,Warranty Claims,0,2026-05-20 23:23
SR509853,Repairs,Warranty Claims,1,2026-05-20 20:57
SR509854,Installs & Demo,Installs & Demo,0,2026-05-21 09:39
SR509855,Filters & Consumables,Filters & Consumables,0,2026-05-20 21:06
SR509856,Repairs,Returns & Replacement,2,2026-05-21 13:39
SR509857,Product Advice,Product Advice,0,2026-05-21 04:17
SR509858,Repairs,Repairs,0,2026-05-21 04:38
SR509859,Product Advice,Product Advice,0,2026-05-21 06:41
SR509860,Billing,Billing,0,2026-05-22 21:24
SR509861,Billing,Billing,0,2026-05-21 16:22
SR509862,Returns & Replacement,Returns & Replacement,0,2026-05-21 09:08
SR509863,Installs & Demo,Installs & Demo,0,2026-05-21 11:25
SR509864,Returns & Replacement,Filters & Consumables,0,2026-05-22 00:11
SR509865,Filters & Consumables,Filters & Consumables,0,2026-05-22 04:42
SR509866,Repairs,Repairs,0,2026-05-21 13:48
SR509867,Billing,Repairs,1,2026-05-24 19:50
SR509868,Product Advice,Product Advice,0,2026-05-21 18:04
SR509869,Returns & Replacement,Returns & Replacement,0,2026-05-23 08:05
SR509870,Billing,Repairs,1,2026-05-23 01:04
SR509871,Returns & Replacement,Returns & Replacement,0,2026-05-22 02:58
SR509872,Returns & Replacement,Returns & Replacement,0,2026-05-22 02:55
SR509873,Installs & Demo,Installs & Demo,0,2026-05-22 06:54
SR509874,Returns & Replacement,Returns & Replacement,0,2026-05-22 07:37
SR509875,Product Advice,Product Advice,0,2026-05-22 18:25
SR509876,Installs & Demo,Installs & Demo,0,2026-05-22 10:56
SR509877,Filters & Consumables,Filters & Consumables,0,2026-05-22 09:29
SR509878,Repairs,Repairs,0,2026-05-22 11:20
SR509879,Filters & Consumables,Filters & Consumables,0,2026-05-22 08:20
SR509880,Filters & Consumables,Filters & Consumables,0,2026-05-22 11:04
SR509881,Warranty Claims,Warranty Claims,0,2026-05-22 15:39
SR509882,Repairs,Repairs,0,2026-05-22 16:11
SR509883,Repairs,Product Advice,2,2026-05-23 14:09
SR509884,Returns & Replacement,Returns & Replacement,0,2026-05-22 12:35
SR509885,Warranty Claims,Warranty Claims,0,2026-05-22 19:42
SR509886,Billing,Billing,1,2026-05-23 05:32
SR509887,Billing,Returns & Replacement,1,2026-05-22 18:57
SR509888,Filters & Consumables,Filters & Consumables,0,2026-05-23 01:25
SR509889,Returns & Replacement,Returns & Replacement,0,2026-05-22 19:58
SR509890,Product Advice,Installs & Demo,0,2026-05-22 23:11
SR509891,Filters & Consumables,Repairs,1,2026-05-22 20:24
SR509892,Repairs,Repairs,0,2026-05-22 17:16
SR509893,Returns & Replacement,Returns & Replacement,0,2026-05-22 22:54
SR509894,Returns & Replacement,Returns & Replacement,0,2026-05-23 04:42
SR509895,Product Advice,Product Advice,0,2026-05-22 21:37
SR509896,Product Advice,Product Advice,0,2026-05-23 20:26
SR509897,Installs & Demo,Installs & Demo,0,2026-05-22 20:42
SR509898,Repairs,Returns & Replacement,2,2026-05-24 13:11
SR509899,Billing,Billing,0,2026-05-23 00:24
SR509900,Filters & Consumables,Filters & Consumables,0,2026-05-23 05:31
SR509901,Repairs,Product Advice,1,2026-05-23 18:09
SR509902,Repairs,Returns & Replacement,2,2026-05-25 22:31
SR509903,Returns & Replacement,Returns & Replacement,0,2026-05-23 17:26
SR509904,Repairs,Repairs,0,2026-05-23 12:20
SR509905,Repairs,Repairs,1,2026-05-24 08:28
SR509906,Billing,Billing,0,2026-05-23 09:29
SR509907,Returns & Replacement,Returns & Replacement,0,2026-05-23 09:06
SR509908,Filters & Consumables,Filters & Consumables,0,2026-05-23 15:08
SR509909,Installs & Demo,Installs & Demo,0,2026-05-23 11:05
SR509910,Installs & Demo,Installs & Demo,0,2026-05-23 10:26
SR509911,Installs & Demo,Installs & Demo,0,2026-05-23 22:17
SR509912,Filters & Consumables,Repairs,1,2026-05-24 10:08
SR509913,Returns & Replacement,Returns & Replacement,0,2026-05-24 01:36
SR509914,Repairs,Returns & Replacement,2,2026-05-24 03:10
SR509915,Billing,Warranty Claims,1,2026-05-24 04:55
SR509916,Filters & Consumables,Filters & Consumables,0,2026-05-23 17:59
SR509917,Warranty Claims,Warranty Claims,0,2026-05-24 00:23
SR509918,Warranty Claims,Warranty Claims,0,2026-05-24 05:15
SR509919,Billing,Billing,0,2026-05-24 01:19
SR509920,Returns & Replacement,Returns & Replacement,0,2026-05-24 08:37
SR509921,Repairs,Repairs,1,2026-05-24 08:30
SR509922,Product Advice,Product Advice,0,2026-05-24 03:23
SR509923,Warranty Claims,Warranty Claims,0,2026-05-24 07:26
SR509924,Repairs,Repairs,0,2026-05-24 17:54
SR509925,Repairs,Filters & Consumables,2,2026-05-24 14:07
SR509926,Installs & Demo,Installs & Demo,0,2026-05-24 03:29
SR509927,Repairs,Returns & Replacement,1,2026-05-24 06:18
SR509928,Warranty Claims,Warranty Claims,0,2026-05-24 08:38
SR509929,Repairs,Repairs,0,2026-05-24 07:34
SR509930,Repairs,Installs & Demo,1,2026-05-24 21:00
SR509931,Installs & Demo,Installs & Demo,0,2026-05-24 11:35
SR509932,Product Advice,Product Advice,0,2026-05-25 17:59
SR509933,Installs & Demo,Installs & Demo,0,2026-05-24 17:47
SR509934,Billing,Billing,0,2026-05-24 14:07
SR509935,Repairs,Repairs,0,2026-05-24 16:49
SR509936,Filters & Consumables,Filters & Consumables,0,2026-05-25 02:55
SR509937,Product Advice,Product Advice,0,2026-05-25 09:17
SR509938,Warranty Claims,Warranty Claims,0,2026-05-24 21:40
SR509939,Repairs,Filters & Consumables,1,2026-05-24 21:33
SR509940,Filters & Consumables,Repairs,2,2026-05-24 23:43
SR509941,Filters & Consumables,Filters & Consumables,0,2026-05-25 00:21
SR509942,Repairs,Repairs,0,2026-05-24 19:36
SR509943,Repairs,Repairs,0,2026-05-24 21:26
SR509944,Billing,Billing,0,2026-05-25 07:25
SR509945,Product Advice,Product Advice,0,2026-05-25 00:18
SR509946,Repairs,Returns & Replacement,1,2026-05-25 14:34
SR509947,Filters & Consumables,Filters & Consumables,0,2026-05-25 01:46
SR509948,Product Advice,Product Advice,0,2026-05-25 05:01
SR509949,Product Advice,Product Advice,0,2026-05-26 15:26
SR509950,Warranty Claims,Warranty Claims,0,2026-05-25 07:06
SR509951,Billing,Returns & Replacement,2,2026-05-25 04:15
SR509952,Installs & Demo,Installs & Demo,0,2026-05-25 13:32
SR509953,Installs & Demo,Installs & Demo,0,2026-05-25 04:01
SR509954,Repairs,Product Advice,2,2026-05-26 08:48
SR509955,Installs & Demo,Installs & Demo,0,2026-05-25 03:29
SR509956,Billing,Installs & Demo,1,2026-05-25 23:09
SR509957,Warranty Claims,Warranty Claims,0,2026-05-25 13:23
SR509958,Installs & Demo,Installs & Demo,0,2026-05-25 15:10
SR509959,Filters & Consumables,Filters & Consumables,0,2026-05-25 15:03
SR509960,Filters & Consumables,Filters & Consumables,0,2026-05-25 07:55
SR509961,Product Advice,Product Advice,0,2026-05-25 11:09
SR509962,Repairs,Repairs,0,2026-05-25 07:36
SR509963,Billing,Billing,0,2026-05-25 13:21
SR509964,Warranty Claims,Warranty Claims,0,2026-05-25 23:50
SR509965,Repairs,Repairs,0,2026-05-25 10:29
SR509966,Repairs,Returns & Replacement,1,2026-05-25 14:01
SR509967,Repairs,Repairs,0,2026-05-25 10:36
SR509968,Repairs,Product Advice,1,2026-05-25 19:21
SR509969,Returns & Replacement,Returns & Replacement,0,2026-05-27 20:27
SR509970,Returns & Replacement,Warranty Claims,0,2026-05-25 16:45
SR509971,Warranty Claims,Warranty Claims,0,2026-05-27 01:12
SR509972,Warranty Claims,Warranty Claims,1,2026-05-26 00:08
SR509973,Filters & Consumables,Installs & Demo,0,2026-05-26 07:08
SR509974,Repairs,Repairs,0,2026-05-25 17:40
SR509975,Product Advice,Product Advice,0,2026-05-25 22:02
SR509976,Repairs,Repairs,0,2026-05-26 10:15
SR509977,Warranty Claims,Warranty Claims,0,2026-05-26 00:39
SR509978,Filters & Consumables,Filters & Consumables,0,2026-05-26 04:44
SR509979,Warranty Claims,Warranty Claims,0,2026-05-26 04:20
SR509980,Returns & Replacement,Returns & Replacement,0,2026-05-26 12:37
SR509981,Installs & Demo,Installs & Demo,0,2026-05-26 03:19
SR509982,Product Advice,Product Advice,0,2026-05-26 21:44
SR509983,Warranty Claims,Warranty Claims,0,2026-05-26 15:42
SR509984,Billing,Billing,0,2026-05-26 08:20
SR509985,Warranty Claims,Warranty Claims,0,2026-05-26 05:06
SR509986,Filters & Consumables,Filters & Consumables,0,2026-05-26 11:10
SR509987,Repairs,Repairs,0,2026-05-26 09:46
SR509988,Warranty Claims,Warranty Claims,0,2026-05-26 20:38
SR509989,Product Advice,Product Advice,0,2026-05-26 10:57
SR509990,Returns & Replacement,Returns & Replacement,0,2026-05-26 18:21
SR509991,Warranty Claims,Warranty Claims,1,2026-05-27 00:29
SR509992,Repairs,Repairs,0,2026-05-26 12:14
SR509993,Billing,Installs & Demo,2,2026-05-27 05:57
SR509994,Repairs,Repairs,0,2026-05-27 18:58
SR509995,Product Advice,Product Advice,0,2026-05-26 22:16
SR509996,Returns & Replacement,Returns & Replacement,0,2026-05-26 22:10
SR509997,Repairs,Billing,1,2026-05-28 05:46
SR509998,Filters & Consumables,Filters & Consumables,0,2026-05-27 05:42
SR509999,Warranty Claims,Warranty Claims,0,2026-05-27 02:49
SR510000,Repairs,Repairs,0,2026-05-27 01:47
SR510001,Billing,Billing,0,2026-05-27 08:39
SR510002,Product Advice,Filters & Consumables,0,2026-05-27 01:58
SR510003,Repairs,Repairs,0,2026-05-27 06:55
SR510004,Billing,Repairs,1,2026-05-28 01:49
SR510005,Repairs,Filters & Consumables,1,2026-05-28 05:27
SR510006,Billing,Repairs,1,2026-05-29 20:43
SR510007,Filters & Consumables,Filters & Consumables,0,2026-05-27 17:19
SR510008,Billing,Returns & Replacement,2,2026-05-28 02:56
SR510009,Repairs,Repairs,0,2026-05-27 12:48
SR510010,Product Advice,Product Advice,0,2026-05-27 18:41
SR510011,Returns & Replacement,Returns & Replacement,0,2026-05-27 11:21
SR510012,Returns & Replacement,Returns & Replacement,1,2026-05-28 14:13
SR510013,Billing,Billing,0,2026-05-27 14:31
SR510014,Returns & Replacement,Returns & Replacement,0,2026-05-27 16:20
SR510015,Returns & Replacement,Returns & Replacement,0,2026-05-28 08:43
SR510016,Repairs,Repairs,0,2026-05-28 04:19
SR510017,Repairs,Repairs,0,2026-05-28 16:16
SR510018,Returns & Replacement,Returns & Replacement,0,2026-05-27 21:15
SR510019,Billing,Billing,0,2026-05-27 23:25
SR510020,Filters & Consumables,Filters & Consumables,0,2026-05-28 10:10
SR510021,Billing,Installs & Demo,1,2026-05-28 18:36
SR510022,Repairs,Billing,2,2026-05-28 12:45
SR510023,Returns & Replacement,Returns & Replacement,0,2026-05-28 13:16
SR510024,Repairs,Repairs,0,2026-05-28 17:34
SR510025,Repairs,Repairs,0,2026-05-28 20:34
SR510026,Filters & Consumables,Warranty Claims,2,2026-05-28 06:46
SR510027,Warranty Claims,Warranty Claims,1,2026-05-28 08:49
SR510028,Filters & Consumables,Filters & Consumables,0,2026-05-28 14:01
SR510029,Installs & Demo,Installs & Demo,0,2026-05-29 04:35
SR510030,Billing,Billing,0,2026-05-28 08:36
SR510031,Billing,Billing,0,2026-05-28 13:41
SR510032,Warranty Claims,Warranty Claims,0,2026-05-28 18:38
SR510033,Filters & Consumables,Filters & Consumables,0,2026-05-29 21:01
SR510034,Filters & Consumables,Repairs,1,2026-05-28 10:20
SR510035,Returns & Replacement,Returns & Replacement,0,2026-05-28 11:08
SR510036,Returns & Replacement,Returns & Replacement,0,2026-05-28 13:23
SR510037,Billing,Billing,0,2026-05-28 23:19
SR510038,Billing,Repairs,2,2026-05-30 06:17
SR510039,Installs & Demo,Installs & Demo,0,2026-05-28 21:53
SR510040,Repairs,Repairs,0,2026-05-29 03:17
SR510041,Billing,Billing,0,2026-05-28 23:37
SR510042,Billing,Billing,0,2026-05-28 16:29
SR510043,Repairs,Installs & Demo,2,2026-05-29 14:14
SR510044,Repairs,Repairs,0,2026-05-29 00:41
SR510045,Repairs,Returns & Replacement,1,2026-05-29 08:44
SR510046,Returns & Replacement,Returns & Replacement,0,2026-05-29 03:51
SR510047,Returns & Replacement,Returns & Replacement,0,2026-05-28 22:16
SR510048,Repairs,Warranty Claims,2,2026-05-30 17:54
SR510049,Returns & Replacement,Returns & Replacement,0,2026-05-29 05:11
SR510050,Repairs,Repairs,0,2026-05-29 07:27
SR510051,Repairs,Repairs,0,2026-05-28 20:45
SR510052,Product Advice,Product Advice,0,2026-05-28 23:56
SR510053,Repairs,Installs & Demo,2,2026-05-29 23:11
SR510054,Filters & Consumables,Installs & Demo,2,2026-05-29 14:29
SR510055,Repairs,Repairs,0,2026-05-29 06:40
SR510056,Filters & Consumables,Repairs,1,2026-05-29 09:48
SR510057,Product Advice,Product Advice,0,2026-05-29 20:31
SR510058,Product Advice,Product Advice,0,2026-05-29 18:45
SR510059,Warranty Claims,Warranty Claims,0,2026-05-29 10:06
SR510060,Returns & Replacement,Returns & Replacement,0,2026-05-29 15:09
SR510061,Filters & Consumables,Product Advice,1,2026-05-30 03:49
SR510062,Filters & Consumables,Repairs,2,2026-05-30 08:17
SR510063,Returns & Replacement,Returns & Replacement,0,2026-05-29 17:31
SR510064,Billing,Installs & Demo,2,2026-06-01 18:21
SR510065,Warranty Claims,Warranty Claims,0,2026-05-29 16:56
SR510066,Installs & Demo,Installs & Demo,0,2026-05-29 18:52
SR510067,Warranty Claims,Warranty Claims,0,2026-05-29 21:20
SR510068,Filters & Consumables,Filters & Consumables,0,2026-05-29 22:56
SR510069,Warranty Claims,Warranty Claims,0,2026-05-30 15:33
SR510070,Filters & Consumables,Filters & Consumables,0,2026-05-30 07:30
SR510071,Filters & Consumables,Repairs,2,2026-05-30 12:37
SR510072,Warranty Claims,Warranty Claims,0,2026-05-30 04:27
SR510073,Repairs,Repairs,0,2026-05-30 03:24
SR510074,Returns & Replacement,Returns & Replacement,0,2026-05-30 08:09
SR510075,Billing,Billing,0,2026-05-30 02:01
SR510076,Filters & Consumables,Filters & Consumables,0,2026-05-30 08:28
SR510077,Repairs,Installs & Demo,1,2026-05-30 04:42
SR510078,Returns & Replacement,Returns & Replacement,0,2026-05-30 03:22
SR510079,Warranty Claims,Warranty Claims,0,2026-05-30 09:56
SR510080,Filters & Consumables,Filters & Consumables,0,2026-05-30 12:58
SR510081,Filters & Consumables,Filters & Consumables,0,2026-05-30 12:12
SR510082,Installs & Demo,Installs & Demo,0,2026-05-31 01:15
SR510083,Billing,Installs & Demo,2,2026-05-30 21:07
SR510084,Filters & Consumables,Filters & Consumables,0,2026-05-30 09:39
SR510085,Billing,Billing,0,2026-05-31 11:12
SR510086,Warranty Claims,Warranty Claims,0,2026-05-31 09:46
SR510087,Repairs,Repairs,0,2026-05-30 18:13
SR510088,Returns & Replacement,Returns & Replacement,0,2026-05-31 03:33
SR510089,Billing,Billing,0,2026-05-30 19:40
SR510090,Filters & Consumables,Filters & Consumables,0,2026-05-31 05:10
SR510091,Filters & Consumables,Repairs,1,2026-05-31 03:24
SR510092,Installs & Demo,Installs & Demo,0,2026-05-31 17:15
SR510093,Billing,Billing,0,2026-05-31 05:51
SR510094,Repairs,Repairs,0,2026-06-01 01:44
SR510095,Billing,Billing,0,2026-05-31 07:54
SR510096,Filters & Consumables,Repairs,1,2026-05-31 18:15
SR510097,Billing,Billing,0,2026-05-31 11:39
SR510098,Repairs,Repairs,0,2026-05-31 17:57
SR510099,Filters & Consumables,Filters & Consumables,0,2026-05-31 18:23
SR510100,Product Advice,Product Advice,0,2026-05-31 09:06
SR510101,Repairs,Billing,2,2026-06-01 11:21
SR510102,Filters & Consumables,Filters & Consumables,0,2026-05-31 16:47
SR510103,Warranty Claims,Warranty Claims,0,2026-06-02 00:57
SR510104,Returns & Replacement,Returns & Replacement,0,2026-05-31 14:32
SR510105,Filters & Consumables,Filters & Consumables,0,2026-06-01 06:13
SR510106,Installs & Demo,Installs & Demo,0,2026-06-01 01:59
SR510107,Billing,Billing,0,2026-06-01 04:15
SR510108,Repairs,Repairs,0,2026-05-31 19:56
SR510109,Returns & Replacement,Returns & Replacement,0,2026-06-01 00:45
SR510110,Repairs,Product Advice,2,2026-05-31 15:37
SR510111,Product Advice,Product Advice,1,2026-06-02 06:21
SR510112,Repairs,Returns & Replacement,2,2026-06-02 17:13
SR510113,Returns & Replacement,Returns & Replacement,0,2026-06-01 05:18
SR510114,Returns & Replacement,Returns & Replacement,0,2026-06-01 02:25
SR510115,Installs & Demo,Installs & Demo,0,2026-06-01 03:25
SR510116,Warranty Claims,Returns & Replacement,1,2026-06-01 06:37
SR510117,Billing,Repairs,1,2026-06-01 05:21
SR510118,Installs & Demo,Installs & Demo,0,2026-06-01 09:02
SR510119,Billing,Billing,0,2026-06-01 05:21
SR510120,Product Advice,Product Advice,0,2026-06-01 09:01
SR510121,Installs & Demo,Installs & Demo,0,2026-06-01 18:10
SR510122,Repairs,Repairs,0,2026-06-01 04:43
SR510123,Returns & Replacement,Installs & Demo,2,2026-06-01 18:22
SR510124,Product Advice,Product Advice,0,2026-06-01 18:33
SR510125,Returns & Replacement,Returns & Replacement,0,2026-06-01 15:40
SR510126,Returns & Replacement,Returns & Replacement,1,2026-06-02 03:06
SR510127,Installs & Demo,Installs & Demo,0,2026-06-01 15:52
SR510128,Billing,Installs & Demo,2,2026-06-01 23:35
SR510129,Billing,Warranty Claims,2,2026-06-03 04:48
SR510130,Billing,Billing,0,2026-06-02 10:27
SR510131,Warranty Claims,Warranty Claims,0,2026-06-02 14:13
SR510132,Repairs,Repairs,0,2026-06-02 01:14
SR510133,Filters & Consumables,Filters & Consumables,0,2026-06-03 06:58
SR510134,Repairs,Repairs,0,2026-06-02 09:51
SR510135,Repairs,Repairs,0,2026-06-02 17:49
SR510136,Product Advice,Product Advice,0,2026-06-02 14:07
SR510137,Product Advice,Product Advice,0,2026-06-02 06:35
SR510138,Product Advice,Product Advice,0,2026-06-02 11:14
SR510139,Installs & Demo,Installs & Demo,0,2026-06-02 10:29
SR510140,Repairs,Repairs,0,2026-06-02 20:13
SR510141,Returns & Replacement,Returns & Replacement,0,2026-06-02 14:14
SR510142,Installs & Demo,Installs & Demo,1,2026-06-03 04:17
SR510143,Installs & Demo,Installs & Demo,0,2026-06-02 18:16
SR510144,Installs & Demo,Installs & Demo,0,2026-06-02 22:38
SR510145,Installs & Demo,Installs & Demo,0,2026-06-02 19:51
SR510146,Warranty Claims,Product Advice,0,2026-06-03 02:20
SR510147,Billing,Repairs,2,2026-06-04 03:49
SR510148,Returns & Replacement,Returns & Replacement,0,2026-06-03 12:34
SR510149,Warranty Claims,Warranty Claims,0,2026-06-03 05:09
SR510150,Repairs,Repairs,0,2026-06-03 05:38
SR510151,Repairs,Filters & Consumables,2,2026-06-03 14:25
SR510152,Filters & Consumables,Filters & Consumables,0,2026-06-03 07:26
SR510153,Filters & Consumables,Filters & Consumables,0,2026-06-03 11:17
SR510154,Billing,Repairs,2,2026-06-03 21:52
SR510155,Returns & Replacement,Returns & Replacement,0,2026-06-03 13:06
SR510156,Product Advice,Product Advice,0,2026-06-03 19:22
SR510157,Filters & Consumables,Repairs,1,2026-06-03 22:16
SR510158,Installs & Demo,Installs & Demo,0,2026-06-03 08:59
SR510159,Product Advice,Product Advice,0,2026-06-03 22:08
SR510160,Product Advice,Product Advice,0,2026-06-03 16:05
SR510161,Repairs,Repairs,0,2026-06-03 11:01
SR510162,Billing,Billing,0,2026-06-03 11:52
SR510163,Filters & Consumables,Repairs,1,2026-06-04 12:15
SR510164,Repairs,Product Advice,2,2026-06-05 01:17
SR510165,Product Advice,Product Advice,0,2026-06-03 18:18
SR510166,Billing,Billing,0,2026-06-03 21:16
SR510167,Installs & Demo,Installs & Demo,0,2026-06-03 15:03
SR510168,Product Advice,Product Advice,0,2026-06-04 05:06
SR510169,Repairs,Repairs,0,2026-06-03 20:02
SR510170,Installs & Demo,Installs & Demo,0,2026-06-03 14:56
SR510171,Filters & Consumables,Filters & Consumables,0,2026-06-03 20:29
SR510172,Installs & Demo,Installs & Demo,0,2026-06-04 19:14
SR510173,Filters & Consumables,Filters & Consumables,0,2026-06-04 08:34
SR510174,Installs & Demo,Installs & Demo,1,2026-06-04 03:45
SR510175,Billing,Billing,0,2026-06-03 16:09
SR510176,Repairs,Repairs,0,2026-06-04 01:46
SR510177,Returns & Replacement,Returns & Replacement,0,2026-06-03 22:40
SR510178,Billing,Repairs,1,2026-06-04 03:02
SR510179,Returns & Replacement,Returns & Replacement,0,2026-06-03 23:25
SR510180,Repairs,Repairs,0,2026-06-04 06:22
SR510181,Returns & Replacement,Returns & Replacement,0,2026-06-03 23:09
SR510182,Repairs,Installs & Demo,1,2026-06-04 01:44
SR510183,Product Advice,Product Advice,0,2026-06-04 07:04
SR510184,Repairs,Repairs,0,2026-06-04 02:34
SR510185,Product Advice,Product Advice,0,2026-06-04 08:46
SR510186,Repairs,Warranty Claims,1,2026-06-05 05:07
SR510187,Filters & Consumables,Filters & Consumables,0,2026-06-04 14:47
SR510188,Product Advice,Product Advice,0,2026-06-04 11:08
SR510189,Returns & Replacement,Returns & Replacement,0,2026-06-04 21:52
SR510190,Installs & Demo,Installs & Demo,0,2026-06-04 12:39
SR510191,Filters & Consumables,Installs & Demo,1,2026-06-04 14:11
SR510192,Installs & Demo,Installs & Demo,0,2026-06-05 05:52
SR510193,Repairs,Billing,1,2026-06-05 01:42
SR510194,Billing,Installs & Demo,1,2026-06-05 10:32
SR510195,Repairs,Repairs,0,2026-06-04 20:19
SR510196,Filters & Consumables,Product Advice,1,2026-06-04 21:22
SR510197,Repairs,Product Advice,2,2026-06-05 16:06
SR510198,Repairs,Repairs,0,2026-06-04 22:02
SR510199,Filters & Consumables,Filters & Consumables,0,2026-06-05 01:34
SR510200,Filters & Consumables,Repairs,2,2026-06-05 03:04
SR510201,Repairs,Repairs,0,2026-06-05 02:39
SR510202,Warranty Claims,Installs & Demo,1,2026-06-06 13:35
SR510203,Returns & Replacement,Warranty Claims,2,2026-06-05 12:00
SR510204,Installs & Demo,Installs & Demo,0,2026-06-05 03:34
SR510205,Warranty Claims,Warranty Claims,0,2026-06-05 04:48
SR510206,Returns & Replacement,Returns & Replacement,0,2026-06-05 21:41
SR510207,Repairs,Repairs,0,2026-06-05 03:28
SR510208,Repairs,Repairs,0,2026-06-05 08:11
SR510209,Filters & Consumables,Filters & Consumables,0,2026-06-05 09:46
SR510210,Repairs,Filters & Consumables,0,2026-06-05 10:26
SR510211,Filters & Consumables,Installs & Demo,1,2026-06-06 13:19
SR510212,Repairs,Repairs,0,2026-06-05 15:11
SR510213,Billing,Billing,0,2026-06-05 17:34
SR510214,Product Advice,Product Advice,0,2026-06-05 16:45
SR510215,Returns & Replacement,Returns & Replacement,0,2026-06-05 13:36
SR510216,Repairs,Filters & Consumables,2,2026-06-09 00:52
SR510217,Filters & Consumables,Filters & Consumables,0,2026-06-06 09:42
SR510218,Repairs,Repairs,0,2026-06-06 00:05
SR510219,Repairs,Repairs,0,2026-06-05 21:45
SR510220,Filters & Consumables,Filters & Consumables,0,2026-06-05 22:39
SR510221,Product Advice,Billing,0,2026-06-05 23:29
SR510222,Repairs,Repairs,0,2026-06-05 20:50
SR510223,Product Advice,Product Advice,0,2026-06-05 22:18
SR510224,Billing,Billing,0,2026-06-06 10:41
SR510225,Repairs,Repairs,1,2026-06-06 06:32
SR510226,Billing,Billing,0,2026-06-06 06:51
SR510227,Filters & Consumables,Filters & Consumables,0,2026-06-06 09:48
SR510228,Repairs,Returns & Replacement,2,2026-06-07 01:31
SR510229,Billing,Warranty Claims,1,2026-06-06 14:24
SR510230,Repairs,Repairs,0,2026-06-06 04:59
SR510231,Repairs,Returns & Replacement,2,2026-06-08 05:55
SR510232,Repairs,Repairs,0,2026-06-06 18:31
SR510233,Repairs,Repairs,0,2026-06-06 15:16
SR510234,Returns & Replacement,Returns & Replacement,0,2026-06-07 01:14
SR510235,Repairs,Billing,1,2026-06-09 01:04
SR510236,Product Advice,Repairs,1,2026-06-06 20:55
SR510237,Returns & Replacement,Returns & Replacement,0,2026-06-06 14:34
SR510238,Repairs,Repairs,0,2026-06-06 12:06
SR510239,Product Advice,Product Advice,0,2026-06-06 10:09
SR510240,Repairs,Repairs,0,2026-06-06 21:38
SR510241,Product Advice,Product Advice,0,2026-06-06 15:21
SR510242,Warranty Claims,Warranty Claims,0,2026-06-06 14:28
SR510243,Returns & Replacement,Returns & Replacement,0,2026-06-07 03:51
SR510244,Repairs,Repairs,0,2026-06-06 17:21
SR510245,Warranty Claims,Warranty Claims,0,2026-06-07 00:28
SR510246,Filters & Consumables,Filters & Consumables,0,2026-06-06 19:58
SR510247,Repairs,Installs & Demo,2,2026-06-07 02:34
SR510248,Installs & Demo,Installs & Demo,0,2026-06-06 20:08
SR510249,Installs & Demo,Installs & Demo,0,2026-06-06 19:30
SR510250,Warranty Claims,Warranty Claims,0,2026-06-06 19:56
SR510251,Repairs,Repairs,0,2026-06-06 22:45
SR510252,Filters & Consumables,Filters & Consumables,0,2026-06-08 07:53
SR510253,Warranty Claims,Warranty Claims,0,2026-06-09 21:16
SR510254,Product Advice,Product Advice,0,2026-06-07 02:42
SR510255,Installs & Demo,Installs & Demo,0,2026-06-07 18:41
SR510256,Repairs,Warranty Claims,1,2026-06-07 06:27
SR510257,Repairs,Repairs,0,2026-06-08 03:30
SR510258,Returns & Replacement,Returns & Replacement,0,2026-06-08 01:23
SR510259,Repairs,Repairs,0,2026-06-07 06:51
SR510260,Filters & Consumables,Filters & Consumables,0,2026-06-07 11:37
SR510261,Filters & Consumables,Repairs,1,2026-06-07 17:01
SR510262,Repairs,Repairs,0,2026-06-08 09:26
SR510263,Product Advice,Product Advice,0,2026-06-07 18:35
SR510264,Returns & Replacement,Returns & Replacement,0,2026-06-07 17:27
SR510265,Billing,Billing,0,2026-06-07 17:30
SR510266,Warranty Claims,Warranty Claims,0,2026-06-08 12:35
SR510267,Repairs,Repairs,0,2026-06-08 04:57
SR510268,Repairs,Filters & Consumables,2,2026-06-08 18:04
SR510269,Repairs,Filters & Consumables,1,2026-06-08 06:20
SR510270,Installs & Demo,Installs & Demo,0,2026-06-08 04:04
SR510271,Installs & Demo,Installs & Demo,0,2026-06-08 00:54
SR510272,Repairs,Product Advice,2,2026-06-08 19:06
SR510273,Warranty Claims,Warranty Claims,0,2026-06-08 01:27
SR510274,Repairs,Repairs,0,2026-06-08 12:06
SR510275,Filters & Consumables,Repairs,1,2026-06-08 15:13
SR510276,Repairs,Returns & Replacement,2,2026-06-10 14:06
SR510277,Filters & Consumables,Filters & Consumables,0,2026-06-08 03:51
SR510278,Returns & Replacement,Returns & Replacement,0,2026-06-08 04:48
SR510279,Repairs,Repairs,1,2026-06-08 03:40
SR510280,Product Advice,Product Advice,0,2026-06-08 04:38
SR510281,Warranty Claims,Warranty Claims,0,2026-06-09 09:33
SR510282,Repairs,Installs & Demo,1,2026-06-08 21:00
SR510283,Repairs,Filters & Consumables,1,2026-06-08 19:17
SR510284,Filters & Consumables,Repairs,1,2026-06-09 11:38
SR510285,Billing,Returns & Replacement,1,2026-06-09 08:13
SR510286,Installs & Demo,Installs & Demo,0,2026-06-08 14:38
SR510287,Repairs,Billing,1,2026-06-09 05:44
SR510288,Repairs,Repairs,0,2026-06-08 17:39
SR510289,Installs & Demo,Installs & Demo,0,2026-06-08 15:08
SR510290,Warranty Claims,Warranty Claims,0,2026-06-08 14:23
SR510291,Returns & Replacement,Returns & Replacement,0,2026-06-08 22:34
SR510292,Product Advice,Filters & Consumables,0,2026-06-08 19:38
SR510293,Installs & Demo,Installs & Demo,0,2026-06-09 14:32
SR510294,Product Advice,Product Advice,0,2026-06-09 07:35
SR510295,Repairs,Repairs,0,2026-06-09 07:03
SR510296,Repairs,Repairs,0,2026-06-09 04:05
SR510297,Repairs,Repairs,0,2026-06-09 14:02
SR510298,Returns & Replacement,Returns & Replacement,0,2026-06-08 23:41
SR510299,Product Advice,Product Advice,0,2026-06-09 08:47
SR510300,Warranty Claims,Warranty Claims,1,2026-06-09 03:28
SR510301,Billing,Warranty Claims,2,2026-06-10 00:36
SR510302,Installs & Demo,Installs & Demo,0,2026-06-09 04:46
SR510303,Repairs,Warranty Claims,2,2026-06-09 21:45
SR510304,Installs & Demo,Installs & Demo,0,2026-06-09 21:33
SR510305,Repairs,Returns & Replacement,1,2026-06-09 12:35
SR510306,Returns & Replacement,Returns & Replacement,0,2026-06-09 11:29
SR510307,Repairs,Product Advice,2,2026-06-09 16:57
SR510308,Repairs,Warranty Claims,2,2026-06-10 06:40
SR510309,Installs & Demo,Installs & Demo,0,2026-06-09 10:56
SR510310,Product Advice,Product Advice,0,2026-06-10 01:07
SR510311,Repairs,Repairs,0,2026-06-09 16:20
SR510312,Returns & Replacement,Returns & Replacement,0,2026-06-09 14:46
SR510313,Billing,Billing,0,2026-06-09 20:33
SR510314,Returns & Replacement,Returns & Replacement,0,2026-06-09 20:07
SR510315,Billing,Installs & Demo,1,2026-06-09 20:40
SR510316,Repairs,Repairs,0,2026-06-09 22:10
SR510317,Returns & Replacement,Warranty Claims,0,2026-06-09 16:38
SR510318,Warranty Claims,Warranty Claims,0,2026-06-09 20:11
SR510319,Repairs,Repairs,0,2026-06-10 04:49
SR510320,Repairs,Repairs,0,2026-06-09 19:16
SR510321,Product Advice,Product Advice,0,2026-06-10 19:03
SR510322,Returns & Replacement,Returns & Replacement,0,2026-06-10 05:27
SR510323,Installs & Demo,Installs & Demo,0,2026-06-10 04:41
SR510324,Returns & Replacement,Returns & Replacement,0,2026-06-10 04:46
SR510325,Repairs,Installs & Demo,2,2026-06-10 20:11
SR510326,Warranty Claims,Warranty Claims,1,2026-06-10 18:31
SR510327,Billing,Billing,0,2026-06-10 14:24
SR510328,Installs & Demo,Installs & Demo,0,2026-06-10 15:23
SR510329,Billing,Billing,0,2026-06-10 15:13
SR510330,Returns & Replacement,Returns & Replacement,0,2026-06-10 11:59
SR510331,Warranty Claims,Warranty Claims,0,2026-06-10 08:03
SR510332,Returns & Replacement,Returns & Replacement,0,2026-06-10 10:34
SR510333,Repairs,Repairs,0,2026-06-10 08:54
SR510334,Installs & Demo,Installs & Demo,0,2026-06-10 08:03
SR510335,Warranty Claims,Warranty Claims,0,2026-06-10 10:48
SR510336,Warranty Claims,Warranty Claims,0,2026-06-10 09:56
SR510337,Billing,Billing,0,2026-06-10 17:00
SR510338,Filters & Consumables,Repairs,1,2026-06-11 11:01
SR510339,Repairs,Repairs,0,2026-06-10 13:01
SR510340,Billing,Billing,0,2026-06-10 14:05
SR510341,Repairs,Product Advice,1,2026-06-11 03:21
SR510342,Repairs,Billing,2,2026-06-11 03:47
SR510343,Product Advice,Product Advice,0,2026-06-11 12:45
SR510344,Billing,Billing,0,2026-06-11 06:39
SR510345,Warranty Claims,Warranty Claims,0,2026-06-11 00:26
SR510346,Installs & Demo,Installs & Demo,0,2026-06-11 14:48
SR510347,Filters & Consumables,Filters & Consumables,0,2026-06-11 02:20
SR510348,Returns & Replacement,Returns & Replacement,0,2026-06-11 03:13
SR510349,Product Advice,Product Advice,0,2026-06-11 08:00
SR510350,Installs & Demo,Installs & Demo,0,2026-06-12 01:19
SR510351,Returns & Replacement,Returns & Replacement,0,2026-06-11 09:36
SR510352,Repairs,Repairs,0,2026-06-11 10:53
SR510353,Repairs,Product Advice,2,2026-06-11 11:41
SR510354,Repairs,Filters & Consumables,2,2026-06-12 14:58
SR510355,Repairs,Product Advice,2,2026-06-11 22:01
SR510356,Repairs,Product Advice,2,2026-06-11 15:35
SR510357,Filters & Consumables,Installs & Demo,1,2026-06-12 10:54
SR510358,Returns & Replacement,Returns & Replacement,0,2026-06-11 20:12
SR510359,Filters & Consumables,Filters & Consumables,0,2026-06-11 14:25
SR510360,Billing,Billing,0,2026-06-11 17:31
SR510361,Repairs,Returns & Replacement,2,2026-06-12 22:40
SR510362,Installs & Demo,Installs & Demo,0,2026-06-12 10:18
SR510363,Product Advice,Product Advice,0,2026-06-12 05:03
SR510364,Repairs,Returns & Replacement,2,2026-06-13 06:44
SR510365,Repairs,Returns & Replacement,2,2026-06-13 06:26
SR510366,Billing,Installs & Demo,2,2026-06-12 09:39
SR510367,Warranty Claims,Warranty Claims,0,2026-06-12 01:31
SR510368,Repairs,Returns & Replacement,2,2026-06-13 03:40
SR510369,Returns & Replacement,Returns & Replacement,0,2026-06-12 03:44
SR510370,Warranty Claims,Warranty Claims,0,2026-06-12 07:16
SR510371,Returns & Replacement,Returns & Replacement,0,2026-06-13 03:53
SR510372,Repairs,Repairs,0,2026-06-13 09:10
SR510373,Repairs,Repairs,0,2026-06-13 01:18
SR510374,Filters & Consumables,Filters & Consumables,0,2026-06-12 06:33
SR510375,Repairs,Repairs,0,2026-06-12 05:33
SR510376,Filters & Consumables,Warranty Claims,2,2026-06-12 09:17
SR510377,Repairs,Repairs,0,2026-06-12 12:00
SR510378,Billing,Installs & Demo,2,2026-06-13 19:02
SR510379,Filters & Consumables,Repairs,1,2026-06-13 02:22
SR510380,Product Advice,Product Advice,0,2026-06-12 19:20
SR510381,Billing,Returns & Replacement,2,2026-06-13 14:56
SR510382,Warranty Claims,Warranty Claims,0,2026-06-12 21:32
SR510383,Installs & Demo,Installs & Demo,0,2026-06-13 01:17
SR510384,Returns & Replacement,Returns & Replacement,0,2026-06-12 23:41
SR510385,Repairs,Repairs,0,2026-06-12 22:26
SR510386,Installs & Demo,Installs & Demo,0,2026-06-13 07:29
SR510387,Filters & Consumables,Filters & Consumables,0,2026-06-14 01:34
SR510388,Repairs,Product Advice,1,2026-06-13 11:18
SR510389,Repairs,Repairs,0,2026-06-13 02:20
SR510390,Installs & Demo,Installs & Demo,0,2026-06-13 19:09
SR510391,Repairs,Installs & Demo,1,2026-06-14 08:14
SR510392,Billing,Repairs,2,2026-06-13 07:14
SR510393,Filters & Consumables,Filters & Consumables,0,2026-06-13 05:05
SR510394,Repairs,Repairs,0,2026-06-13 06:35
SR510395,Product Advice,Product Advice,0,2026-06-13 07:43
SR510396,Returns & Replacement,Returns & Replacement,1,2026-06-14 00:30
SR510397,Warranty Claims,Warranty Claims,0,2026-06-13 22:11
SR510398,Billing,Billing,0,2026-06-13 14:56
SR510399,Repairs,Repairs,0,2026-06-14 03:17
SR510400,Filters & Consumables,Filters & Consumables,0,2026-06-14 01:43
SR510401,Filters & Consumables,Repairs,1,2026-06-13 20:16
SR510402,Filters & Consumables,Returns & Replacement,2,2026-06-14 06:46
SR510403,Returns & Replacement,Returns & Replacement,0,2026-06-14 10:12
SR510404,Repairs,Warranty Claims,2,2026-06-15 04:07
SR510405,Billing,Installs & Demo,2,2026-06-15 22:12
SR510406,Billing,Billing,0,2026-06-16 16:42
SR510407,Repairs,Repairs,0,2026-06-14 01:47
SR510408,Returns & Replacement,Returns & Replacement,0,2026-06-14 10:47
SR510409,Installs & Demo,Installs & Demo,1,2026-06-14 07:27
SR510410,Repairs,Repairs,0,2026-06-14 09:25
SR510411,Billing,Billing,0,2026-06-14 14:23
SR510412,Billing,Billing,0,2026-06-14 16:48
SR510413,Billing,Billing,0,2026-06-14 09:32
SR510414,Filters & Consumables,Filters & Consumables,0,2026-06-14 08:57
SR510415,Billing,Billing,0,2026-06-14 08:54
SR510416,Repairs,Repairs,0,2026-06-14 11:09
SR510417,Installs & Demo,Installs & Demo,0,2026-06-14 12:42
SR510418,Repairs,Warranty Claims,2,2026-06-15 14:36
SR510419,Filters & Consumables,Installs & Demo,2,2026-06-15 13:56
SR510420,Billing,Warranty Claims,1,2026-06-15 00:41
SR510421,Repairs,Repairs,0,2026-06-14 15:04
SR510422,Filters & Consumables,Installs & Demo,2,2026-06-14 15:26
SR510423,Installs & Demo,Installs & Demo,0,2026-06-15 07:26
SR510424,Billing,Billing,0,2026-06-14 17:12
SR510425,Installs & Demo,Installs & Demo,0,2026-06-15 00:10
SR510426,Billing,Billing,0,2026-06-15 01:18
SR510427,Warranty Claims,Warranty Claims,0,2026-06-14 22:30
SR510428,Repairs,Repairs,0,2026-06-14 21:13
SR510429,Filters & Consumables,Returns & Replacement,2,2026-06-18 03:31
SR510430,Installs & Demo,Installs & Demo,0,2026-06-15 00:57
SR510431,Repairs,Warranty Claims,2,2026-06-16 18:15
SR510432,Repairs,Warranty Claims,2,2026-06-15 12:32
SR510433,Product Advice,Product Advice,0,2026-06-15 11:19
SR510434,Returns & Replacement,Returns & Replacement,0,2026-06-15 10:14
SR510435,Repairs,Product Advice,1,2026-06-15 16:33
SR510436,Billing,Billing,0,2026-06-15 12:12
SR510437,Filters & Consumables,Filters & Consumables,0,2026-06-15 10:33
SR510438,Repairs,Warranty Claims,2,2026-06-15 12:18
SR510439,Returns & Replacement,Returns & Replacement,0,2026-06-15 09:04
SR510440,Repairs,Repairs,0,2026-06-15 13:26
SR510441,Repairs,Repairs,0,2026-06-15 10:29
SR510442,Repairs,Installs & Demo,1,2026-06-15 17:45
SR510443,Warranty Claims,Warranty Claims,0,2026-06-15 18:39
SR510444,Installs & Demo,Installs & Demo,0,2026-06-15 16:10
SR510445,Product Advice,Product Advice,0,2026-06-15 14:49
SR510446,Repairs,Product Advice,1,2026-06-15 18:43
SR510447,Warranty Claims,Warranty Claims,0,2026-06-15 14:47
SR510448,Repairs,Billing,1,2026-06-15 19:37
SR510449,Repairs,Installs & Demo,1,2026-06-16 04:34
SR510450,Repairs,Repairs,0,2026-06-15 15:42
SR510451,Installs & Demo,Installs & Demo,0,2026-06-15 17:54
SR510452,Repairs,Installs & Demo,1,2026-06-16 05:29
SR510453,Billing,Billing,0,2026-06-17 10:31
SR510454,Returns & Replacement,Returns & Replacement,0,2026-06-15 21:10
SR510455,Repairs,Repairs,0,2026-06-17 07:46
SR510456,Product Advice,Product Advice,0,2026-06-16 01:15
SR510457,Installs & Demo,Installs & Demo,0,2026-06-16 01:07
SR510458,Filters & Consumables,Filters & Consumables,0,2026-06-16 19:47
SR510459,Filters & Consumables,Filters & Consumables,0,2026-06-16 05:18
SR510460,Repairs,Returns & Replacement,1,2026-06-16 18:01
SR510461,Returns & Replacement,Returns & Replacement,0,2026-06-16 07:50
SR510462,Billing,Billing,0,2026-06-16 05:33
SR510463,Returns & Replacement,Installs & Demo,0,2026-06-16 05:33
SR510464,Product Advice,Product Advice,0,2026-06-16 10:06
SR510465,Warranty Claims,Warranty Claims,0,2026-06-16 08:06
SR510466,Repairs,Repairs,0,2026-06-16 21:03
SR510467,Repairs,Repairs,0,2026-06-16 08:18
SR510468,Product Advice,Product Advice,0,2026-06-16 22:03
SR510469,Repairs,Repairs,0,2026-06-17 15:52
SR510470,Repairs,Product Advice,1,2026-06-17 01:19
SR510471,Repairs,Repairs,0,2026-06-16 13:07
SR510472,Warranty Claims,Returns & Replacement,1,2026-06-17 01:54
SR510473,Repairs,Returns & Replacement,1,2026-06-21 16:15
SR510474,Filters & Consumables,Returns & Replacement,1,2026-06-16 21:57
SR510475,Billing,Billing,1,2026-06-17 00:35
SR510476,Repairs,Repairs,0,2026-06-17 01:52
SR510477,Billing,Billing,0,2026-06-16 16:40
SR510478,Installs & Demo,Installs & Demo,0,2026-06-17 00:00
SR510479,Billing,Installs & Demo,1,2026-06-17 06:29
SR510480,Repairs,Repairs,0,2026-06-16 23:51
SR510481,Repairs,Repairs,0,2026-06-17 02:57
SR510482,Product Advice,Product Advice,0,2026-06-17 00:07
SR510483,Warranty Claims,Warranty Claims,0,2026-06-17 01:42
SR510484,Repairs,Repairs,0,2026-06-17 01:14
SR510485,Installs & Demo,Installs & Demo,0,2026-06-17 00:29
SR510486,Repairs,Repairs,1,2026-06-17 07:28
SR510487,Filters & Consumables,Repairs,2,2026-06-18 07:01
SR510488,Product Advice,Product Advice,0,2026-06-17 16:11
SR510489,Product Advice,Product Advice,0,2026-06-17 14:06
SR510490,Billing,Installs & Demo,2,2026-06-17 21:37
SR510491,Returns & Replacement,Returns & Replacement,0,2026-06-17 18:15
SR510492,Filters & Consumables,Filters & Consumables,0,2026-06-18 14:28
SR510493,Filters & Consumables,Repairs,2,2026-06-17 18:33
SR510494,Installs & Demo,Installs & Demo,0,2026-06-17 07:10
SR510495,Installs & Demo,Installs & Demo,0,2026-06-17 16:40
SR510496,Product Advice,Product Advice,0,2026-06-17 17:11
SR510497,Product Advice,Product Advice,0,2026-06-17 09:39
SR510498,Filters & Consumables,Filters & Consumables,0,2026-06-18 00:28
SR510499,Filters & Consumables,Filters & Consumables,0,2026-06-17 23:40
SR510500,Repairs,Repairs,0,2026-06-17 13:32
SR510501,Filters & Consumables,Product Advice,2,2026-06-18 05:06
SR510502,Warranty Claims,Warranty Claims,0,2026-06-17 15:13
SR510503,Repairs,Returns & Replacement,1,2026-06-17 18:17
SR510504,Repairs,Warranty Claims,2,2026-06-17 22:01
SR510505,Filters & Consumables,Filters & Consumables,0,2026-06-18 00:00
SR510506,Repairs,Returns & Replacement,2,2026-06-18 09:15
SR510507,Returns & Replacement,Returns & Replacement,0,2026-06-18 02:27
SR510508,Returns & Replacement,Returns & Replacement,0,2026-06-18 11:03
SR510509,Filters & Consumables,Filters & Consumables,0,2026-06-18 02:18
SR510510,Returns & Replacement,Returns & Replacement,0,2026-06-18 01:41
SR510511,Installs & Demo,Installs & Demo,0,2026-06-17 23:24
SR510512,Repairs,Installs & Demo,1,2026-06-18 04:40
SR510513,Installs & Demo,Installs & Demo,0,2026-06-18 10:07
SR510514,Repairs,Installs & Demo,1,2026-06-18 17:52
SR510515,Repairs,Repairs,0,2026-06-18 02:20
SR510516,Repairs,Repairs,0,2026-06-18 13:04
SR510517,Product Advice,Product Advice,0,2026-06-18 21:23
SR510518,Repairs,Repairs,0,2026-06-19 06:26
SR510519,Product Advice,Product Advice,0,2026-06-19 13:10
SR510520,Product Advice,Product Advice,0,2026-06-18 15:34
SR510521,Repairs,Repairs,0,2026-06-18 14:12
SR510522,Repairs,Repairs,0,2026-06-18 14:40
SR510523,Filters & Consumables,Filters & Consumables,0,2026-06-19 20:08
SR510524,Filters & Consumables,Repairs,1,2026-06-19 14:08
SR510525,Repairs,Product Advice,2,2026-06-21 07:43
SR510526,Returns & Replacement,Returns & Replacement,0,2026-06-19 02:30
SR510527,Product Advice,Product Advice,0,2026-06-18 20:08
SR510528,Repairs,Repairs,0,2026-06-18 15:25
SR510529,Billing,Warranty Claims,1,2026-06-19 01:15
SR510530,Repairs,Repairs,0,2026-06-18 17:47
SR510531,Billing,Installs & Demo,1,2026-06-18 20:26
SR510532,Repairs,Filters & Consumables,1,2026-06-18 21:46
SR510533,Billing,Warranty Claims,0,2026-06-18 20:37
SR510534,Repairs,Product Advice,2,2026-06-18 23:52
SR510535,Filters & Consumables,Repairs,1,2026-06-19 07:20
SR510536,Warranty Claims,Warranty Claims,0,2026-06-19 16:45
SR510537,Repairs,Repairs,0,2026-06-20 05:50
SR510538,Billing,Billing,0,2026-06-19 03:53
SR510539,Billing,Billing,0,2026-06-19 20:05
SR510540,Warranty Claims,Warranty Claims,0,2026-06-19 05:19
SR510541,Repairs,Returns & Replacement,2,2026-06-19 10:03
SR510542,Repairs,Repairs,0,2026-06-19 09:12
SR510543,Repairs,Repairs,0,2026-06-19 14:45
SR510544,Repairs,Warranty Claims,2,2026-06-19 07:27
SR510545,Installs & Demo,Installs & Demo,0,2026-06-19 17:29
SR510546,Installs & Demo,Installs & Demo,0,2026-06-19 06:16
SR510547,Repairs,Repairs,0,2026-06-19 03:22
SR510548,Billing,Billing,0,2026-06-19 12:06
SR510549,Repairs,Repairs,0,2026-06-19 08:38
SR510550,Warranty Claims,Warranty Claims,0,2026-06-19 14:25
SR510551,Filters & Consumables,Filters & Consumables,0,2026-06-21 03:28
SR510552,Billing,Returns & Replacement,1,2026-06-21 11:24
SR510553,Product Advice,Product Advice,0,2026-06-19 11:12
SR510554,Filters & Consumables,Repairs,1,2026-06-19 18:10
SR510555,Repairs,Repairs,0,2026-06-20 06:32
SR510556,Repairs,Warranty Claims,1,2026-06-19 22:20
SR510557,Product Advice,Product Advice,0,2026-06-20 01:28
SR510558,Repairs,Repairs,1,2026-06-20 03:54
SR510559,Returns & Replacement,Returns & Replacement,0,2026-06-21 08:06
SR510560,Product Advice,Product Advice,0,2026-06-20 02:28
SR510561,Repairs,Repairs,0,2026-06-20 08:42
SR510562,Installs & Demo,Installs & Demo,0,2026-06-20 01:19
SR510563,Billing,Billing,0,2026-06-20 13:10
SR510564,Billing,Repairs,2,2026-06-21 20:09
SR510565,Filters & Consumables,Filters & Consumables,0,2026-06-20 04:31
SR510566,Billing,Billing,0,2026-06-20 03:19
SR510567,Repairs,Billing,1,2026-06-20 14:14
SR510568,Product Advice,Product Advice,0,2026-06-20 08:40
SR510569,Repairs,Repairs,1,2026-06-20 22:22
SR510570,Billing,Billing,0,2026-06-20 08:58
SR510571,Returns & Replacement,Returns & Replacement,0,2026-06-21 01:55
SR510572,Billing,Billing,0,2026-06-20 10:09
SR510573,Warranty Claims,Warranty Claims,0,2026-06-20 20:48
SR510574,Returns & Replacement,Returns & Replacement,0,2026-06-20 06:09
SR510575,Repairs,Repairs,0,2026-06-20 09:40
SR510576,Repairs,Returns & Replacement,1,2026-06-20 16:42
SR510577,Installs & Demo,Installs & Demo,0,2026-06-21 00:17
SR510578,Product Advice,Product Advice,0,2026-06-20 19:00
SR510579,Filters & Consumables,Repairs,1,2026-06-20 17:16
SR510580,Repairs,Returns & Replacement,1,2026-06-20 16:47
SR510581,Repairs,Repairs,0,2026-06-21 07:06
SR510582,Repairs,Repairs,0,2026-06-20 20:06
SR510583,Billing,Billing,0,2026-06-20 18:46
SR510584,Repairs,Returns & Replacement,1,2026-06-21 05:47
SR510585,Repairs,Warranty Claims,2,2026-06-21 14:21
SR510586,Filters & Consumables,Filters & Consumables,0,2026-06-21 03:04
SR510587,Product Advice,Product Advice,0,2026-06-21 18:58
SR510588,Billing,Repairs,2,2026-06-21 06:13
SR510589,Billing,Installs & Demo,1,2026-06-20 23:37
SR510590,Warranty Claims,Warranty Claims,0,2026-06-21 02:55
SR510591,Product Advice,Product Advice,0,2026-06-20 21:14
SR510592,Billing,Billing,0,2026-06-20 23:28
SR510593,Returns & Replacement,Returns & Replacement,0,2026-06-21 03:54
SR510594,Billing,Repairs,1,2026-06-21 00:06
SR510595,Filters & Consumables,Filters & Consumables,0,2026-06-21 10:06
SR510596,Filters & Consumables,Filters & Consumables,0,2026-06-21 08:35
SR510597,Repairs,Product Advice,1,2026-06-21 11:21
SR510598,Repairs,Repairs,0,2026-06-22 06:23
SR510599,Repairs,Repairs,0,2026-06-21 11:55
SR510600,Installs & Demo,Installs & Demo,0,2026-06-21 12:34
SR510601,Returns & Replacement,Returns & Replacement,0,2026-06-21 08:34
SR510602,Billing,Installs & Demo,2,2026-06-21 20:58
SR510603,Filters & Consumables,Filters & Consumables,0,2026-06-21 09:29
SR510604,Installs & Demo,Installs & Demo,0,2026-06-21 12:54
SR510605,Warranty Claims,Warranty Claims,0,2026-06-22 08:15
SR510606,Product Advice,Product Advice,0,2026-06-21 22:14
SR510607,Repairs,Repairs,0,2026-06-22 01:18
SR510608,Filters & Consumables,Filters & Consumables,0,2026-06-21 19:12
SR510609,Repairs,Repairs,0,2026-06-21 23:49
SR510610,Returns & Replacement,Returns & Replacement,0,2026-06-22 00:16
SR510611,Repairs,Product Advice,2,2026-06-24 05:40
SR510612,Returns & Replacement,Returns & Replacement,0,2026-06-22 01:49
SR510613,Repairs,Installs & Demo,1,2026-06-23 06:53
SR510614,Repairs,Repairs,0,2026-06-22 08:02
SR510615,Product Advice,Product Advice,0,2026-06-22 13:34
SR510616,Returns & Replacement,Returns & Replacement,0,2026-06-22 07:34
SR510617,Product Advice,Product Advice,0,2026-06-22 09:10
SR510618,Repairs,Repairs,0,2026-06-22 23:36
SR510619,Installs & Demo,Installs & Demo,0,2026-06-22 09:52
SR510620,Repairs,Repairs,0,2026-06-22 08:27
SR510621,Installs & Demo,Installs & Demo,0,2026-06-22 19:38
SR510622,Warranty Claims,Warranty Claims,0,2026-06-23 02:16
SR510623,Repairs,Returns & Replacement,1,2026-06-22 23:17
SR510624,Billing,Billing,0,2026-06-22 14:30
SR510625,Repairs,Billing,2,2026-06-22 19:43
SR510626,Billing,Billing,0,2026-06-22 21:50
SR510627,Warranty Claims,Warranty Claims,0,2026-06-23 00:06
SR510628,Returns & Replacement,Returns & Replacement,0,2026-06-23 00:53
SR510629,Installs & Demo,Installs & Demo,0,2026-06-23 02:33
SR510630,Repairs,Repairs,0,2026-06-22 21:20
SR510631,Returns & Replacement,Returns & Replacement,0,2026-06-23 10:52
SR510632,Warranty Claims,Warranty Claims,0,2026-06-23 13:57
SR510633,Repairs,Returns & Replacement,1,2026-06-23 04:38
SR510634,Repairs,Returns & Replacement,1,2026-06-23 21:10
SR510635,Returns & Replacement,Returns & Replacement,0,2026-06-24 07:15
SR510636,Filters & Consumables,Filters & Consumables,0,2026-06-23 05:19
SR510637,Repairs,Repairs,0,2026-06-23 13:22
SR510638,Repairs,Filters & Consumables,1,2026-06-24 17:20
SR510639,Repairs,Returns & Replacement,2,2026-06-24 01:17
SR510640,Installs & Demo,Installs & Demo,0,2026-06-23 03:58
SR510641,Repairs,Repairs,0,2026-06-24 17:13
SR510642,Repairs,Repairs,0,2026-06-23 06:07
SR510643,Filters & Consumables,Filters & Consumables,0,2026-06-23 21:55
SR510644,Warranty Claims,Warranty Claims,0,2026-06-23 08:31
SR510645,Repairs,Repairs,0,2026-06-23 08:39
SR510646,Filters & Consumables,Filters & Consumables,0,2026-06-23 17:40
SR510647,Repairs,Repairs,0,2026-06-24 09:07
SR510648,Returns & Replacement,Returns & Replacement,0,2026-06-23 23:39
SR510649,Billing,Billing,0,2026-06-23 16:21
SR510650,Billing,Repairs,2,2026-06-25 06:02
SR510651,Product Advice,Product Advice,0,2026-06-24 00:22
SR510652,Repairs,Product Advice,1,2026-06-25 02:23
SR510653,Returns & Replacement,Returns & Replacement,0,2026-06-24 03:41
SR510654,Product Advice,Product Advice,0,2026-06-23 19:12
SR510655,Returns & Replacement,Returns & Replacement,1,2026-06-24 03:20
SR510656,Billing,Billing,0,2026-06-23 21:52
SR510657,Billing,Billing,0,2026-06-24 02:38
SR510658,Warranty Claims,Warranty Claims,0,2026-06-24 22:16
SR510659,Warranty Claims,Warranty Claims,0,2026-06-24 05:33
SR510660,Product Advice,Product Advice,0,2026-06-24 09:23
SR510661,Filters & Consumables,Repairs,1,2026-06-24 11:25
SR510662,Returns & Replacement,Returns & Replacement,0,2026-06-24 09:53
SR510663,Filters & Consumables,Warranty Claims,2,2026-06-26 15:40
SR510664,Billing,Installs & Demo,2,2026-06-25 11:34
SR510665,Repairs,Returns & Replacement,1,2026-06-24 06:50
SR510666,Billing,Billing,0,2026-06-24 09:19
SR510667,Repairs,Repairs,0,2026-06-24 14:21
SR510668,Installs & Demo,Installs & Demo,0,2026-06-24 10:03
SR510669,Repairs,Installs & Demo,1,2026-06-25 03:19
SR510670,Repairs,Billing,2,2026-06-25 15:13
SR510671,Repairs,Repairs,0,2026-06-24 12:56
SR510672,Returns & Replacement,Filters & Consumables,1,2026-06-24 11:08
SR510673,Returns & Replacement,Returns & Replacement,0,2026-06-24 08:52
SR510674,Warranty Claims,Warranty Claims,0,2026-06-24 09:54
SR510675,Product Advice,Product Advice,0,2026-06-24 21:55
SR510676,Repairs,Repairs,0,2026-06-24 15:15
SR510677,Filters & Consumables,Repairs,1,2026-06-25 01:32
SR510678,Billing,Billing,0,2026-06-25 01:08
SR510679,Warranty Claims,Warranty Claims,0,2026-06-24 15:31
SR510680,Repairs,Repairs,0,2026-06-24 18:14
SR510681,Billing,Billing,0,2026-06-24 21:00
SR510682,Billing,Billing,0,2026-06-24 20:14
SR510683,Billing,Repairs,2,2026-06-26 05:03
SR510684,Repairs,Repairs,0,2026-06-25 15:33
SR510685,Filters & Consumables,Filters & Consumables,0,2026-06-25 08:13
SR510686,Repairs,Repairs,0,2026-06-25 11:41
SR510687,Repairs,Repairs,0,2026-06-25 05:25
SR510688,Repairs,Repairs,0,2026-06-25 02:55
SR510689,Repairs,Product Advice,1,2026-06-26 12:28
SR510690,Billing,Billing,0,2026-06-25 10:23
SR510691,Returns & Replacement,Returns & Replacement,0,2026-06-25 13:18
SR510692,Warranty Claims,Warranty Claims,0,2026-06-25 17:13
SR510693,Billing,Billing,0,2026-06-25 09:23
SR510694,Filters & Consumables,Filters & Consumables,0,2026-06-25 11:50
SR510695,Filters & Consumables,Filters & Consumables,0,2026-06-26 01:22
SR510696,Installs & Demo,Repairs,2,2026-06-26 02:24
SR510697,Installs & Demo,Installs & Demo,0,2026-06-25 14:45
SR510698,Repairs,Product Advice,2,2026-06-27 06:47
SR510699,Repairs,Repairs,0,2026-06-25 17:03
SR510700,Installs & Demo,Installs & Demo,0,2026-06-26 13:35
SR510701,Repairs,Repairs,0,2026-06-27 00:56
SR510702,Product Advice,Product Advice,0,2026-06-26 01:53
SR510703,Repairs,Installs & Demo,1,2026-06-27 05:04
SR510704,Installs & Demo,Installs & Demo,0,2026-06-26 03:08
SR510705,Repairs,Filters & Consumables,2,2026-06-26 11:07
SR510706,Billing,Billing,0,2026-06-26 06:26
SR510707,Product Advice,Product Advice,0,2026-06-26 20:34
SR510708,Product Advice,Product Advice,0,2026-06-26 13:13
SR510709,Warranty Claims,Warranty Claims,0,2026-06-26 10:46
SR510710,Product Advice,Product Advice,0,2026-06-26 06:08
SR510711,Billing,Installs & Demo,2,2026-06-26 15:49
SR510712,Billing,Billing,0,2026-06-26 15:09
SR510713,Filters & Consumables,Returns & Replacement,2,2026-06-27 20:31
SR510714,Billing,Billing,2,2026-06-26 21:35
SR510715,Installs & Demo,Installs & Demo,0,2026-06-26 17:54
SR510716,Repairs,Repairs,0,2026-06-26 10:34
SR510717,Installs & Demo,Installs & Demo,0,2026-06-26 15:34
SR510718,Repairs,Repairs,0,2026-06-27 02:40
SR510719,Returns & Replacement,Repairs,1,2026-06-26 20:02
SR510720,Repairs,Repairs,0,2026-06-26 17:24
SR510721,Product Advice,Product Advice,0,2026-06-26 17:44
SR510722,Installs & Demo,Installs & Demo,0,2026-06-26 20:24
SR510723,Repairs,Product Advice,2,2026-06-26 22:36
SR510724,Product Advice,Product Advice,0,2026-06-27 17:49
SR510725,Filters & Consumables,Repairs,2,2026-06-27 06:28
SR510726,Filters & Consumables,Filters & Consumables,0,2026-06-27 10:43
SR510727,Billing,Billing,0,2026-06-27 02:35
SR510728,Returns & Replacement,Returns & Replacement,0,2026-06-27 11:33
SR510729,Repairs,Repairs,0,2026-06-27 23:49
SR510730,Repairs,Returns & Replacement,1,2026-06-27 09:18
SR510731,Returns & Replacement,Returns & Replacement,0,2026-06-27 02:25
SR510732,Filters & Consumables,Filters & Consumables,0,2026-06-27 02:07
SR510733,Installs & Demo,Installs & Demo,0,2026-06-27 14:33
SR510734,Repairs,Repairs,0,2026-06-27 06:05
SR510735,Filters & Consumables,Repairs,2,2026-06-28 02:50
SR510736,Product Advice,Product Advice,0,2026-06-29 03:01
SR510737,Warranty Claims,Warranty Claims,0,2026-06-27 12:03
SR510738,Installs & Demo,Installs & Demo,0,2026-06-27 12:19
SR510739,Filters & Consumables,Filters & Consumables,0,2026-06-27 20:30
SR510740,Repairs,Repairs,1,2026-06-27 18:38
SR510741,Repairs,Repairs,0,2026-06-27 13:15
SR510742,Repairs,Repairs,0,2026-06-28 01:04
SR510743,Repairs,Repairs,0,2026-06-27 13:07
SR510744,Warranty Claims,Warranty Claims,0,2026-06-27 16:45
SR510745,Product Advice,Product Advice,0,2026-06-28 03:31
SR510746,Billing,Returns & Replacement,2,2026-06-29 10:32
SR510747,Warranty Claims,Warranty Claims,0,2026-06-27 20:53
SR510748,Installs & Demo,Installs & Demo,0,2026-06-28 00:44
SR510749,Filters & Consumables,Repairs,1,2026-06-28 06:00
SR510750,Repairs,Repairs,0,2026-06-27 19:48
SR510751,Filters & Consumables,Warranty Claims,2,2026-06-28 14:37
SR510752,Repairs,Warranty Claims,1,2026-06-28 00:24
SR510753,Filters & Consumables,Repairs,2,2026-06-28 18:02
SR510754,Product Advice,Product Advice,0,2026-06-28 00:31
SR510755,Repairs,Repairs,0,2026-06-28 13:11
SR510756,Repairs,Repairs,0,2026-06-28 04:36
SR510757,Filters & Consumables,Repairs,2,2026-06-28 19:58
SR510758,Billing,Billing,0,2026-06-29 03:49
SR510759,Installs & Demo,Installs & Demo,0,2026-06-28 02:59
SR510760,Repairs,Filters & Consumables,1,2026-06-28 08:09
SR510761,Repairs,Repairs,0,2026-06-28 07:29
SR510762,Repairs,Returns & Replacement,2,2026-06-28 18:14
SR510763,Warranty Claims,Warranty Claims,0,2026-06-28 19:48
SR510764,Warranty Claims,Warranty Claims,0,2026-06-28 15:40
SR510765,Installs & Demo,Installs & Demo,0,2026-06-28 08:50
SR510766,Product Advice,Product Advice,0,2026-06-28 15:39
SR510767,Warranty Claims,Warranty Claims,0,2026-06-28 12:53
SR510768,Repairs,Repairs,0,2026-06-28 22:38
SR510769,Repairs,Repairs,0,2026-06-28 12:57
SR510770,Warranty Claims,Warranty Claims,0,2026-06-28 21:34
SR510771,Warranty Claims,Warranty Claims,0,2026-06-28 19:14
SR510772,Repairs,Repairs,0,2026-06-29 00:34
SR510773,Repairs,Installs & Demo,2,2026-06-29 05:13
SR510774,Warranty Claims,Warranty Claims,0,2026-06-29 07:17
SR510775,Repairs,Repairs,0,2026-06-29 03:11
SR510776,Billing,Billing,0,2026-06-29 23:59
SR510777,Filters & Consumables,Filters & Consumables,0,2026-06-29 03:31
SR510778,Filters & Consumables,Installs & Demo,2,2026-07-01 05:14
SR510779,Repairs,Product Advice,2,2026-06-29 13:33
SR510780,Warranty Claims,Warranty Claims,0,2026-06-29 20:20
SR510781,Filters & Consumables,Filters & Consumables,0,2026-06-29 07:57
SR510782,Warranty Claims,Warranty Claims,0,2026-06-29 08:02
SR510783,Filters & Consumables,Warranty Claims,2,2026-07-02 16:16
SR510784,Filters & Consumables,Installs & Demo,2,2026-07-01 21:36
SR510785,Billing,Billing,0,2026-06-30 03:35
SR510786,Billing,Billing,0,2026-06-30 02:27
SR510787,Repairs,Repairs,0,2026-06-29 20:04
SR510788,Billing,Billing,0,2026-06-29 15:06
SR510789,Installs & Demo,Installs & Demo,1,2026-06-30 07:25
SR510790,Repairs,Warranty Claims,2,2026-07-01 05:07
SR510791,Filters & Consumables,Filters & Consumables,0,2026-06-29 18:47
SR510792,Product Advice,Product Advice,0,2026-06-30 19:25
SR510793,Returns & Replacement,Returns & Replacement,0,2026-06-30 00:42
SR510794,Billing,Billing,0,2026-06-29 22:14
SR510795,Billing,Billing,0,2026-06-29 23:59
SR510796,Product Advice,Product Advice,0,2026-06-30 14:51
SR510797,Installs & Demo,Installs & Demo,0,2026-06-30 03:21
SR510798,Installs & Demo,Installs & Demo,0,2026-06-29 23:09
SR510799,Product Advice,Product Advice,0,2026-06-30 01:18
SR510800,Filters & Consumables,Filters & Consumables,0,2026-06-30 01:52
SR510801,Repairs,Filters & Consumables,1,2026-06-30 03:57
SR510802,Billing,Repairs,2,2026-07-01 11:34
SR510803,Returns & Replacement,Returns & Replacement,0,2026-07-01 01:43
SR510804,Returns & Replacement,Returns & Replacement,0,2026-06-30 06:02
SR510805,Filters & Consumables,Filters & Consumables,0,2026-06-30 11:59
SR510806,Repairs,Repairs,0,2026-06-30 11:37
SR510807,Repairs,Repairs,0,2026-06-30 18:00
SR510808,Warranty Claims,Warranty Claims,0,2026-06-30 16:33
SR510809,Installs & Demo,Installs & Demo,0,2026-07-01 18:14
SR510810,Repairs,Product Advice,2,2026-06-30 19:30
SR510811,Returns & Replacement,Returns & Replacement,0,2026-06-30 20:54
SR510812,Billing,Billing,0,2026-07-01 10:54
SR510813,Repairs,Repairs,0,2026-07-01 00:25
SR510814,Repairs,Repairs,0,2026-07-01 16:21
SR510815,Returns & Replacement,Returns & Replacement,0,2026-06-30 19:38
SR510816,Filters & Consumables,Product Advice,2,2026-07-01 02:03
SR510817,Returns & Replacement,Returns & Replacement,0,2026-06-30 23:41
SR510818,Repairs,Warranty Claims,1,2026-07-02 08:31
SR510819,Returns & Replacement,Returns & Replacement,0,2026-07-01 19:09
SR510820,Billing,Installs & Demo,2,2026-07-02 13:57
SR510821,Returns & Replacement,Returns & Replacement,1,2026-07-01 04:53
